Transaction_ID,Date,Time,Sender_Bank,Receiver_Bank,UPI_App,Transaction_Type,Amount_INR,Status,Failure_Reason,City,Device_Type,Response_Time_ms,Is_Weekend
UPI100000001,2025-04-13,04:23:15,Union Bank,Canara Bank,Amazon Pay,Merchant Payment,264.44,Failed,Duplicate Transaction,Ahmedabad,iOS,374,True
UPI100000002,2025-12-26,04:27:03,ICICI,Kotak Mahindra,Amazon Pay,P2M,1930.19,Reversed,Bank Server Down,Kolkata,Android,818,False
UPI100000003,2025-11-10,07:58:13,IDBI Bank,Yes Bank,Google Pay,Bill Payment,1429.56,Failed,Account Blocked/Frozen,Kolkata,iOS,261,False
UPI100000004,2025-06-24,09:56:13,ICICI,IDBI Bank,CRED,Recharge,1356.26,Failed,Incorrect UPI PIN,Pune,Android,528,False
UPI100000005,2025-10-01,02:57:07,Yes Bank,IDBI Bank,WhatsApp Pay,P2M,740.22,Failed,Bank Server Down,Delhi,iOS,514,False
UPI100000006,2025-09-21,22:14:37,SBI,Axis Bank,PhonePe,Recharge,570.32,Success,NA,Lucknow,iOS,213,True
UPI100000007,2025-07-10,20:06:49,IDBI Bank,HDFC,PhonePe,Fund Transfer,3928.95,Success,NA,Hyderabad,iOS,224,False
UPI100000008,2025-07-09,15:26:31,Punjab National Bank,HDFC,CRED,Merchant Payment,1335.56,Reversed,Duplicate Transaction,Jaipur,Android,1346,False
UPI100000009,2025-03-06,13:36:24,Bank of Baroda,Yes Bank,Mobikwik,P2P,342.31,Failed,Duplicate Transaction,Chandigarh,Android,1044,False
UPI100000010,2025-10-16,03:31:06,Punjab National Bank,IndusInd Bank,CRED,P2M,194.73,Pending,NA,Hyderabad,iOS,371,False
UPI100000011,2025-02-17,09:47:02,Canara Bank,Punjab National Bank,Paytm,Recharge,1532.33,Pending,NA,Amritsar,Android,151,False
UPI100000012,2025-05-11,14:43:12,Punjab National Bank,IndusInd Bank,CRED,Fund Transfer,1031.22,Success,NA,Lucknow,iOS,512,True
UPI100000013,2025-06-28,13:53:35,Bank of Baroda,SBI,BHIM,Merchant Payment,1075.66,Pending,NA,Pune,Android,472,True
UPI100000014,2025-06-20,09:23:47,Bank of Baroda,Union Bank,Paytm,Fund Transfer,3196.25,Success,NA,Jalandhar,Android,139,False
UPI100000015,2025-10-11,19:12:43,Axis Bank,Union Bank,Mobikwik,P2M,205.31,Success,NA,Jalandhar,Android,304,True
UPI100000016,2025-10-10,17:02:53,Yes Bank,Axis Bank,Amazon Pay,P2P,555.29,Failed,Duplicate Transaction,Jaipur,iOS,250,False
UPI100000017,2025-11-03,03:45:45,IDBI Bank,Canara Bank,CRED,Bill Payment,595.58,Success,NA,Jaipur,iOS,411,False
UPI100000018,2025-02-21,23:06:51,Bank of Baroda,HDFC,Paytm,P2P,250.41,Reversed,NPCI Switch Error,Amritsar,iOS,608,False
UPI100000019,2025-02-23,00:14:14,Punjab National Bank,SBI,Google Pay,Bill Payment,1722.46,Success,NA,Lucknow,iOS,693,True
UPI100000020,2025-09-04,19:34:27,Bank of Baroda,Union Bank,Mobikwik,Bill Payment,425.92,Success,NA,Mumbai,iOS,3329,False
UPI100000021,2025-08-28,06:17:51,SBI,Yes Bank,BHIM,Bill Payment,319.65,Failed,Network Timeout,Kolkata,Android,249,False
UPI100000022,2025-12-12,09:39:14,ICICI,Axis Bank,Mobikwik,Recharge,4243.26,Success,NA,Pune,iOS,1504,False
UPI100000023,2025-09-24,02:15:55,Yes Bank,Yes Bank,PhonePe,Fund Transfer,1795.03,Failed,NPCI Switch Error,Jaipur,iOS,653,False
UPI100000024,2025-01-02,08:46:56,IDBI Bank,Punjab National Bank,Amazon Pay,Bill Payment,323.69,Failed,Incorrect UPI PIN,Chandigarh,iOS,1794,False
UPI100000025,2025-04-30,16:24:00,Canara Bank,Axis Bank,Paytm,P2P,274.44,Pending,NA,Delhi,iOS,57,False
UPI100000026,2025-04-09,00:36:40,HDFC,HDFC,PhonePe,Fund Transfer,902.46,Reversed,Duplicate Transaction,Delhi,Android,594,False
UPI100000027,2025-10-31,01:06:27,Canara Bank,Canara Bank,CRED,Bill Payment,1617.72,Success,NA,Kolkata,Android,416,False
UPI100000028,2025-01-22,01:54:53,Kotak Mahindra,Kotak Mahindra,Amazon Pay,Bill Payment,3349.08,Success,NA,Ludhiana,Android,608,False
UPI100000029,2025-10-11,11:03:10,SBI,Punjab National Bank,BHIM,Merchant Payment,1047.3,Success,NA,Amritsar,iOS,205,True
UPI100000030,2025-08-08,05:09:49,Punjab National Bank,Kotak Mahindra,Paytm,Recharge,33.37,Pending,NA,Amritsar,iOS,2770,False
UPI100000031,2025-04-09,18:23:55,SBI,Axis Bank,CRED,Merchant Payment,739.44,Pending,NA,Chandigarh,iOS,423,False
UPI100000032,2025-08-11,06:24:53,IndusInd Bank,ICICI,Mobikwik,Fund Transfer,163.34,Success,NA,Bengaluru,Android,170,False
UPI100000033,2025-06-04,02:58:49,HDFC,IndusInd Bank,Google Pay,P2P,230.35,Success,NA,Pune,Android,331,False
UPI100000034,2025-01-26,14:09:53,Yes Bank,Canara Bank,Amazon Pay,Recharge,1084.14,Success,NA,Patiala,iOS,889,True
UPI100000035,2025-05-22,15:29:26,IDBI Bank,HDFC,PhonePe,Fund Transfer,606.59,Failed,Invalid VPA,Lucknow,iOS,74,False
UPI100000036,2025-06-29,19:31:53,Kotak Mahindra,Kotak Mahindra,Paytm,Recharge,603.24,Success,NA,Kolkata,iOS,2737,True
UPI100000037,2025-04-13,15:00:21,Axis Bank,ICICI,CRED,Recharge,223.63,Reversed,Bank Server Down,Jalandhar,Android,1318,True
UPI100000038,2025-11-15,22:07:14,IDBI Bank,IndusInd Bank,CRED,P2M,48.52,Reversed,NPCI Switch Error,Jaipur,iOS,470,True
UPI100000039,2025-02-27,04:41:36,HDFC,Kotak Mahindra,Mobikwik,P2P,1629.09,Failed,Beneficiary Bank Unavailable,Mumbai,iOS,1097,False
UPI100000040,2025-03-17,18:40:15,ICICI,Punjab National Bank,WhatsApp Pay,P2P,637.55,Failed,Insufficient Balance,Jalandhar,iOS,3160,False
UPI100000041,2025-07-23,12:11:59,IndusInd Bank,IndusInd Bank,Mobikwik,Merchant Payment,972.18,Failed,Daily Limit Exceeded,Pune,iOS,815,False
UPI100000042,2025-11-21,18:59:45,Axis Bank,IndusInd Bank,PhonePe,Bill Payment,1059.16,Pending,NA,Mumbai,Android,192,False
UPI100000043,2025-10-07,16:01:19,Bank of Baroda,HDFC,Google Pay,Recharge,1332.02,Reversed,Bank Server Down,Chandigarh,iOS,160,False
UPI100000044,2025-06-28,10:38:24,Canara Bank,IndusInd Bank,Paytm,Recharge,490.23,Failed,Bank Server Down,Patiala,Android,820,True
UPI100000045,2025-08-03,07:02:31,IndusInd Bank,IndusInd Bank,PhonePe,Fund Transfer,2536.8,Failed,Network Timeout,Lucknow,Android,392,True
UPI100000046,2025-03-16,00:06:52,Canara Bank,Axis Bank,Google Pay,Merchant Payment,5153.5,Success,NA,Mumbai,Android,722,True
UPI100000047,2025-08-15,23:04:02,Axis Bank,HDFC,Google Pay,Fund Transfer,1247.85,Failed,Beneficiary Bank Unavailable,Patiala,Android,1173,False
UPI100000048,2025-12-27,15:17:49,SBI,SBI,WhatsApp Pay,Recharge,2637.0,Failed,Duplicate Transaction,Chandigarh,Android,93,True
UPI100000049,2025-08-21,06:47:46,IDBI Bank,Yes Bank,CRED,Recharge,4505.46,Reversed,NPCI Switch Error,Lucknow,Android,119,False
UPI100000050,2025-03-10,03:05:30,Punjab National Bank,Axis Bank,Amazon Pay,P2P,190.65,Reversed,Bank Server Down,Pune,iOS,687,False
UPI100000051,2025-05-13,06:35:14,Bank of Baroda,Union Bank,Paytm,P2M,5203.9,Success,NA,Lucknow,iOS,1663,False
UPI100000052,2025-08-18,00:25:42,Canara Bank,IndusInd Bank,Google Pay,P2M,3347.0,Failed,Daily Limit Exceeded,Bengaluru,Android,746,False
UPI100000053,2025-11-17,23:08:05,Axis Bank,SBI,CRED,P2P,1354.32,Success,NA,Kolkata,Android,575,False
UPI100000054,2025-12-30,07:26:30,Union Bank,IndusInd Bank,PhonePe,Bill Payment,186.82,Success,NA,Patiala,iOS,555,False
UPI100000055,2025-02-27,08:25:55,IDBI Bank,Canara Bank,Amazon Pay,P2P,2055.11,Success,NA,Kolkata,iOS,458,False
UPI100000056,2025-11-08,23:00:48,Kotak Mahindra,Punjab National Bank,WhatsApp Pay,P2M,28.34,Reversed,Duplicate Transaction,Mumbai,iOS,650,True
UPI100000057,2025-07-22,21:15:39,Punjab National Bank,Axis Bank,Paytm,Bill Payment,5235.36,Success,NA,Jaipur,Android,1001,False
UPI100000058,2025-01-01,19:07:46,Bank of Baroda,Yes Bank,Paytm,Recharge,4790.43,Failed,Invalid VPA,Kolkata,iOS,824,False
UPI100000059,2025-01-08,02:35:37,IDBI Bank,Axis Bank,PhonePe,P2M,400.87,Failed,Daily Limit Exceeded,Jaipur,iOS,3477,False
UPI100000060,2025-05-25,10:34:48,SBI,Punjab National Bank,BHIM,Merchant Payment,1741.49,Failed,Incorrect UPI PIN,Patiala,iOS,2443,True
UPI100000061,2025-09-13,19:32:20,Yes Bank,HDFC,PhonePe,Fund Transfer,3025.59,Failed,Beneficiary Bank Unavailable,Hyderabad,Android,1252,True
UPI100000062,2025-05-26,02:20:15,SBI,Union Bank,Amazon Pay,P2M,729.21,Reversed,NPCI Switch Error,Amritsar,Android,102,False
UPI100000063,2025-04-15,02:25:02,SBI,Punjab National Bank,Mobikwik,Fund Transfer,1775.09,Success,NA,Mumbai,iOS,2005,False
UPI100000064,2025-01-23,06:32:04,Punjab National Bank,Punjab National Bank,PhonePe,P2M,721.86,Failed,PSP Server Error,Jalandhar,Android,2514,False
UPI100000065,2025-07-24,15:51:31,SBI,SBI,Mobikwik,P2M,675.13,Failed,NPCI Switch Error,Lucknow,iOS,567,False
UPI100000066,2025-09-16,08:54:09,IDBI Bank,SBI,WhatsApp Pay,Recharge,1244.67,Pending,NA,Jaipur,Android,165,False
UPI100000067,2025-10-30,04:14:14,Punjab National Bank,Punjab National Bank,WhatsApp Pay,P2M,2462.48,Pending,NA,Kolkata,iOS,395,False
UPI100000068,2025-04-08,20:25:53,Union Bank,ICICI,CRED,P2M,652.15,Success,NA,Hyderabad,Android,454,False
UPI100000069,2025-09-04,14:32:09,ICICI,SBI,Amazon Pay,Merchant Payment,248.62,Pending,NA,Lucknow,Android,288,False
UPI100000070,2025-03-10,20:24:37,Punjab National Bank,HDFC,Amazon Pay,Fund Transfer,1515.23,Failed,Incorrect UPI PIN,Jaipur,Android,159,False
UPI100000071,2025-04-05,01:41:30,Kotak Mahindra,Canara Bank,BHIM,Recharge,646.21,Pending,NA,Chandigarh,Android,931,True
UPI100000072,2025-03-02,03:08:34,ICICI,Punjab National Bank,Amazon Pay,P2M,499.82,Failed,Daily Limit Exceeded,Bengaluru,Android,661,True
UPI100000073,2025-01-12,05:12:57,HDFC,SBI,WhatsApp Pay,P2M,1768.69,Failed,PSP Server Error,Jaipur,iOS,118,True
UPI100000074,2025-12-16,05:21:02,SBI,IndusInd Bank,BHIM,P2P,142.46,Success,NA,Delhi,Android,665,False
UPI100000075,2025-02-25,02:25:17,IndusInd Bank,IDBI Bank,CRED,Fund Transfer,941.34,Success,NA,Jalandhar,Android,282,False
UPI100000076,2025-01-07,01:25:22,Bank of Baroda,Union Bank,CRED,Recharge,180.04,Success,NA,Chandigarh,Android,272,False
UPI100000077,2025-04-29,02:51:07,IndusInd Bank,Bank of Baroda,Google Pay,P2P,366.34,Failed,Account Blocked/Frozen,Jaipur,Android,385,False
UPI100000078,2025-01-25,02:06:01,ICICI,Yes Bank,Amazon Pay,P2M,146.4,Success,NA,Ludhiana,Android,1144,True
UPI100000079,2025-08-24,20:04:34,IndusInd Bank,Yes Bank,Amazon Pay,Fund Transfer,3458.6,Success,NA,Ahmedabad,iOS,601,True
UPI100000080,2025-08-17,07:47:04,SBI,Punjab National Bank,WhatsApp Pay,Merchant Payment,258.83,Failed,Network Timeout,Jalandhar,Android,123,True
UPI100000081,2025-12-16,03:51:58,Canara Bank,Bank of Baroda,Google Pay,Bill Payment,1125.12,Success,NA,Delhi,iOS,145,False
UPI100000082,2025-11-18,11:30:27,IDBI Bank,Union Bank,BHIM,Fund Transfer,5547.35,Success,NA,Bengaluru,Android,1425,False
UPI100000083,2025-07-13,00:14:06,Union Bank,Canara Bank,PhonePe,Bill Payment,2745.64,Failed,NPCI Switch Error,Bengaluru,iOS,493,True
UPI100000084,2025-08-13,12:39:47,SBI,IDBI Bank,CRED,P2P,1424.8,Failed,Daily Limit Exceeded,Jalandhar,Android,2200,False
UPI100000085,2025-11-29,13:09:22,SBI,Kotak Mahindra,PhonePe,P2M,1203.11,Success,NA,Ludhiana,Android,973,True
UPI100000086,2025-03-25,02:21:52,Punjab National Bank,Yes Bank,Google Pay,P2P,1368.17,Success,NA,Pune,Android,393,False
UPI100000087,2025-11-01,23:12:04,IDBI Bank,IDBI Bank,PhonePe,Fund Transfer,4063.21,Reversed,Bank Server Down,Kolkata,Android,105,True
UPI100000088,2025-10-23,10:02:39,Kotak Mahindra,IDBI Bank,Mobikwik,Merchant Payment,235.84,Success,NA,Jalandhar,iOS,192,False
UPI100000089,2025-08-01,04:18:44,Punjab National Bank,ICICI,Paytm,Fund Transfer,1120.56,Success,NA,Patiala,iOS,448,False
UPI100000090,2025-10-23,16:26:47,Bank of Baroda,Canara Bank,WhatsApp Pay,Bill Payment,1477.65,Success,NA,Amritsar,Android,401,False
UPI100000091,2025-11-05,10:07:35,Canara Bank,ICICI,CRED,Bill Payment,857.21,Failed,Incorrect UPI PIN,Hyderabad,iOS,169,False
UPI100000092,2025-01-15,19:48:44,SBI,Axis Bank,WhatsApp Pay,Bill Payment,2340.99,Failed,Insufficient Balance,Patiala,Android,1256,False
UPI100000093,2025-10-16,18:49:39,Kotak Mahindra,HDFC,PhonePe,Merchant Payment,3150.5,Failed,Invalid VPA,Patiala,Android,430,False
UPI100000094,2025-08-04,17:53:55,Canara Bank,Canara Bank,Amazon Pay,Merchant Payment,400.59,Success,NA,Ludhiana,Android,869,False
UPI100000095,2025-08-31,21:01:23,Axis Bank,IndusInd Bank,Paytm,Bill Payment,646.27,Failed,NPCI Switch Error,Hyderabad,iOS,256,True
UPI100000096,2025-01-23,00:13:34,IndusInd Bank,Union Bank,BHIM,P2M,1333.67,Success,NA,Jaipur,Android,64,False
UPI100000097,2025-11-12,07:35:06,IDBI Bank,IDBI Bank,BHIM,Recharge,2351.58,Failed,NPCI Switch Error,Amritsar,iOS,425,False
UPI100000098,2025-02-20,12:18:47,Yes Bank,Kotak Mahindra,Paytm,P2P,190.27,Reversed,Bank Server Down,Delhi,iOS,1503,False
UPI100000099,2025-01-01,14:46:13,Bank of Baroda,ICICI,Mobikwik,Merchant Payment,725.37,Success,NA,Lucknow,iOS,1290,False
UPI100000100,2025-06-03,03:40:24,ICICI,Axis Bank,Google Pay,P2M,3795.89,Failed,Bank Server Down,Ahmedabad,iOS,2055,False
UPI100000101,2025-05-08,11:38:34,IDBI Bank,Union Bank,Paytm,Fund Transfer,301.08,Success,NA,Bengaluru,Android,2020,False
UPI100000102,2025-06-26,10:19:08,Union Bank,Kotak Mahindra,PhonePe,Recharge,368.68,Success,NA,Amritsar,iOS,541,False
UPI100000103,2025-05-28,14:40:53,Kotak Mahindra,IDBI Bank,CRED,Merchant Payment,315.86,Failed,Beneficiary Bank Unavailable,Chandigarh,Android,1336,False
UPI100000104,2025-11-14,00:34:39,SBI,Canara Bank,Paytm,P2M,532.3,Success,NA,Ludhiana,iOS,661,False
UPI100000105,2025-04-23,07:25:37,Kotak Mahindra,ICICI,CRED,Recharge,311.21,Pending,NA,Pune,Android,423,False
UPI100000106,2025-06-11,14:36:43,SBI,Bank of Baroda,CRED,Recharge,2756.89,Pending,NA,Hyderabad,Android,691,False
UPI100000107,2025-11-19,08:31:18,Union Bank,Canara Bank,WhatsApp Pay,P2P,2423.53,Failed,Insufficient Balance,Kolkata,Android,1070,False
UPI100000108,2025-10-18,09:41:51,Canara Bank,Canara Bank,WhatsApp Pay,Bill Payment,4941.11,Reversed,Bank Server Down,Mumbai,iOS,327,True
UPI100000109,2025-01-07,01:13:45,Bank of Baroda,SBI,CRED,Merchant Payment,50.34,Failed,Network Timeout,Patiala,iOS,1023,False
UPI100000110,2025-10-30,06:27:16,Axis Bank,Union Bank,PhonePe,P2M,686.62,Failed,Network Timeout,Mumbai,Android,471,False
UPI100000111,2025-08-10,17:21:56,IDBI Bank,ICICI,BHIM,P2M,2173.38,Failed,NPCI Switch Error,Jalandhar,iOS,3429,True
UPI100000112,2025-08-03,23:55:43,SBI,HDFC,Paytm,P2P,479.35,Success,NA,Patiala,Android,288,True
UPI100000113,2025-09-03,04:54:45,Union Bank,Axis Bank,PhonePe,P2M,3472.49,Success,NA,Mumbai,Android,1433,False
UPI100000114,2025-05-08,17:01:08,IndusInd Bank,Axis Bank,Google Pay,Fund Transfer,114.31,Success,NA,Bengaluru,iOS,1068,False
UPI100000115,2025-04-27,11:20:09,Kotak Mahindra,Punjab National Bank,Paytm,P2P,474.89,Success,NA,Ludhiana,iOS,852,True
UPI100000116,2025-11-05,20:36:22,IndusInd Bank,SBI,PhonePe,Merchant Payment,734.67,Success,NA,Ludhiana,iOS,2598,False
UPI100000117,2025-07-12,05:20:50,Punjab National Bank,Axis Bank,Paytm,P2M,116.04,Success,NA,Ahmedabad,iOS,2026,True
UPI100000118,2025-07-06,03:04:06,Canara Bank,ICICI,WhatsApp Pay,P2M,767.89,Reversed,Bank Server Down,Mumbai,iOS,243,True
UPI100000119,2025-02-05,20:41:18,Axis Bank,ICICI,Paytm,Recharge,89.19,Success,NA,Patiala,Android,375,False
UPI100000120,2025-06-03,00:25:24,Yes Bank,Yes Bank,Mobikwik,P2P,808.57,Success,NA,Hyderabad,iOS,542,False
UPI100000121,2025-10-18,12:33:06,HDFC,Punjab National Bank,BHIM,Recharge,5159.0,Failed,Account Blocked/Frozen,Chandigarh,Android,126,True
UPI100000122,2025-11-01,09:56:12,SBI,IndusInd Bank,Google Pay,P2P,317.1,Success,NA,Hyderabad,Android,1104,True
UPI100000123,2025-05-29,03:09:04,Bank of Baroda,Punjab National Bank,WhatsApp Pay,Fund Transfer,5921.93,Pending,NA,Kolkata,Android,995,False
UPI100000124,2025-01-26,07:45:35,IndusInd Bank,Bank of Baroda,Google Pay,P2M,1268.8,Pending,NA,Jalandhar,Android,1006,True
UPI100000125,2025-05-17,03:05:22,Canara Bank,HDFC,Paytm,Merchant Payment,974.29,Pending,NA,Pune,Android,357,True
UPI100000126,2025-04-13,20:48:30,Canara Bank,ICICI,BHIM,Recharge,993.96,Pending,NA,Ahmedabad,iOS,515,True
UPI100000127,2025-12-30,11:23:18,Canara Bank,SBI,BHIM,Merchant Payment,1635.53,Success,NA,Amritsar,iOS,495,False
UPI100000128,2025-04-18,22:26:05,HDFC,Bank of Baroda,Paytm,P2M,6969.85,Failed,Bank Server Down,Chandigarh,Android,4995,False
UPI100000129,2025-01-29,08:13:49,SBI,Punjab National Bank,BHIM,P2P,1313.96,Failed,PSP Server Error,Lucknow,iOS,482,False
UPI100000130,2025-12-25,03:31:16,SBI,SBI,Paytm,Merchant Payment,666.88,Failed,Network Timeout,Ludhiana,iOS,761,False
UPI100000131,2025-07-12,09:50:00,SBI,Yes Bank,Mobikwik,Recharge,379.34,Reversed,Duplicate Transaction,Mumbai,Android,760,True
UPI100000132,2025-10-22,15:43:58,Canara Bank,Union Bank,WhatsApp Pay,Merchant Payment,6800.22,Success,NA,Delhi,Android,460,False
UPI100000133,2025-12-15,22:37:50,Kotak Mahindra,Punjab National Bank,Paytm,Merchant Payment,202.33,Failed,PSP Server Error,Lucknow,Android,215,False
UPI100000134,2025-09-16,03:56:39,Kotak Mahindra,Punjab National Bank,Amazon Pay,Fund Transfer,5225.63,Pending,NA,Chandigarh,iOS,4274,False
UPI100000135,2025-03-02,11:54:34,IndusInd Bank,ICICI,PhonePe,P2M,1796.19,Failed,Incorrect UPI PIN,Bengaluru,Android,252,True
UPI100000136,2025-03-30,16:35:20,Axis Bank,Punjab National Bank,PhonePe,Bill Payment,3158.99,Failed,Account Blocked/Frozen,Patiala,Android,86,True
UPI100000137,2025-08-14,07:12:11,IndusInd Bank,Yes Bank,CRED,P2P,1210.62,Failed,Transaction Timeout,Kolkata,Android,54,False
UPI100000138,2025-09-08,01:06:12,IndusInd Bank,HDFC,WhatsApp Pay,Merchant Payment,383.04,Success,NA,Mumbai,Android,1574,False
UPI100000139,2025-02-09,02:38:36,ICICI,IndusInd Bank,Paytm,P2M,1187.17,Pending,NA,Amritsar,iOS,639,True
UPI100000140,2025-12-02,05:27:03,IDBI Bank,SBI,Paytm,Bill Payment,272.24,Failed,PSP Server Error,Mumbai,iOS,139,False
UPI100000141,2025-06-04,00:41:09,IDBI Bank,Bank of Baroda,Amazon Pay,Bill Payment,4888.47,Success,NA,Pune,iOS,160,False
UPI100000142,2025-12-29,21:27:16,Bank of Baroda,HDFC,BHIM,P2M,2686.89,Success,NA,Pune,iOS,320,False
UPI100000143,2025-02-15,20:56:58,SBI,Yes Bank,Google Pay,P2M,1517.71,Success,NA,Chandigarh,iOS,140,True
UPI100000144,2025-03-15,11:43:27,HDFC,IDBI Bank,BHIM,Fund Transfer,2111.8,Success,NA,Delhi,iOS,1228,True
UPI100000145,2025-11-20,13:56:32,IDBI Bank,Kotak Mahindra,Google Pay,P2M,972.47,Failed,Transaction Timeout,Ahmedabad,iOS,1691,False
UPI100000146,2025-07-11,06:54:20,IDBI Bank,Axis Bank,Paytm,Bill Payment,1363.57,Success,NA,Patiala,Android,1428,False
UPI100000147,2025-03-20,07:31:22,IndusInd Bank,Bank of Baroda,PhonePe,P2M,489.54,Reversed,Duplicate Transaction,Chandigarh,Android,1590,False
UPI100000148,2025-09-28,11:37:26,Union Bank,Axis Bank,Mobikwik,P2M,2233.04,Failed,Duplicate Transaction,Ahmedabad,Android,2460,True
UPI100000149,2025-08-24,09:22:36,Punjab National Bank,Punjab National Bank,Paytm,Recharge,770.24,Failed,Incorrect UPI PIN,Ahmedabad,Android,359,True
UPI100000150,2025-01-15,21:22:41,ICICI,SBI,Google Pay,Recharge,1250.88,Success,NA,Ahmedabad,iOS,188,False
UPI100000151,2025-05-25,10:07:24,Punjab National Bank,Canara Bank,CRED,Bill Payment,2804.4,Success,NA,Chandigarh,Android,162,True
UPI100000152,2025-06-30,01:34:15,IDBI Bank,IndusInd Bank,Paytm,Recharge,2398.41,Success,NA,Jalandhar,Android,156,False
UPI100000153,2025-08-24,14:10:27,Axis Bank,Yes Bank,WhatsApp Pay,P2P,273.0,Success,NA,Mumbai,Android,763,True
UPI100000154,2025-03-13,08:15:59,SBI,Canara Bank,Amazon Pay,P2M,1721.29,Success,NA,Bengaluru,iOS,905,False
UPI100000155,2025-08-05,17:51:28,IDBI Bank,Kotak Mahindra,Google Pay,Bill Payment,992.35,Failed,Insufficient Balance,Kolkata,Android,726,False
UPI100000156,2025-03-21,13:33:07,SBI,IndusInd Bank,Mobikwik,P2M,602.81,Success,NA,Amritsar,Android,395,False
UPI100000157,2025-03-18,15:49:45,Kotak Mahindra,Bank of Baroda,PhonePe,Fund Transfer,1267.4,Success,NA,Ludhiana,Android,228,False
UPI100000158,2025-11-01,14:10:47,Union Bank,ICICI,Paytm,Fund Transfer,1364.98,Success,NA,Jaipur,iOS,2239,True
UPI100000159,2025-11-24,07:18:09,IDBI Bank,Axis Bank,WhatsApp Pay,Bill Payment,1003.63,Success,NA,Delhi,iOS,1409,False
UPI100000160,2025-01-03,15:40:46,Yes Bank,IDBI Bank,PhonePe,Fund Transfer,137.73,Failed,Beneficiary Bank Unavailable,Kolkata,Android,572,False
UPI100000161,2025-08-31,07:25:45,ICICI,Bank of Baroda,WhatsApp Pay,Recharge,2055.5,Pending,NA,Mumbai,Android,85,True
UPI100000162,2025-10-27,05:34:09,Kotak Mahindra,HDFC,Paytm,Fund Transfer,615.91,Success,NA,Ahmedabad,Android,118,False
UPI100000163,2025-08-31,12:38:20,Kotak Mahindra,SBI,CRED,Recharge,297.09,Reversed,Bank Server Down,Patiala,iOS,493,True
UPI100000164,2025-01-04,07:12:43,Axis Bank,IDBI Bank,Mobikwik,P2M,3036.46,Success,NA,Delhi,iOS,1083,True
UPI100000165,2025-08-16,12:06:25,HDFC,Axis Bank,WhatsApp Pay,P2M,7277.68,Failed,Account Blocked/Frozen,Chandigarh,Android,551,True
UPI100000166,2025-01-21,23:34:38,SBI,ICICI,PhonePe,Recharge,3605.88,Failed,Account Blocked/Frozen,Jalandhar,iOS,624,False
UPI100000167,2025-10-20,17:52:04,Kotak Mahindra,Yes Bank,WhatsApp Pay,Fund Transfer,3079.01,Success,NA,Hyderabad,Android,406,False
UPI100000168,2025-05-10,19:15:50,Kotak Mahindra,SBI,Paytm,P2P,5240.74,Failed,Daily Limit Exceeded,Mumbai,Android,760,True
UPI100000169,2025-06-13,03:29:48,Bank of Baroda,Union Bank,PhonePe,Bill Payment,885.16,Failed,NPCI Switch Error,Kolkata,iOS,176,False
UPI100000170,2025-05-13,22:05:30,IDBI Bank,SBI,Google Pay,Fund Transfer,285.2,Failed,Daily Limit Exceeded,Mumbai,iOS,564,False
UPI100000171,2025-04-30,07:15:55,Canara Bank,IDBI Bank,CRED,Fund Transfer,355.71,Failed,Bank Server Down,Jalandhar,iOS,154,False
UPI100000172,2025-10-20,00:04:41,SBI,Bank of Baroda,Paytm,Fund Transfer,307.7,Failed,Insufficient Balance,Amritsar,Android,83,False
UPI100000173,2025-10-03,09:44:17,Canara Bank,Union Bank,Paytm,Fund Transfer,4558.96,Success,NA,Jaipur,Android,535,False
UPI100000174,2025-06-27,02:31:50,IDBI Bank,Kotak Mahindra,BHIM,Fund Transfer,562.1,Success,NA,Lucknow,iOS,945,False
UPI100000175,2025-12-07,06:26:36,Kotak Mahindra,Punjab National Bank,CRED,Fund Transfer,452.17,Success,NA,Pune,iOS,425,True
UPI100000176,2025-04-24,07:57:05,SBI,IndusInd Bank,Mobikwik,P2P,56.29,Reversed,Bank Server Down,Delhi,Android,784,False
UPI100000177,2025-10-14,13:04:15,Punjab National Bank,Punjab National Bank,Google Pay,P2M,652.89,Failed,Invalid VPA,Jaipur,Android,467,False
UPI100000178,2025-06-25,20:07:40,Yes Bank,Punjab National Bank,Amazon Pay,P2P,183.3,Success,NA,Bengaluru,iOS,2129,False
UPI100000179,2025-01-19,18:02:45,HDFC,HDFC,Amazon Pay,P2P,582.32,Pending,NA,Amritsar,iOS,331,True
UPI100000180,2025-03-30,14:25:24,SBI,IDBI Bank,PhonePe,Merchant Payment,728.07,Success,NA,Amritsar,Android,681,True
UPI100000181,2025-10-18,06:14:03,Kotak Mahindra,IndusInd Bank,Paytm,Bill Payment,286.69,Success,NA,Ludhiana,iOS,605,True
UPI100000182,2025-03-26,01:47:51,HDFC,Kotak Mahindra,BHIM,Merchant Payment,2531.13,Failed,Daily Limit Exceeded,Ludhiana,iOS,744,False
UPI100000183,2025-10-27,13:00:19,Union Bank,Bank of Baroda,WhatsApp Pay,Fund Transfer,1909.43,Reversed,Duplicate Transaction,Mumbai,Android,500,False
UPI100000184,2025-12-02,16:26:22,Punjab National Bank,IDBI Bank,CRED,P2P,1604.98,Success,NA,Delhi,Android,571,False
UPI100000185,2025-10-02,13:01:21,Axis Bank,Punjab National Bank,BHIM,Fund Transfer,560.72,Success,NA,Chandigarh,iOS,348,False
UPI100000186,2025-06-07,03:24:49,SBI,Axis Bank,PhonePe,P2P,1118.73,Failed,Account Blocked/Frozen,Lucknow,Android,645,True
UPI100000187,2025-03-12,05:12:23,SBI,IndusInd Bank,Amazon Pay,P2M,3757.03,Success,NA,Bengaluru,Android,1403,False
UPI100000188,2025-06-21,19:43:51,IndusInd Bank,Union Bank,Amazon Pay,Fund Transfer,2575.45,Pending,NA,Jaipur,iOS,240,True
UPI100000189,2025-01-10,21:09:13,Yes Bank,IndusInd Bank,Mobikwik,P2P,415.49,Success,NA,Ludhiana,iOS,1433,False
UPI100000190,2025-03-01,08:51:50,IndusInd Bank,Yes Bank,PhonePe,Bill Payment,1476.69,Success,NA,Ludhiana,Android,197,True
UPI100000191,2025-04-18,04:53:53,SBI,Bank of Baroda,Amazon Pay,P2P,304.84,Failed,Incorrect UPI PIN,Kolkata,Android,682,False
UPI100000192,2025-05-18,20:44:56,Yes Bank,Yes Bank,PhonePe,Bill Payment,1373.4,Success,NA,Lucknow,iOS,522,True
UPI100000193,2025-08-29,15:29:14,Bank of Baroda,Canara Bank,BHIM,Fund Transfer,174.91,Success,NA,Lucknow,iOS,306,False
UPI100000194,2025-02-05,20:22:59,ICICI,Yes Bank,Mobikwik,P2P,395.55,Success,NA,Delhi,Android,635,False
UPI100000195,2025-05-10,19:36:27,Punjab National Bank,IDBI Bank,Paytm,Merchant Payment,484.43,Success,NA,Chandigarh,iOS,259,True
UPI100000196,2025-02-27,20:34:29,Kotak Mahindra,HDFC,CRED,Recharge,1636.35,Success,NA,Ludhiana,Android,550,False
UPI100000197,2025-09-21,00:11:01,IDBI Bank,IndusInd Bank,BHIM,Merchant Payment,299.11,Success,NA,Jaipur,Android,663,True
UPI100000198,2025-06-07,19:03:39,SBI,IDBI Bank,Mobikwik,Recharge,976.21,Success,NA,Pune,iOS,2974,True
UPI100000199,2025-04-28,17:25:11,IDBI Bank,SBI,Google Pay,Fund Transfer,1113.95,Success,NA,Ludhiana,iOS,1176,False
UPI100000200,2025-06-10,21:15:59,IDBI Bank,Kotak Mahindra,BHIM,P2M,107.78,Failed,Beneficiary Bank Unavailable,Ludhiana,Android,407,False
UPI100000201,2025-12-07,09:53:05,Union Bank,Yes Bank,Google Pay,P2P,556.9,Success,NA,Pune,iOS,784,True
UPI100000202,2025-11-07,23:09:22,Kotak Mahindra,Union Bank,CRED,Fund Transfer,1264.06,Success,NA,Kolkata,Android,454,False
UPI100000203,2025-06-15,06:59:29,ICICI,Canara Bank,PhonePe,Fund Transfer,1927.09,Failed,Beneficiary Bank Unavailable,Delhi,iOS,117,True
UPI100000204,2025-06-12,01:52:01,Union Bank,HDFC,Paytm,P2M,4741.14,Success,NA,Lucknow,Android,734,False
UPI100000205,2025-09-10,17:51:49,SBI,Axis Bank,CRED,Fund Transfer,234.84,Pending,NA,Jalandhar,Android,355,False
UPI100000206,2025-01-25,19:48:28,Punjab National Bank,HDFC,Mobikwik,Merchant Payment,49.23,Failed,Network Timeout,Patiala,iOS,1249,True
UPI100000207,2025-05-08,03:17:51,IDBI Bank,Axis Bank,PhonePe,Merchant Payment,177.51,Success,NA,Patiala,Android,823,False
UPI100000208,2025-03-01,20:02:26,ICICI,Punjab National Bank,Paytm,P2M,933.72,Failed,Duplicate Transaction,Ludhiana,Android,823,True
UPI100000209,2025-03-24,12:28:56,ICICI,Punjab National Bank,Google Pay,Recharge,552.05,Failed,Account Blocked/Frozen,Amritsar,iOS,852,False
UPI100000210,2025-02-09,06:28:32,Punjab National Bank,Bank of Baroda,BHIM,Recharge,296.29,Success,NA,Bengaluru,Android,1080,True
UPI100000211,2025-04-26,15:50:22,ICICI,Bank of Baroda,Paytm,Recharge,995.61,Failed,Invalid VPA,Mumbai,iOS,278,True
UPI100000212,2025-03-03,01:49:08,Kotak Mahindra,Kotak Mahindra,CRED,Merchant Payment,2152.49,Failed,Beneficiary Bank Unavailable,Mumbai,Android,362,False
UPI100000213,2025-08-30,15:42:12,Punjab National Bank,HDFC,Amazon Pay,Merchant Payment,75.35,Success,NA,Amritsar,iOS,880,True
UPI100000214,2025-11-04,08:08:20,IndusInd Bank,Axis Bank,PhonePe,Recharge,428.54,Success,NA,Chandigarh,Android,811,False
UPI100000215,2025-02-11,15:21:56,IndusInd Bank,SBI,Google Pay,P2P,1622.46,Reversed,Bank Server Down,Kolkata,iOS,285,False
UPI100000216,2025-01-10,05:38:01,IDBI Bank,Canara Bank,Amazon Pay,Recharge,1530.86,Success,NA,Ahmedabad,iOS,859,False
UPI100000217,2025-03-20,20:26:56,IDBI Bank,Bank of Baroda,Mobikwik,Merchant Payment,254.08,Success,NA,Amritsar,Android,962,False
UPI100000218,2025-11-29,16:55:20,Bank of Baroda,Union Bank,Google Pay,Merchant Payment,2440.22,Failed,Insufficient Balance,Mumbai,iOS,1120,True
UPI100000219,2025-11-10,02:49:02,Axis Bank,Union Bank,BHIM,Bill Payment,1634.27,Failed,Duplicate Transaction,Lucknow,Android,688,False
UPI100000220,2025-12-18,21:11:35,IndusInd Bank,Kotak Mahindra,CRED,Recharge,3447.48,Success,NA,Hyderabad,Android,3033,False
UPI100000221,2025-02-18,14:09:39,Axis Bank,Yes Bank,Google Pay,P2P,1143.5,Failed,Bank Server Down,Lucknow,Android,157,False
UPI100000222,2025-12-13,04:45:53,Kotak Mahindra,Punjab National Bank,Mobikwik,Recharge,265.54,Failed,Insufficient Balance,Hyderabad,iOS,253,True
UPI100000223,2025-06-02,19:28:39,Union Bank,IDBI Bank,PhonePe,P2P,278.12,Failed,Network Timeout,Mumbai,iOS,225,False
UPI100000224,2025-06-23,23:21:20,Canara Bank,Punjab National Bank,Paytm,P2M,2548.8,Pending,NA,Amritsar,iOS,2059,False
UPI100000225,2025-01-18,07:47:24,Punjab National Bank,Canara Bank,WhatsApp Pay,Fund Transfer,2257.16,Success,NA,Ahmedabad,iOS,680,True
UPI100000226,2025-08-23,16:18:32,Kotak Mahindra,IDBI Bank,Amazon Pay,Merchant Payment,280.15,Failed,Network Timeout,Ahmedabad,iOS,242,True
UPI100000227,2025-03-29,08:15:39,Kotak Mahindra,Union Bank,Amazon Pay,Merchant Payment,2050.49,Success,NA,Bengaluru,Android,181,True
UPI100000228,2025-01-30,01:38:46,IDBI Bank,Yes Bank,Mobikwik,Merchant Payment,271.66,Success,NA,Hyderabad,Android,1132,False
UPI100000229,2025-01-03,22:52:48,Axis Bank,Canara Bank,Paytm,P2M,1617.49,Failed,Daily Limit Exceeded,Jalandhar,Android,813,False
UPI100000230,2025-03-07,08:47:36,Yes Bank,Axis Bank,BHIM,Fund Transfer,2836.28,Success,NA,Kolkata,Android,58,False
UPI100000231,2025-05-01,05:31:13,Punjab National Bank,Yes Bank,BHIM,Bill Payment,2127.51,Success,NA,Bengaluru,iOS,607,False
UPI100000232,2025-07-05,02:39:56,Axis Bank,Axis Bank,PhonePe,Fund Transfer,1358.58,Success,NA,Mumbai,iOS,1001,True
UPI100000233,2025-07-21,17:53:49,Axis Bank,IDBI Bank,Google Pay,Merchant Payment,156.4,Success,NA,Delhi,Android,872,False
UPI100000234,2025-08-04,13:34:28,IndusInd Bank,Bank of Baroda,BHIM,Recharge,91.37,Success,NA,Jalandhar,iOS,787,False
UPI100000235,2025-07-07,07:58:51,ICICI,SBI,CRED,Fund Transfer,252.01,Success,NA,Kolkata,iOS,3262,False
UPI100000236,2025-04-27,12:12:14,Axis Bank,ICICI,Mobikwik,Merchant Payment,249.29,Failed,Beneficiary Bank Unavailable,Amritsar,iOS,421,True
UPI100000237,2025-04-23,23:32:10,IDBI Bank,Union Bank,CRED,Bill Payment,1994.22,Failed,Insufficient Balance,Amritsar,iOS,858,False
UPI100000238,2025-08-28,23:18:50,Kotak Mahindra,IDBI Bank,Paytm,P2P,4513.01,Failed,Network Timeout,Patiala,iOS,375,False
UPI100000239,2025-04-17,01:46:37,Kotak Mahindra,Kotak Mahindra,Google Pay,Bill Payment,542.28,Reversed,Bank Server Down,Chandigarh,iOS,254,False
UPI100000240,2025-03-10,17:26:52,Punjab National Bank,Axis Bank,Google Pay,Merchant Payment,929.25,Success,NA,Bengaluru,iOS,117,False
UPI100000241,2025-08-19,15:43:34,HDFC,ICICI,Google Pay,P2P,20.58,Failed,Account Blocked/Frozen,Kolkata,iOS,457,False
UPI100000242,2025-03-25,03:52:55,Yes Bank,Axis Bank,Amazon Pay,Fund Transfer,508.49,Failed,Invalid VPA,Kolkata,Android,276,False
UPI100000243,2025-08-08,20:33:17,Canara Bank,IndusInd Bank,Mobikwik,Fund Transfer,850.25,Success,NA,Bengaluru,iOS,186,False
UPI100000244,2025-08-16,16:24:23,Union Bank,Axis Bank,PhonePe,P2M,1248.28,Failed,Bank Server Down,Amritsar,Android,391,True
UPI100000245,2025-05-07,03:58:09,Canara Bank,Union Bank,BHIM,Merchant Payment,90.51,Success,NA,Jalandhar,Android,595,False
UPI100000246,2025-01-21,07:50:28,ICICI,Bank of Baroda,PhonePe,Merchant Payment,1259.75,Success,NA,Jaipur,Android,800,False
UPI100000247,2025-06-10,02:02:25,Punjab National Bank,Axis Bank,CRED,P2M,149.56,Success,NA,Amritsar,Android,3200,False
UPI100000248,2025-03-02,02:05:21,IDBI Bank,IndusInd Bank,Paytm,P2P,2363.16,Success,NA,Ludhiana,iOS,255,True
UPI100000249,2025-04-08,19:13:04,IndusInd Bank,Punjab National Bank,Amazon Pay,P2M,1646.81,Failed,NPCI Switch Error,Ludhiana,iOS,474,False
UPI100000250,2025-05-05,19:14:46,Kotak Mahindra,IDBI Bank,Mobikwik,Fund Transfer,2472.97,Success,NA,Chandigarh,Android,600,False
UPI100000251,2025-02-01,17:44:38,Punjab National Bank,Axis Bank,PhonePe,Recharge,2130.51,Success,NA,Hyderabad,iOS,1731,True
UPI100000252,2025-08-02,04:08:59,Union Bank,Yes Bank,Mobikwik,P2M,2093.82,Success,NA,Ludhiana,Android,129,True
UPI100000253,2025-02-13,06:34:08,IndusInd Bank,Axis Bank,Paytm,Fund Transfer,707.66,Success,NA,Ahmedabad,iOS,128,False
UPI100000254,2025-07-16,00:42:31,IDBI Bank,IndusInd Bank,Mobikwik,Recharge,2371.5,Success,NA,Mumbai,iOS,1329,False
UPI100000255,2025-02-16,11:20:46,Canara Bank,HDFC,PhonePe,Recharge,1795.59,Success,NA,Pune,iOS,1606,True
UPI100000256,2025-09-16,00:04:42,HDFC,Union Bank,Mobikwik,Fund Transfer,237.48,Failed,Transaction Timeout,Mumbai,iOS,899,False
UPI100000257,2025-04-17,18:50:43,Kotak Mahindra,Kotak Mahindra,Paytm,P2P,2451.43,Success,NA,Amritsar,Android,581,False
UPI100000258,2025-01-21,15:41:21,Axis Bank,IDBI Bank,WhatsApp Pay,P2M,846.59,Failed,Duplicate Transaction,Mumbai,Android,128,False
UPI100000259,2025-07-15,06:43:37,Punjab National Bank,ICICI,Amazon Pay,Recharge,2939.76,Success,NA,Ludhiana,iOS,1040,False
UPI100000260,2025-12-30,07:21:15,Yes Bank,Punjab National Bank,Mobikwik,P2M,2576.0,Pending,NA,Jalandhar,iOS,274,False
UPI100000261,2025-06-05,23:49:11,IndusInd Bank,SBI,Amazon Pay,Bill Payment,239.68,Failed,Bank Server Down,Lucknow,Android,892,False
UPI100000262,2025-06-25,11:37:35,Kotak Mahindra,SBI,Amazon Pay,Recharge,965.96,Reversed,NPCI Switch Error,Amritsar,iOS,1125,False
UPI100000263,2025-03-07,10:22:26,Canara Bank,Canara Bank,BHIM,Fund Transfer,2914.18,Failed,Transaction Timeout,Pune,Android,114,False
UPI100000264,2025-03-08,17:34:38,Kotak Mahindra,Punjab National Bank,Paytm,P2P,553.49,Success,NA,Jalandhar,iOS,1689,True
UPI100000265,2025-02-08,14:08:59,HDFC,ICICI,Google Pay,Fund Transfer,1676.33,Success,NA,Ahmedabad,iOS,523,True
UPI100000266,2025-02-07,18:14:37,Axis Bank,Punjab National Bank,Mobikwik,Fund Transfer,728.02,Reversed,Bank Server Down,Ahmedabad,iOS,64,False
UPI100000267,2025-12-10,17:08:29,IndusInd Bank,Kotak Mahindra,CRED,Fund Transfer,2941.51,Failed,Incorrect UPI PIN,Chandigarh,iOS,1011,False
UPI100000268,2025-10-11,01:24:35,Bank of Baroda,Yes Bank,Paytm,Recharge,2662.6,Failed,Network Timeout,Jalandhar,iOS,1023,True
UPI100000269,2025-11-13,14:24:35,Canara Bank,SBI,WhatsApp Pay,P2P,28.72,Success,NA,Jaipur,iOS,779,False
UPI100000270,2025-08-15,03:07:20,Union Bank,Yes Bank,BHIM,Bill Payment,3507.94,Pending,NA,Jaipur,Android,769,False
UPI100000271,2025-04-30,19:41:50,Bank of Baroda,SBI,Mobikwik,Fund Transfer,851.03,Failed,Bank Server Down,Mumbai,Android,910,False
UPI100000272,2025-10-31,16:17:23,Punjab National Bank,ICICI,BHIM,P2P,2016.63,Success,NA,Jaipur,iOS,1673,False
UPI100000273,2025-08-04,16:37:51,SBI,Canara Bank,Amazon Pay,Recharge,3633.24,Success,NA,Jaipur,Android,1834,False
UPI100000274,2025-04-03,22:52:05,Canara Bank,Punjab National Bank,Paytm,Fund Transfer,1353.62,Success,NA,Delhi,Android,624,False
UPI100000275,2025-01-28,08:33:15,ICICI,Kotak Mahindra,BHIM,P2M,485.29,Success,NA,Jaipur,Android,300,False
UPI100000276,2025-09-19,00:37:41,Yes Bank,HDFC,Google Pay,Merchant Payment,969.39,Failed,Transaction Timeout,Chandigarh,iOS,557,False
UPI100000277,2025-04-03,11:50:04,SBI,ICICI,Mobikwik,Fund Transfer,1425.42,Failed,Transaction Timeout,Amritsar,Android,666,False
UPI100000278,2025-02-18,04:55:09,SBI,Canara Bank,Paytm,Recharge,181.48,Failed,Daily Limit Exceeded,Mumbai,Android,247,False
UPI100000279,2025-04-16,01:31:22,Kotak Mahindra,Yes Bank,Google Pay,Merchant Payment,512.29,Success,NA,Mumbai,Android,1745,False
UPI100000280,2025-07-02,19:04:08,Bank of Baroda,Union Bank,WhatsApp Pay,Bill Payment,908.38,Pending,NA,Patiala,Android,445,False
UPI100000281,2025-01-19,12:19:23,Canara Bank,Canara Bank,Amazon Pay,Merchant Payment,457.96,Success,NA,Amritsar,Android,1063,True
UPI100000282,2025-09-07,22:35:48,Canara Bank,Yes Bank,Paytm,Fund Transfer,88.73,Failed,Beneficiary Bank Unavailable,Amritsar,Android,1692,True
UPI100000283,2025-05-26,19:19:29,Axis Bank,SBI,CRED,Recharge,700.8,Failed,Account Blocked/Frozen,Hyderabad,iOS,1894,False
UPI100000284,2025-11-28,12:20:09,ICICI,Yes Bank,CRED,P2M,1666.52,Success,NA,Ludhiana,Android,770,False
UPI100000285,2025-09-23,20:43:57,HDFC,ICICI,WhatsApp Pay,P2P,1432.34,Pending,NA,Delhi,iOS,152,False
UPI100000286,2025-01-02,08:26:13,ICICI,Canara Bank,PhonePe,P2P,1790.59,Success,NA,Ahmedabad,Android,120,False
UPI100000287,2025-12-23,20:49:24,SBI,Yes Bank,CRED,P2P,114.64,Success,NA,Ahmedabad,iOS,463,False
UPI100000288,2025-03-14,10:13:08,Kotak Mahindra,IndusInd Bank,WhatsApp Pay,Recharge,394.82,Success,NA,Chandigarh,iOS,742,False
UPI100000289,2025-02-10,19:04:30,Bank of Baroda,Canara Bank,Paytm,P2M,703.18,Failed,Account Blocked/Frozen,Amritsar,iOS,425,False
UPI100000290,2025-06-05,21:18:28,Bank of Baroda,Axis Bank,Amazon Pay,P2P,646.69,Failed,NPCI Switch Error,Kolkata,iOS,860,False
UPI100000291,2025-05-06,13:11:38,SBI,SBI,WhatsApp Pay,Merchant Payment,1146.0,Success,NA,Hyderabad,iOS,706,False
UPI100000292,2025-01-31,13:28:35,SBI,HDFC,Amazon Pay,Fund Transfer,51.88,Success,NA,Ahmedabad,Android,437,False
UPI100000293,2025-06-04,02:06:37,Kotak Mahindra,Union Bank,Mobikwik,Bill Payment,271.57,Failed,Duplicate Transaction,Patiala,Android,585,False
UPI100000294,2025-05-02,23:21:32,Punjab National Bank,IndusInd Bank,BHIM,Merchant Payment,973.7,Success,NA,Ludhiana,iOS,680,False
UPI100000295,2025-10-12,17:05:16,Union Bank,Axis Bank,Google Pay,Merchant Payment,5307.41,Success,NA,Mumbai,Android,569,True
UPI100000296,2025-06-11,02:22:36,Kotak Mahindra,Punjab National Bank,Paytm,Bill Payment,670.52,Success,NA,Patiala,Android,206,False
UPI100000297,2025-12-07,12:12:29,IDBI Bank,Punjab National Bank,BHIM,Bill Payment,1233.68,Failed,Account Blocked/Frozen,Hyderabad,Android,519,True
UPI100000298,2025-04-21,17:52:33,Union Bank,Axis Bank,Paytm,Merchant Payment,7646.56,Pending,NA,Hyderabad,iOS,724,False
UPI100000299,2025-09-07,23:32:34,Punjab National Bank,Bank of Baroda,Amazon Pay,Recharge,2881.48,Success,NA,Bengaluru,Android,163,True
UPI100000300,2025-04-01,00:19:00,HDFC,Union Bank,WhatsApp Pay,Merchant Payment,930.03,Failed,Invalid VPA,Ahmedabad,Android,156,False
UPI100000301,2025-07-03,12:48:19,Yes Bank,IndusInd Bank,BHIM,Fund Transfer,251.66,Success,NA,Kolkata,iOS,1173,False
UPI100000302,2025-03-11,20:11:42,Bank of Baroda,IndusInd Bank,BHIM,Fund Transfer,1118.61,Success,NA,Pune,Android,794,False
UPI100000303,2025-07-11,18:59:04,ICICI,HDFC,Google Pay,Bill Payment,3382.89,Success,NA,Kolkata,Android,787,False
UPI100000304,2025-08-27,14:26:11,Bank of Baroda,ICICI,Mobikwik,P2P,101.97,Failed,Insufficient Balance,Amritsar,Android,1838,False
UPI100000305,2025-05-27,11:15:10,Kotak Mahindra,ICICI,Paytm,Merchant Payment,1081.35,Success,NA,Pune,iOS,1200,False
UPI100000306,2025-01-22,10:03:08,Kotak Mahindra,Union Bank,Paytm,Fund Transfer,1133.71,Success,NA,Mumbai,iOS,1420,False
UPI100000307,2025-06-18,14:41:27,ICICI,Canara Bank,WhatsApp Pay,P2P,2375.41,Reversed,Bank Server Down,Hyderabad,iOS,1460,False
UPI100000308,2025-11-23,03:01:26,ICICI,SBI,BHIM,P2P,1513.21,Failed,Transaction Timeout,Hyderabad,Android,1430,True
UPI100000309,2025-07-20,03:09:50,SBI,Axis Bank,Paytm,P2M,175.4,Success,NA,Ludhiana,iOS,313,True
UPI100000310,2025-09-17,02:23:25,Kotak Mahindra,Union Bank,Paytm,Bill Payment,1509.87,Success,NA,Ludhiana,Android,2532,False
UPI100000311,2025-05-03,20:34:45,HDFC,Canara Bank,Google Pay,P2M,2383.58,Success,NA,Kolkata,iOS,110,True
UPI100000312,2025-01-13,17:41:11,IDBI Bank,HDFC,CRED,Bill Payment,2450.51,Pending,NA,Jalandhar,Android,1942,False
UPI100000313,2025-08-09,06:36:22,Punjab National Bank,Bank of Baroda,Google Pay,P2P,1544.46,Reversed,Duplicate Transaction,Chandigarh,Android,480,True
UPI100000314,2025-10-08,08:32:30,SBI,Bank of Baroda,CRED,Fund Transfer,917.56,Success,NA,Bengaluru,iOS,860,False
UPI100000315,2025-01-14,08:52:01,IDBI Bank,Axis Bank,Amazon Pay,Fund Transfer,1252.73,Failed,Duplicate Transaction,Pune,iOS,303,False
UPI100000316,2025-04-29,03:23:57,HDFC,HDFC,Mobikwik,P2M,1928.7,Failed,Insufficient Balance,Jaipur,Android,217,False
UPI100000317,2025-12-15,08:51:37,HDFC,Kotak Mahindra,WhatsApp Pay,P2P,107.11,Success,NA,Jaipur,iOS,276,False
UPI100000318,2025-11-16,19:40:12,IDBI Bank,Union Bank,Google Pay,P2P,218.77,Success,NA,Ludhiana,iOS,728,True
UPI100000319,2025-12-04,11:59:08,ICICI,SBI,WhatsApp Pay,Recharge,1696.54,Failed,Beneficiary Bank Unavailable,Lucknow,Android,442,False
UPI100000320,2025-08-05,06:31:18,IndusInd Bank,Bank of Baroda,Amazon Pay,Merchant Payment,3135.31,Failed,Transaction Timeout,Kolkata,Android,2459,False
UPI100000321,2025-10-08,20:55:57,Yes Bank,Punjab National Bank,BHIM,Bill Payment,1519.08,Reversed,Duplicate Transaction,Mumbai,iOS,2563,False
UPI100000322,2025-01-28,07:06:39,Yes Bank,ICICI,CRED,P2M,1519.42,Success,NA,Jaipur,iOS,1616,False
UPI100000323,2025-01-13,00:37:37,Punjab National Bank,Axis Bank,CRED,P2M,367.37,Success,NA,Ahmedabad,iOS,1747,False
UPI100000324,2025-04-10,21:13:16,Bank of Baroda,HDFC,Google Pay,Recharge,2022.54,Failed,Account Blocked/Frozen,Kolkata,Android,967,False
UPI100000325,2025-11-06,15:05:36,Axis Bank,Punjab National Bank,BHIM,Bill Payment,697.79,Failed,Invalid VPA,Bengaluru,iOS,677,False
UPI100000326,2025-10-30,00:35:00,IndusInd Bank,Punjab National Bank,WhatsApp Pay,P2M,39.28,Failed,NPCI Switch Error,Chandigarh,Android,1116,False
UPI100000327,2025-04-12,10:00:21,Axis Bank,Canara Bank,Amazon Pay,Bill Payment,3161.27,Failed,NPCI Switch Error,Bengaluru,Android,349,True
UPI100000328,2025-06-05,12:09:51,SBI,Canara Bank,BHIM,P2M,2928.73,Success,NA,Lucknow,Android,435,False
UPI100000329,2025-08-21,08:21:56,Kotak Mahindra,Bank of Baroda,Mobikwik,Merchant Payment,637.38,Success,NA,Pune,iOS,871,False
UPI100000330,2025-01-12,12:56:47,Union Bank,Punjab National Bank,BHIM,Merchant Payment,5495.75,Success,NA,Jaipur,iOS,1880,True
UPI100000331,2025-08-13,07:40:06,Yes Bank,Canara Bank,Mobikwik,Merchant Payment,771.26,Failed,Incorrect UPI PIN,Patiala,Android,2266,False
UPI100000332,2025-08-14,08:38:51,IDBI Bank,Bank of Baroda,BHIM,P2M,1319.16,Reversed,NPCI Switch Error,Mumbai,iOS,3848,False
UPI100000333,2025-11-27,17:00:15,IDBI Bank,Kotak Mahindra,Google Pay,P2P,393.08,Failed,NPCI Switch Error,Jaipur,iOS,1552,False
UPI100000334,2025-10-28,15:29:11,Canara Bank,Axis Bank,CRED,Recharge,1554.27,Success,NA,Delhi,iOS,324,False
UPI100000335,2025-07-07,05:16:30,Yes Bank,HDFC,PhonePe,P2P,4011.95,Success,NA,Jaipur,Android,86,False
UPI100000336,2025-06-10,21:18:41,Kotak Mahindra,Union Bank,PhonePe,Merchant Payment,4475.99,Reversed,Bank Server Down,Bengaluru,iOS,1365,False
UPI100000337,2025-07-29,18:05:01,IndusInd Bank,ICICI,WhatsApp Pay,Fund Transfer,894.65,Failed,Duplicate Transaction,Kolkata,Android,167,False
UPI100000338,2025-11-27,13:05:53,Union Bank,IDBI Bank,BHIM,Fund Transfer,182.94,Success,NA,Kolkata,iOS,467,False
UPI100000339,2025-07-06,04:17:29,Yes Bank,IDBI Bank,Paytm,Merchant Payment,871.7,Success,NA,Pune,iOS,829,True
UPI100000340,2025-06-03,16:17:07,IDBI Bank,ICICI,Amazon Pay,Bill Payment,667.85,Success,NA,Ahmedabad,Android,2494,False
UPI100000341,2025-09-04,02:25:11,IndusInd Bank,Canara Bank,WhatsApp Pay,Recharge,436.21,Success,NA,Pune,Android,192,False
UPI100000342,2025-03-29,15:23:08,Kotak Mahindra,IDBI Bank,Google Pay,Merchant Payment,23.62,Success,NA,Kolkata,iOS,1356,True
UPI100000343,2025-08-04,05:10:01,IDBI Bank,Canara Bank,PhonePe,Bill Payment,449.18,Failed,Incorrect UPI PIN,Kolkata,Android,50,False
UPI100000344,2025-08-16,06:36:56,Kotak Mahindra,Canara Bank,CRED,Bill Payment,4656.55,Success,NA,Jaipur,Android,575,True
UPI100000345,2025-11-19,02:32:51,Axis Bank,Punjab National Bank,WhatsApp Pay,Bill Payment,99.15,Success,NA,Lucknow,iOS,828,False
UPI100000346,2025-06-22,01:22:36,Axis Bank,Punjab National Bank,Paytm,P2M,1613.42,Failed,NPCI Switch Error,Lucknow,Android,2981,True
UPI100000347,2025-12-09,08:19:21,Union Bank,Union Bank,Google Pay,P2P,399.51,Reversed,Bank Server Down,Ludhiana,iOS,315,False
UPI100000348,2025-08-09,17:30:43,Punjab National Bank,Union Bank,Mobikwik,Bill Payment,846.62,Failed,Incorrect UPI PIN,Chandigarh,Android,398,True
UPI100000349,2025-10-30,11:56:38,Bank of Baroda,IndusInd Bank,Mobikwik,Merchant Payment,825.66,Success,NA,Lucknow,iOS,600,False
UPI100000350,2025-04-26,05:45:00,Canara Bank,Yes Bank,Mobikwik,Bill Payment,1361.37,Failed,PSP Server Error,Ahmedabad,iOS,329,True
UPI100000351,2025-07-14,12:31:35,Axis Bank,HDFC,Amazon Pay,P2M,2622.64,Success,NA,Amritsar,Android,87,False
UPI100000352,2025-04-26,12:11:24,Punjab National Bank,Punjab National Bank,WhatsApp Pay,P2P,10.02,Success,NA,Bengaluru,iOS,94,True
UPI100000353,2025-05-18,23:37:56,Axis Bank,ICICI,Mobikwik,Bill Payment,89.94,Failed,Account Blocked/Frozen,Bengaluru,Android,920,True
UPI100000354,2025-08-27,23:39:20,Punjab National Bank,Bank of Baroda,PhonePe,P2M,3405.64,Success,NA,Ahmedabad,Android,210,False
UPI100000355,2025-02-16,23:48:51,Bank of Baroda,Canara Bank,WhatsApp Pay,Merchant Payment,1182.87,Failed,Duplicate Transaction,Pune,Android,1171,True
UPI100000356,2025-02-01,08:34:41,Yes Bank,SBI,Paytm,P2M,996.29,Success,NA,Delhi,Android,1052,True
UPI100000357,2025-12-23,08:50:45,SBI,SBI,CRED,P2P,293.27,Reversed,NPCI Switch Error,Hyderabad,iOS,1005,False
UPI100000358,2025-04-06,18:44:10,Kotak Mahindra,SBI,CRED,P2M,1968.35,Pending,NA,Amritsar,iOS,1366,True
UPI100000359,2025-03-14,06:00:44,Kotak Mahindra,Kotak Mahindra,BHIM,Recharge,266.76,Failed,Insufficient Balance,Kolkata,iOS,710,False
UPI100000360,2025-07-02,14:48:32,SBI,ICICI,PhonePe,Recharge,2324.11,Success,NA,Ludhiana,Android,70,False
UPI100000361,2025-03-19,07:20:00,HDFC,Bank of Baroda,BHIM,Bill Payment,1052.99,Success,NA,Amritsar,Android,672,False
UPI100000362,2025-07-12,10:53:14,Kotak Mahindra,Canara Bank,Amazon Pay,Fund Transfer,1216.81,Success,NA,Ahmedabad,Android,1653,True
UPI100000363,2025-05-28,04:40:35,IDBI Bank,Bank of Baroda,PhonePe,Fund Transfer,1685.33,Success,NA,Pune,iOS,834,False
UPI100000364,2025-04-24,06:45:35,Bank of Baroda,ICICI,Paytm,P2M,436.55,Failed,Insufficient Balance,Amritsar,iOS,321,False
UPI100000365,2025-11-27,04:35:23,SBI,Kotak Mahindra,Google Pay,Merchant Payment,1989.07,Success,NA,Bengaluru,iOS,1275,False
UPI100000366,2025-11-14,22:45:38,Kotak Mahindra,Punjab National Bank,Paytm,P2M,354.88,Success,NA,Amritsar,Android,1279,False
UPI100000367,2025-03-20,12:34:30,Bank of Baroda,ICICI,Mobikwik,Fund Transfer,1388.58,Reversed,Bank Server Down,Lucknow,Android,3194,False
UPI100000368,2025-08-06,15:14:05,IndusInd Bank,SBI,PhonePe,Fund Transfer,1200.4,Reversed,Duplicate Transaction,Mumbai,iOS,1025,False
UPI100000369,2025-08-07,07:50:30,Union Bank,ICICI,PhonePe,P2M,999.68,Failed,Account Blocked/Frozen,Hyderabad,iOS,986,False
UPI100000370,2025-06-03,16:51:50,Union Bank,Kotak Mahindra,BHIM,Bill Payment,854.16,Success,NA,Chandigarh,iOS,127,False
UPI100000371,2025-11-18,08:21:49,Punjab National Bank,HDFC,WhatsApp Pay,Bill Payment,710.83,Success,NA,Jaipur,Android,941,False
UPI100000372,2025-11-22,12:43:20,Union Bank,Axis Bank,Paytm,Recharge,13.03,Failed,Incorrect UPI PIN,Lucknow,Android,184,True
UPI100000373,2025-03-20,13:27:22,Kotak Mahindra,ICICI,Mobikwik,Merchant Payment,349.66,Success,NA,Ludhiana,iOS,961,False
UPI100000374,2025-10-11,17:28:32,SBI,Axis Bank,CRED,P2P,1181.3,Reversed,Bank Server Down,Delhi,Android,1515,True
UPI100000375,2025-04-16,06:45:51,Kotak Mahindra,Kotak Mahindra,Google Pay,P2M,22.53,Success,NA,Chandigarh,iOS,1153,False
UPI100000376,2025-05-07,16:51:26,Axis Bank,Union Bank,Google Pay,Bill Payment,23.64,Success,NA,Amritsar,Android,862,False
UPI100000377,2025-06-19,01:06:57,Axis Bank,Canara Bank,CRED,P2P,2568.67,Failed,Network Timeout,Amritsar,Android,62,False
UPI100000378,2025-10-26,01:23:59,HDFC,Canara Bank,Paytm,Merchant Payment,839.48,Failed,Insufficient Balance,Ahmedabad,iOS,117,True
UPI100000379,2025-10-31,18:34:57,Kotak Mahindra,ICICI,BHIM,Bill Payment,509.66,Success,NA,Chandigarh,iOS,626,False
UPI100000380,2025-04-01,09:17:38,IndusInd Bank,SBI,Google Pay,Merchant Payment,1327.22,Success,NA,Amritsar,iOS,417,False
UPI100000381,2025-07-01,05:04:17,Canara Bank,Union Bank,Amazon Pay,P2M,1502.38,Failed,Account Blocked/Frozen,Bengaluru,iOS,603,False
UPI100000382,2025-04-24,10:41:46,Punjab National Bank,IDBI Bank,PhonePe,P2M,1049.96,Success,NA,Lucknow,Android,229,False
UPI100000383,2025-08-02,08:02:07,Bank of Baroda,Union Bank,WhatsApp Pay,Recharge,363.64,Failed,Incorrect UPI PIN,Jalandhar,iOS,901,True
UPI100000384,2025-04-12,08:49:41,Punjab National Bank,Punjab National Bank,Google Pay,P2M,4294.77,Success,NA,Chandigarh,Android,1451,True
UPI100000385,2025-03-24,22:58:42,Axis Bank,Punjab National Bank,Google Pay,Recharge,3886.65,Success,NA,Lucknow,Android,285,False
UPI100000386,2025-03-02,07:21:29,Axis Bank,Canara Bank,Google Pay,Merchant Payment,561.81,Pending,NA,Mumbai,iOS,850,True
UPI100000387,2025-06-26,22:34:17,IndusInd Bank,Bank of Baroda,Mobikwik,P2P,585.43,Pending,NA,Bengaluru,Android,1462,False
UPI100000388,2025-02-08,18:23:17,Yes Bank,Kotak Mahindra,Amazon Pay,P2M,3246.12,Failed,Incorrect UPI PIN,Jalandhar,Android,60,True
UPI100000389,2025-10-12,00:28:20,Bank of Baroda,Axis Bank,CRED,Merchant Payment,281.0,Failed,Bank Server Down,Mumbai,iOS,1296,True
UPI100000390,2025-04-04,19:31:33,Kotak Mahindra,SBI,WhatsApp Pay,P2P,812.17,Success,NA,Chandigarh,iOS,153,False
UPI100000391,2025-04-25,12:12:19,HDFC,Yes Bank,PhonePe,Recharge,568.78,Failed,Invalid VPA,Chandigarh,iOS,248,False
UPI100000392,2025-06-01,12:02:50,Yes Bank,SBI,WhatsApp Pay,P2P,1177.75,Success,NA,Lucknow,Android,232,True
UPI100000393,2025-12-20,01:33:38,Kotak Mahindra,SBI,PhonePe,Merchant Payment,1150.55,Failed,Insufficient Balance,Mumbai,iOS,2213,True
UPI100000394,2025-10-22,23:30:07,Canara Bank,IndusInd Bank,Google Pay,Merchant Payment,756.02,Pending,NA,Pune,iOS,617,False
UPI100000395,2025-11-05,00:03:12,SBI,SBI,Paytm,P2P,1687.82,Success,NA,Patiala,Android,250,False
UPI100000396,2025-10-09,08:21:15,Yes Bank,Kotak Mahindra,BHIM,P2P,1160.7,Success,NA,Jaipur,iOS,1532,False
UPI100000397,2025-12-30,12:12:34,Kotak Mahindra,Yes Bank,CRED,Fund Transfer,1081.75,Success,NA,Jaipur,Android,579,False
UPI100000398,2025-05-19,19:15:00,Yes Bank,Canara Bank,PhonePe,Bill Payment,504.59,Failed,Transaction Timeout,Bengaluru,iOS,444,False
UPI100000399,2025-07-04,10:45:59,Axis Bank,IDBI Bank,BHIM,P2P,6011.88,Success,NA,Patiala,Android,3673,False
UPI100000400,2025-01-20,12:34:36,Union Bank,IndusInd Bank,Amazon Pay,Bill Payment,382.91,Success,NA,Hyderabad,Android,1031,False
UPI100000401,2025-05-12,06:06:50,IDBI Bank,Axis Bank,Paytm,P2M,656.05,Pending,NA,Jalandhar,Android,1474,False
UPI100000402,2025-09-13,13:14:24,Yes Bank,IDBI Bank,CRED,Recharge,160.35,Failed,PSP Server Error,Delhi,iOS,494,True
UPI100000403,2025-11-10,09:37:40,Bank of Baroda,IndusInd Bank,BHIM,P2P,32.1,Failed,Account Blocked/Frozen,Patiala,Android,198,False
UPI100000404,2025-09-22,09:55:10,IDBI Bank,Kotak Mahindra,Amazon Pay,P2M,3592.68,Success,NA,Chandigarh,Android,899,False
UPI100000405,2025-10-19,18:20:25,Punjab National Bank,Punjab National Bank,WhatsApp Pay,Fund Transfer,265.25,Success,NA,Patiala,Android,302,True
UPI100000406,2025-01-08,04:43:19,Union Bank,Yes Bank,Mobikwik,Merchant Payment,372.94,Success,NA,Kolkata,iOS,615,False
UPI100000407,2025-07-26,06:03:59,SBI,IndusInd Bank,PhonePe,P2M,733.84,Success,NA,Ludhiana,iOS,1322,True
UPI100000408,2025-03-03,07:54:13,Yes Bank,ICICI,WhatsApp Pay,Bill Payment,1527.45,Failed,Account Blocked/Frozen,Mumbai,iOS,311,False
UPI100000409,2025-12-22,07:38:46,Kotak Mahindra,IndusInd Bank,CRED,Merchant Payment,2540.61,Success,NA,Pune,Android,216,False
UPI100000410,2025-12-06,13:39:05,Punjab National Bank,Axis Bank,BHIM,P2P,859.37,Failed,Invalid VPA,Bengaluru,Android,1740,True
UPI100000411,2025-06-12,19:47:26,Punjab National Bank,IDBI Bank,Mobikwik,Fund Transfer,1658.73,Failed,Transaction Timeout,Jalandhar,Android,627,False
UPI100000412,2025-09-12,21:44:38,Canara Bank,Kotak Mahindra,PhonePe,P2M,2077.52,Success,NA,Patiala,iOS,2785,False
UPI100000413,2025-01-27,20:56:43,Union Bank,Union Bank,Mobikwik,Merchant Payment,2938.14,Reversed,NPCI Switch Error,Patiala,Android,161,False
UPI100000414,2025-07-06,19:28:50,Kotak Mahindra,Union Bank,WhatsApp Pay,Recharge,1603.46,Failed,Invalid VPA,Jalandhar,iOS,831,True
UPI100000415,2025-12-22,18:06:46,Union Bank,IndusInd Bank,Paytm,Bill Payment,1479.7,Pending,NA,Lucknow,Android,745,False
UPI100000416,2025-03-02,19:46:36,ICICI,Union Bank,PhonePe,P2M,233.51,Success,NA,Chandigarh,Android,2156,True
UPI100000417,2025-04-20,20:06:14,IDBI Bank,Punjab National Bank,CRED,Bill Payment,960.3,Success,NA,Ludhiana,iOS,1628,True
UPI100000418,2025-06-19,14:38:11,Kotak Mahindra,Yes Bank,WhatsApp Pay,Bill Payment,4479.81,Success,NA,Ahmedabad,Android,1643,False
UPI100000419,2025-03-16,10:03:02,Yes Bank,Union Bank,CRED,P2P,1578.91,Failed,Incorrect UPI PIN,Amritsar,iOS,1379,True
UPI100000420,2025-07-12,05:01:02,Canara Bank,IDBI Bank,WhatsApp Pay,Fund Transfer,1310.27,Success,NA,Jalandhar,iOS,100,True
UPI100000421,2025-04-22,03:23:12,Bank of Baroda,Union Bank,Paytm,Recharge,920.1,Success,NA,Bengaluru,Android,865,False
UPI100000422,2025-03-31,01:26:53,HDFC,Punjab National Bank,Google Pay,Fund Transfer,1553.26,Failed,Duplicate Transaction,Hyderabad,iOS,400,False
UPI100000423,2025-05-30,04:09:55,Canara Bank,Canara Bank,PhonePe,Fund Transfer,3719.57,Success,NA,Pune,iOS,988,False
UPI100000424,2025-08-23,23:28:06,Union Bank,Canara Bank,Mobikwik,Bill Payment,2015.83,Failed,PSP Server Error,Chandigarh,Android,74,True
UPI100000425,2025-08-22,22:53:04,Bank of Baroda,Yes Bank,Mobikwik,Merchant Payment,106.64,Failed,Beneficiary Bank Unavailable,Mumbai,Android,453,False
UPI100000426,2025-09-30,09:58:23,IndusInd Bank,ICICI,WhatsApp Pay,Bill Payment,2346.76,Success,NA,Lucknow,iOS,565,False
UPI100000427,2025-02-19,08:55:01,Canara Bank,IndusInd Bank,Mobikwik,Recharge,875.6,Success,NA,Mumbai,iOS,195,False
UPI100000428,2025-03-13,15:09:27,IDBI Bank,Canara Bank,CRED,Bill Payment,602.35,Failed,Transaction Timeout,Kolkata,iOS,287,False
UPI100000429,2025-02-18,16:06:20,Axis Bank,Punjab National Bank,PhonePe,Fund Transfer,3437.68,Success,NA,Bengaluru,Android,3507,False
UPI100000430,2025-10-05,12:24:33,Bank of Baroda,Union Bank,BHIM,Fund Transfer,2452.97,Failed,Invalid VPA,Lucknow,iOS,339,True
UPI100000431,2025-12-21,23:38:23,IDBI Bank,Bank of Baroda,Google Pay,P2P,933.12,Failed,PSP Server Error,Pune,iOS,314,True
UPI100000432,2025-08-14,19:39:04,HDFC,ICICI,BHIM,P2P,2982.96,Failed,Beneficiary Bank Unavailable,Pune,Android,3691,False
UPI100000433,2025-02-09,08:42:59,IndusInd Bank,Union Bank,Amazon Pay,P2M,964.77,Success,NA,Kolkata,iOS,979,True
UPI100000434,2025-11-23,08:44:40,ICICI,HDFC,Mobikwik,Recharge,817.15,Success,NA,Hyderabad,Android,1814,True
UPI100000435,2025-08-17,19:44:05,ICICI,Yes Bank,BHIM,P2M,3065.79,Success,NA,Kolkata,Android,2204,True
UPI100000436,2025-11-29,18:40:31,Union Bank,Kotak Mahindra,CRED,Fund Transfer,2903.47,Failed,Incorrect UPI PIN,Kolkata,Android,211,True
UPI100000437,2025-08-14,02:23:17,Kotak Mahindra,Canara Bank,CRED,Fund Transfer,241.48,Success,NA,Chandigarh,iOS,416,False
UPI100000438,2025-07-06,20:12:59,SBI,Union Bank,CRED,Merchant Payment,2393.91,Failed,PSP Server Error,Jaipur,Android,246,True
UPI100000439,2025-09-07,12:57:55,Bank of Baroda,Kotak Mahindra,BHIM,Merchant Payment,1475.17,Success,NA,Amritsar,iOS,427,True
UPI100000440,2025-12-03,11:55:33,Axis Bank,SBI,Google Pay,Merchant Payment,157.7,Success,NA,Ludhiana,Android,82,False
UPI100000441,2025-06-23,20:34:15,Canara Bank,Union Bank,PhonePe,Bill Payment,1347.21,Failed,Account Blocked/Frozen,Jaipur,Android,184,False
UPI100000442,2025-01-02,21:15:33,HDFC,SBI,WhatsApp Pay,Merchant Payment,2210.92,Success,NA,Jalandhar,iOS,199,False
UPI100000443,2025-04-04,13:16:04,Bank of Baroda,SBI,Mobikwik,Bill Payment,1442.27,Pending,NA,Lucknow,iOS,606,False
UPI100000444,2025-06-29,14:54:24,Yes Bank,Axis Bank,Google Pay,Fund Transfer,8449.52,Success,NA,Ahmedabad,iOS,244,True
UPI100000445,2025-10-15,17:40:27,SBI,Yes Bank,Google Pay,Bill Payment,295.83,Success,NA,Hyderabad,iOS,448,False
UPI100000446,2025-05-19,16:40:06,Union Bank,SBI,Google Pay,P2M,1706.98,Success,NA,Pune,iOS,441,False
UPI100000447,2025-04-12,06:57:48,ICICI,Kotak Mahindra,Mobikwik,P2P,508.6,Success,NA,Hyderabad,Android,373,True
UPI100000448,2025-03-04,09:37:22,Bank of Baroda,IDBI Bank,Paytm,P2P,1599.3,Failed,Account Blocked/Frozen,Ludhiana,iOS,2402,False
UPI100000449,2025-09-01,12:25:57,IndusInd Bank,SBI,Paytm,Recharge,4969.94,Failed,Insufficient Balance,Jaipur,iOS,829,False
UPI100000450,2025-03-24,07:12:34,Canara Bank,Canara Bank,Paytm,Recharge,463.78,Failed,Transaction Timeout,Amritsar,Android,3401,False
UPI100000451,2025-07-27,13:20:03,Kotak Mahindra,IDBI Bank,Paytm,P2P,421.63,Success,NA,Hyderabad,Android,2805,True
UPI100000452,2025-01-25,01:34:58,IndusInd Bank,Canara Bank,WhatsApp Pay,Fund Transfer,1636.68,Success,NA,Hyderabad,iOS,206,True
UPI100000453,2025-06-01,05:28:58,SBI,ICICI,BHIM,P2P,1643.84,Success,NA,Ludhiana,Android,1777,True
UPI100000454,2025-12-06,21:39:23,Bank of Baroda,Axis Bank,CRED,P2P,879.88,Success,NA,Chandigarh,iOS,790,True
UPI100000455,2025-12-06,19:44:48,Axis Bank,Kotak Mahindra,Amazon Pay,Fund Transfer,1007.77,Failed,NPCI Switch Error,Lucknow,iOS,775,True
UPI100000456,2025-10-29,06:32:56,Punjab National Bank,Canara Bank,Google Pay,P2M,1196.79,Pending,NA,Kolkata,Android,62,False
UPI100000457,2025-04-01,06:58:25,Punjab National Bank,IDBI Bank,Paytm,Fund Transfer,1120.81,Success,NA,Hyderabad,iOS,707,False
UPI100000458,2025-06-29,09:22:56,Canara Bank,Bank of Baroda,Paytm,Merchant Payment,2281.11,Failed,Daily Limit Exceeded,Pune,Android,151,True
UPI100000459,2025-08-25,05:38:36,Punjab National Bank,Yes Bank,Paytm,P2M,2024.09,Failed,Duplicate Transaction,Kolkata,iOS,137,False
UPI100000460,2025-03-31,03:02:36,Union Bank,Canara Bank,CRED,Merchant Payment,434.03,Success,NA,Jalandhar,Android,75,False
UPI100000461,2025-07-05,23:13:59,HDFC,Bank of Baroda,CRED,Recharge,51.44,Success,NA,Bengaluru,iOS,3689,True
UPI100000462,2025-11-17,08:10:32,IndusInd Bank,Kotak Mahindra,PhonePe,Merchant Payment,2060.79,Failed,Incorrect UPI PIN,Patiala,iOS,410,False
UPI100000463,2025-06-24,16:39:53,SBI,Kotak Mahindra,Google Pay,Fund Transfer,3670.92,Success,NA,Jalandhar,Android,170,False
UPI100000464,2025-05-23,18:08:53,Union Bank,SBI,CRED,Merchant Payment,352.7,Failed,Daily Limit Exceeded,Bengaluru,iOS,971,False
UPI100000465,2025-08-05,06:15:53,Punjab National Bank,IndusInd Bank,BHIM,Fund Transfer,273.71,Success,NA,Ludhiana,iOS,710,False
UPI100000466,2025-01-14,16:20:29,Bank of Baroda,IDBI Bank,CRED,Bill Payment,2237.99,Failed,Incorrect UPI PIN,Amritsar,Android,400,False
UPI100000467,2025-04-10,20:57:06,IndusInd Bank,IDBI Bank,Mobikwik,Merchant Payment,874.85,Pending,NA,Ludhiana,Android,519,False
UPI100000468,2025-06-13,17:03:01,IndusInd Bank,Punjab National Bank,Mobikwik,Fund Transfer,310.93,Failed,Account Blocked/Frozen,Jalandhar,iOS,484,False
UPI100000469,2025-10-11,01:28:33,ICICI,Kotak Mahindra,Mobikwik,Bill Payment,466.41,Failed,Bank Server Down,Hyderabad,Android,2228,True
UPI100000470,2025-04-13,09:22:49,Yes Bank,ICICI,WhatsApp Pay,P2M,577.12,Failed,Daily Limit Exceeded,Patiala,Android,1101,True
UPI100000471,2025-06-20,11:11:57,Bank of Baroda,Punjab National Bank,WhatsApp Pay,Fund Transfer,4311.66,Failed,Account Blocked/Frozen,Delhi,Android,2022,False
UPI100000472,2025-10-15,05:26:41,Canara Bank,IndusInd Bank,Mobikwik,P2P,563.27,Success,NA,Hyderabad,Android,705,False
UPI100000473,2025-04-16,01:02:02,Union Bank,SBI,Mobikwik,Recharge,598.11,Failed,Incorrect UPI PIN,Mumbai,iOS,939,False
UPI100000474,2025-10-18,11:14:29,SBI,Axis Bank,WhatsApp Pay,Bill Payment,918.81,Success,NA,Jaipur,iOS,219,True
UPI100000475,2025-09-27,17:29:53,SBI,Union Bank,Google Pay,P2P,309.84,Success,NA,Mumbai,Android,599,True
UPI100000476,2025-08-03,21:37:33,Yes Bank,IDBI Bank,PhonePe,Merchant Payment,1260.06,Success,NA,Lucknow,iOS,1080,True
UPI100000477,2025-11-10,01:53:02,Yes Bank,Yes Bank,WhatsApp Pay,Bill Payment,1393.65,Failed,Incorrect UPI PIN,Ahmedabad,Android,1468,False
UPI100000478,2025-08-02,07:38:46,Bank of Baroda,SBI,Mobikwik,Fund Transfer,3052.09,Pending,NA,Lucknow,iOS,91,True
UPI100000479,2025-11-27,06:53:36,ICICI,HDFC,Paytm,Merchant Payment,1980.44,Reversed,Duplicate Transaction,Kolkata,Android,342,False
UPI100000480,2025-10-31,04:34:19,IDBI Bank,Axis Bank,CRED,Fund Transfer,1188.55,Failed,Duplicate Transaction,Hyderabad,Android,163,False
UPI100000481,2025-03-04,06:32:07,IDBI Bank,IDBI Bank,Amazon Pay,Fund Transfer,277.5,Failed,Insufficient Balance,Hyderabad,iOS,1409,False
UPI100000482,2025-11-21,13:40:41,Axis Bank,IDBI Bank,WhatsApp Pay,Merchant Payment,1487.08,Failed,Beneficiary Bank Unavailable,Jalandhar,iOS,919,False
UPI100000483,2025-06-29,14:32:27,Punjab National Bank,ICICI,CRED,Recharge,1785.3,Success,NA,Patiala,iOS,237,True
UPI100000484,2025-06-14,06:37:42,Axis Bank,Axis Bank,Google Pay,Fund Transfer,648.25,Success,NA,Ludhiana,Android,1455,True
UPI100000485,2025-01-30,04:33:48,ICICI,Bank of Baroda,PhonePe,Merchant Payment,434.58,Reversed,Bank Server Down,Delhi,iOS,349,False
UPI100000486,2025-11-25,15:51:02,ICICI,ICICI,WhatsApp Pay,Fund Transfer,3130.58,Success,NA,Delhi,Android,680,False
UPI100000487,2025-02-19,23:16:33,Punjab National Bank,Axis Bank,CRED,Fund Transfer,1159.07,Failed,Network Timeout,Patiala,iOS,117,False
UPI100000488,2025-10-25,10:59:20,IndusInd Bank,Bank of Baroda,BHIM,Bill Payment,287.8,Success,NA,Chandigarh,Android,615,True
UPI100000489,2025-12-05,07:16:46,Punjab National Bank,HDFC,Paytm,Recharge,897.08,Success,NA,Hyderabad,Android,605,False
UPI100000490,2025-01-16,04:05:58,Punjab National Bank,Union Bank,Mobikwik,P2P,217.47,Failed,Beneficiary Bank Unavailable,Lucknow,Android,1414,False
UPI100000491,2025-04-05,03:19:44,SBI,Union Bank,BHIM,P2P,1593.73,Success,NA,Pune,iOS,787,True
UPI100000492,2025-09-17,02:59:30,IndusInd Bank,Union Bank,Mobikwik,P2M,1690.55,Success,NA,Kolkata,Android,952,False
UPI100000493,2025-07-01,00:50:09,SBI,HDFC,BHIM,Fund Transfer,850.71,Failed,PSP Server Error,Patiala,iOS,993,False
UPI100000494,2025-10-23,09:23:03,Yes Bank,Kotak Mahindra,PhonePe,Merchant Payment,1586.56,Failed,PSP Server Error,Delhi,iOS,86,False
UPI100000495,2025-02-10,11:59:29,IndusInd Bank,Yes Bank,PhonePe,Recharge,615.14,Success,NA,Jaipur,iOS,118,False
UPI100000496,2025-08-14,06:09:51,Axis Bank,Bank of Baroda,BHIM,P2M,843.73,Success,NA,Hyderabad,iOS,330,False
UPI100000497,2025-06-08,17:13:28,HDFC,IDBI Bank,Amazon Pay,Recharge,282.1,Failed,Daily Limit Exceeded,Lucknow,iOS,125,True
UPI100000498,2025-05-26,16:24:55,HDFC,IndusInd Bank,BHIM,Fund Transfer,241.97,Success,NA,Delhi,iOS,646,False
UPI100000499,2025-12-02,14:54:47,Yes Bank,SBI,Amazon Pay,Recharge,1439.77,Success,NA,Pune,iOS,1179,False
UPI100000500,2025-07-06,01:24:20,Axis Bank,Punjab National Bank,Mobikwik,Bill Payment,1360.11,Failed,Invalid VPA,Kolkata,iOS,1914,True
UPI100000501,2025-03-28,23:24:44,Bank of Baroda,IDBI Bank,Google Pay,P2P,936.14,Success,NA,Mumbai,Android,1847,False
UPI100000502,2025-12-09,15:34:23,Union Bank,Union Bank,Google Pay,Merchant Payment,1877.91,Success,NA,Chandigarh,iOS,60,False
UPI100000503,2025-10-15,18:27:51,Union Bank,Axis Bank,Paytm,Merchant Payment,1093.74,Failed,PSP Server Error,Bengaluru,iOS,797,False
UPI100000504,2025-08-07,04:26:00,Canara Bank,Bank of Baroda,Google Pay,Recharge,232.78,Failed,Beneficiary Bank Unavailable,Bengaluru,iOS,464,False
UPI100000505,2025-02-23,18:55:11,ICICI,Axis Bank,WhatsApp Pay,Bill Payment,2520.76,Failed,Insufficient Balance,Amritsar,iOS,943,True
UPI100000506,2025-11-22,19:20:39,ICICI,SBI,Paytm,Recharge,216.01,Success,NA,Kolkata,iOS,1014,True
UPI100000507,2025-03-14,22:05:26,Axis Bank,ICICI,WhatsApp Pay,Bill Payment,1975.39,Success,NA,Patiala,Android,70,False
UPI100000508,2025-03-27,04:58:03,Axis Bank,Punjab National Bank,Amazon Pay,Fund Transfer,407.01,Failed,Transaction Timeout,Lucknow,iOS,141,False
UPI100000509,2025-01-26,12:29:10,Union Bank,IDBI Bank,Google Pay,Recharge,1592.9,Success,NA,Chandigarh,iOS,564,True
UPI100000510,2025-09-24,21:14:01,IndusInd Bank,Union Bank,Paytm,Fund Transfer,1121.03,Failed,Invalid VPA,Jalandhar,iOS,344,False
UPI100000511,2025-08-08,19:47:12,ICICI,Canara Bank,Mobikwik,Bill Payment,228.73,Pending,NA,Pune,Android,1956,False
UPI100000512,2025-11-20,20:22:49,Kotak Mahindra,IDBI Bank,Paytm,Bill Payment,3644.41,Failed,Transaction Timeout,Jaipur,Android,1213,False
UPI100000513,2025-04-28,10:06:45,Yes Bank,Axis Bank,WhatsApp Pay,Recharge,766.12,Success,NA,Jalandhar,iOS,475,False
UPI100000514,2025-08-03,07:30:52,Bank of Baroda,HDFC,BHIM,Bill Payment,5236.31,Success,NA,Bengaluru,Android,381,True
UPI100000515,2025-06-13,07:36:45,ICICI,IDBI Bank,Google Pay,Bill Payment,911.51,Success,NA,Patiala,Android,147,False
UPI100000516,2025-08-05,00:15:46,Kotak Mahindra,IndusInd Bank,Paytm,Merchant Payment,885.18,Success,NA,Bengaluru,iOS,1394,False
UPI100000517,2025-01-07,11:53:52,HDFC,SBI,Google Pay,P2M,983.45,Success,NA,Patiala,iOS,460,False
UPI100000518,2025-11-04,01:37:47,Punjab National Bank,IDBI Bank,PhonePe,Recharge,1998.45,Failed,NPCI Switch Error,Delhi,Android,84,False
UPI100000519,2025-06-27,19:25:22,Canara Bank,Canara Bank,Paytm,Recharge,1175.7,Failed,Duplicate Transaction,Jalandhar,Android,453,False
UPI100000520,2025-01-16,03:13:38,Union Bank,Union Bank,CRED,Recharge,1439.43,Success,NA,Jalandhar,iOS,557,False
UPI100000521,2025-05-12,20:22:53,Kotak Mahindra,Union Bank,PhonePe,Recharge,3721.63,Success,NA,Lucknow,Android,223,False
UPI100000522,2025-09-10,20:33:04,IndusInd Bank,IndusInd Bank,CRED,P2M,302.48,Success,NA,Hyderabad,iOS,465,False
UPI100000523,2025-04-11,21:35:13,Punjab National Bank,Yes Bank,PhonePe,P2P,252.26,Success,NA,Jalandhar,Android,384,False
UPI100000524,2025-09-03,13:45:56,IDBI Bank,Bank of Baroda,Amazon Pay,P2P,1265.15,Success,NA,Ludhiana,iOS,69,False
UPI100000525,2025-06-21,05:11:30,Bank of Baroda,Union Bank,PhonePe,Recharge,2102.27,Pending,NA,Kolkata,Android,225,True
UPI100000526,2025-01-11,19:30:11,Union Bank,HDFC,BHIM,P2P,1060.4,Failed,Bank Server Down,Kolkata,Android,848,True
UPI100000527,2025-01-25,15:29:58,Yes Bank,Punjab National Bank,CRED,Bill Payment,4763.2,Success,NA,Kolkata,iOS,249,True
UPI100000528,2025-04-29,03:32:00,Yes Bank,IndusInd Bank,Amazon Pay,Fund Transfer,102.15,Success,NA,Lucknow,Android,642,False
UPI100000529,2025-11-26,21:33:26,IndusInd Bank,Bank of Baroda,Amazon Pay,Bill Payment,277.55,Failed,Account Blocked/Frozen,Patiala,Android,779,False
UPI100000530,2025-04-21,10:02:13,ICICI,ICICI,Mobikwik,P2M,245.55,Success,NA,Mumbai,Android,109,False
UPI100000531,2025-12-09,03:07:59,ICICI,Yes Bank,BHIM,Fund Transfer,4830.5,Failed,Beneficiary Bank Unavailable,Bengaluru,iOS,213,False
UPI100000532,2025-04-23,03:58:28,IDBI Bank,SBI,PhonePe,Bill Payment,1344.53,Success,NA,Amritsar,Android,2260,False
UPI100000533,2025-12-11,07:18:19,IndusInd Bank,Yes Bank,BHIM,P2P,101.39,Success,NA,Mumbai,Android,88,False
UPI100000534,2025-07-09,18:04:26,IDBI Bank,HDFC,Paytm,Recharge,289.26,Failed,Transaction Timeout,Ahmedabad,iOS,588,False
UPI100000535,2025-08-20,22:27:43,Axis Bank,IDBI Bank,Google Pay,Recharge,302.35,Failed,Incorrect UPI PIN,Lucknow,iOS,688,False
UPI100000536,2025-10-07,08:57:10,Punjab National Bank,Yes Bank,BHIM,Fund Transfer,1451.65,Failed,NPCI Switch Error,Pune,Android,565,False
UPI100000537,2025-11-15,19:30:19,HDFC,Yes Bank,CRED,Bill Payment,2794.5,Failed,NPCI Switch Error,Jalandhar,iOS,1470,True
UPI100000538,2025-08-04,12:00:40,SBI,ICICI,Paytm,Fund Transfer,309.31,Success,NA,Ludhiana,iOS,1100,False
UPI100000539,2025-12-14,23:07:12,ICICI,IDBI Bank,Paytm,Recharge,3029.62,Failed,NPCI Switch Error,Chandigarh,iOS,895,True
UPI100000540,2025-06-17,05:17:03,Kotak Mahindra,Bank of Baroda,BHIM,Fund Transfer,101.5,Success,NA,Chandigarh,iOS,4153,False
UPI100000541,2025-11-24,17:42:03,Bank of Baroda,Bank of Baroda,WhatsApp Pay,Merchant Payment,863.88,Failed,PSP Server Error,Amritsar,iOS,401,False
UPI100000542,2025-03-05,16:52:38,Union Bank,Union Bank,CRED,Fund Transfer,4197.1,Failed,Insufficient Balance,Mumbai,Android,227,False
UPI100000543,2025-12-13,05:54:52,IDBI Bank,HDFC,Mobikwik,Bill Payment,2646.03,Failed,Beneficiary Bank Unavailable,Ludhiana,iOS,713,True
UPI100000544,2025-05-14,08:08:40,Punjab National Bank,Yes Bank,CRED,Merchant Payment,2002.18,Success,NA,Patiala,Android,164,False
UPI100000545,2025-04-11,03:20:21,Punjab National Bank,IDBI Bank,Google Pay,Recharge,1091.42,Failed,Bank Server Down,Jaipur,iOS,1958,False
UPI100000546,2025-02-07,00:15:01,Union Bank,HDFC,Mobikwik,Bill Payment,297.48,Success,NA,Hyderabad,Android,836,False
UPI100000547,2025-08-29,16:27:31,Canara Bank,ICICI,WhatsApp Pay,P2P,337.78,Failed,Account Blocked/Frozen,Jalandhar,Android,759,False
UPI100000548,2025-08-14,18:15:56,ICICI,Bank of Baroda,Paytm,P2P,2088.6,Pending,NA,Amritsar,iOS,209,False
UPI100000549,2025-12-02,06:44:59,Canara Bank,Bank of Baroda,PhonePe,P2M,869.04,Success,NA,Mumbai,iOS,105,False
UPI100000550,2025-12-27,01:43:11,Union Bank,Bank of Baroda,CRED,P2M,2232.04,Success,NA,Ludhiana,iOS,61,True
UPI100000551,2025-11-25,13:47:10,Axis Bank,Canara Bank,Google Pay,Merchant Payment,2414.11,Reversed,NPCI Switch Error,Chandigarh,Android,1788,False
UPI100000552,2025-09-04,00:55:32,Axis Bank,HDFC,CRED,P2M,2549.87,Failed,NPCI Switch Error,Patiala,Android,164,False
UPI100000553,2025-03-08,12:34:06,Yes Bank,Punjab National Bank,Paytm,Bill Payment,3513.03,Failed,Network Timeout,Hyderabad,Android,948,True
UPI100000554,2025-03-15,15:47:07,Canara Bank,Yes Bank,BHIM,P2M,1721.4,Reversed,NPCI Switch Error,Hyderabad,iOS,879,True
UPI100000555,2025-05-31,16:58:04,IndusInd Bank,ICICI,Amazon Pay,P2P,257.11,Failed,Beneficiary Bank Unavailable,Amritsar,Android,941,True
UPI100000556,2025-01-13,21:17:26,IDBI Bank,IndusInd Bank,CRED,Fund Transfer,695.84,Failed,Duplicate Transaction,Bengaluru,iOS,1143,False
UPI100000557,2025-08-02,11:04:27,ICICI,Canara Bank,Google Pay,Recharge,2387.54,Failed,Incorrect UPI PIN,Pune,iOS,211,True
UPI100000558,2025-12-24,08:39:46,SBI,Yes Bank,Mobikwik,Fund Transfer,183.14,Failed,Account Blocked/Frozen,Delhi,Android,1716,False
UPI100000559,2025-07-10,09:23:18,Union Bank,IndusInd Bank,PhonePe,Recharge,247.96,Success,NA,Pune,iOS,967,False
UPI100000560,2025-12-03,17:49:33,Canara Bank,Union Bank,PhonePe,Bill Payment,558.03,Failed,Duplicate Transaction,Bengaluru,Android,168,False
UPI100000561,2025-03-31,05:50:45,Canara Bank,Bank of Baroda,WhatsApp Pay,Bill Payment,2516.54,Reversed,Bank Server Down,Ahmedabad,Android,162,False
UPI100000562,2025-06-06,04:36:14,Canara Bank,Canara Bank,WhatsApp Pay,Recharge,1481.16,Success,NA,Patiala,iOS,1621,False
UPI100000563,2025-01-01,14:08:26,Kotak Mahindra,Bank of Baroda,BHIM,P2P,2586.81,Success,NA,Amritsar,iOS,461,False
UPI100000564,2025-06-14,06:15:04,Union Bank,SBI,Paytm,Merchant Payment,5974.17,Reversed,NPCI Switch Error,Jalandhar,Android,1510,True
UPI100000565,2025-09-10,14:01:32,SBI,IDBI Bank,Mobikwik,Recharge,189.17,Success,NA,Jalandhar,iOS,88,False
UPI100000566,2025-03-11,04:16:26,HDFC,Axis Bank,CRED,Bill Payment,1499.87,Pending,NA,Ludhiana,iOS,3088,False
UPI100000567,2025-07-08,02:49:03,Axis Bank,SBI,Amazon Pay,P2P,96.7,Failed,PSP Server Error,Patiala,iOS,196,False
UPI100000568,2025-07-11,07:36:28,Yes Bank,Kotak Mahindra,WhatsApp Pay,Bill Payment,441.47,Failed,PSP Server Error,Hyderabad,iOS,479,False
UPI100000569,2025-03-26,04:23:24,Punjab National Bank,Kotak Mahindra,Paytm,Merchant Payment,2584.31,Success,NA,Amritsar,Android,540,False
UPI100000570,2025-05-10,08:51:15,Punjab National Bank,Bank of Baroda,PhonePe,Fund Transfer,1369.7,Reversed,Duplicate Transaction,Mumbai,iOS,51,True
UPI100000571,2025-11-03,17:31:20,Punjab National Bank,Canara Bank,Google Pay,Merchant Payment,2981.58,Failed,Duplicate Transaction,Delhi,iOS,1535,False
UPI100000572,2025-10-05,12:33:32,Kotak Mahindra,Union Bank,WhatsApp Pay,P2P,1941.19,Pending,NA,Amritsar,Android,151,True
UPI100000573,2025-09-17,21:05:00,HDFC,Union Bank,Paytm,Bill Payment,1466.64,Success,NA,Jaipur,Android,78,False
UPI100000574,2025-03-11,01:33:03,HDFC,Bank of Baroda,PhonePe,P2M,491.36,Success,NA,Hyderabad,iOS,531,False
UPI100000575,2025-04-23,00:03:48,Union Bank,Bank of Baroda,Amazon Pay,P2M,3158.88,Success,NA,Bengaluru,Android,75,False
UPI100000576,2025-12-20,11:36:25,Axis Bank,ICICI,CRED,P2M,6512.25,Success,NA,Bengaluru,iOS,668,True
UPI100000577,2025-11-01,20:29:39,HDFC,Union Bank,Amazon Pay,Merchant Payment,1157.48,Pending,NA,Kolkata,iOS,264,True
UPI100000578,2025-06-28,23:38:39,Axis Bank,Canara Bank,Paytm,Fund Transfer,7231.84,Reversed,Duplicate Transaction,Hyderabad,iOS,106,True
UPI100000579,2025-03-24,09:02:54,Yes Bank,Bank of Baroda,BHIM,Bill Payment,687.12,Success,NA,Ahmedabad,iOS,1369,False
UPI100000580,2025-02-11,23:29:37,SBI,HDFC,CRED,P2M,540.87,Failed,PSP Server Error,Jalandhar,iOS,154,False
UPI100000581,2025-02-25,09:37:58,ICICI,Yes Bank,BHIM,P2M,3612.44,Failed,Network Timeout,Mumbai,Android,151,False
UPI100000582,2025-11-17,04:36:02,SBI,Union Bank,Amazon Pay,Merchant Payment,234.5,Success,NA,Bengaluru,iOS,240,False
UPI100000583,2025-03-06,13:48:57,Union Bank,SBI,Google Pay,Bill Payment,3296.45,Failed,Beneficiary Bank Unavailable,Kolkata,Android,1735,False
UPI100000584,2025-07-25,21:54:23,Bank of Baroda,ICICI,PhonePe,P2M,334.02,Success,NA,Kolkata,iOS,900,False
UPI100000585,2025-12-27,02:18:40,Kotak Mahindra,Punjab National Bank,PhonePe,Fund Transfer,2373.49,Failed,Insufficient Balance,Pune,Android,306,True
UPI100000586,2025-12-01,23:03:07,Union Bank,IndusInd Bank,Google Pay,Recharge,306.02,Success,NA,Jaipur,Android,171,False
UPI100000587,2025-02-24,22:08:57,SBI,Bank of Baroda,WhatsApp Pay,Fund Transfer,985.59,Success,NA,Chandigarh,Android,852,False
UPI100000588,2025-04-07,17:40:56,Yes Bank,Bank of Baroda,CRED,Bill Payment,2632.54,Success,NA,Ahmedabad,Android,1423,False
UPI100000589,2025-03-02,15:26:05,Axis Bank,Kotak Mahindra,CRED,P2M,251.15,Success,NA,Delhi,Android,435,True
UPI100000590,2025-07-28,03:09:20,IndusInd Bank,ICICI,CRED,P2M,1256.53,Reversed,Duplicate Transaction,Jalandhar,Android,1047,False
UPI100000591,2025-11-16,19:11:41,Union Bank,HDFC,PhonePe,P2M,722.76,Success,NA,Patiala,Android,227,True
UPI100000592,2025-10-05,13:30:39,IndusInd Bank,SBI,Paytm,P2M,1948.04,Success,NA,Mumbai,iOS,230,True
UPI100000593,2025-12-10,08:56:07,Canara Bank,SBI,Google Pay,Merchant Payment,2844.96,Success,NA,Kolkata,iOS,1388,False
UPI100000594,2025-11-20,04:21:36,SBI,Punjab National Bank,PhonePe,Fund Transfer,355.62,Success,NA,Mumbai,iOS,1776,False
UPI100000595,2025-06-01,15:53:16,SBI,HDFC,PhonePe,Recharge,3734.17,Failed,PSP Server Error,Jalandhar,Android,147,True
UPI100000596,2025-05-12,06:38:09,Union Bank,Axis Bank,Mobikwik,Bill Payment,94.08,Failed,Duplicate Transaction,Kolkata,Android,1698,False
UPI100000597,2025-12-12,22:09:55,IndusInd Bank,Yes Bank,PhonePe,P2M,465.21,Success,NA,Mumbai,Android,396,False
UPI100000598,2025-10-25,00:13:06,SBI,IDBI Bank,Google Pay,Recharge,2515.43,Failed,Duplicate Transaction,Amritsar,Android,1481,True
UPI100000599,2025-07-19,15:53:24,Kotak Mahindra,Bank of Baroda,WhatsApp Pay,Fund Transfer,1189.85,Failed,Invalid VPA,Jalandhar,Android,92,True
UPI100000600,2025-09-23,08:16:53,IndusInd Bank,Canara Bank,Amazon Pay,Recharge,1458.24,Success,NA,Pune,Android,247,False
UPI100000601,2025-06-03,12:34:14,SBI,IndusInd Bank,Google Pay,Merchant Payment,728.22,Failed,Network Timeout,Patiala,iOS,2569,False
UPI100000602,2025-04-18,03:12:29,SBI,IDBI Bank,PhonePe,Recharge,1160.62,Success,NA,Jalandhar,iOS,929,False
UPI100000603,2025-05-29,20:10:03,Axis Bank,Canara Bank,PhonePe,P2M,5687.02,Failed,Beneficiary Bank Unavailable,Amritsar,iOS,169,False
UPI100000604,2025-05-10,08:41:55,Axis Bank,Union Bank,WhatsApp Pay,Bill Payment,1026.98,Success,NA,Delhi,iOS,731,True
UPI100000605,2025-06-11,21:29:15,Kotak Mahindra,Axis Bank,WhatsApp Pay,P2M,605.89,Success,NA,Jalandhar,Android,450,False
UPI100000606,2025-03-12,19:28:31,ICICI,Kotak Mahindra,BHIM,Bill Payment,2869.8,Failed,Beneficiary Bank Unavailable,Ahmedabad,Android,210,False
UPI100000607,2025-07-11,09:29:38,IndusInd Bank,Punjab National Bank,CRED,Merchant Payment,1159.7,Success,NA,Patiala,iOS,240,False
UPI100000608,2025-11-24,18:31:48,Yes Bank,Union Bank,WhatsApp Pay,P2M,1659.09,Success,NA,Jalandhar,Android,1066,False
UPI100000609,2025-05-20,00:06:03,Bank of Baroda,HDFC,Google Pay,P2M,1952.41,Failed,Incorrect UPI PIN,Amritsar,iOS,97,False
UPI100000610,2025-12-20,08:33:45,Punjab National Bank,Kotak Mahindra,Google Pay,Recharge,1320.88,Failed,Account Blocked/Frozen,Amritsar,iOS,766,True
UPI100000611,2025-05-05,18:02:32,IDBI Bank,Yes Bank,PhonePe,P2M,620.7,Success,NA,Lucknow,Android,1358,False
UPI100000612,2025-01-08,06:28:51,IndusInd Bank,IDBI Bank,Amazon Pay,Fund Transfer,2916.92,Success,NA,Bengaluru,Android,167,False
UPI100000613,2025-06-16,03:08:03,Canara Bank,Bank of Baroda,CRED,P2P,605.99,Success,NA,Bengaluru,Android,565,False
UPI100000614,2025-02-13,10:45:29,Bank of Baroda,IndusInd Bank,WhatsApp Pay,P2P,1475.33,Failed,Incorrect UPI PIN,Lucknow,iOS,2923,False
UPI100000615,2025-09-05,04:34:13,Punjab National Bank,Yes Bank,WhatsApp Pay,P2P,850.94,Failed,PSP Server Error,Delhi,iOS,1544,False
UPI100000616,2025-10-25,14:18:02,IndusInd Bank,Yes Bank,BHIM,P2M,105.92,Success,NA,Ahmedabad,Android,79,True
UPI100000617,2025-06-29,11:28:22,Bank of Baroda,Canara Bank,Google Pay,Merchant Payment,443.3,Failed,Daily Limit Exceeded,Ludhiana,iOS,526,True
UPI100000618,2025-09-03,10:21:05,Canara Bank,Canara Bank,Amazon Pay,Fund Transfer,695.45,Failed,Network Timeout,Amritsar,Android,1673,False
UPI100000619,2025-08-06,23:39:15,SBI,Canara Bank,Google Pay,Recharge,2837.6,Success,NA,Jalandhar,Android,229,False
UPI100000620,2025-09-08,19:00:16,IDBI Bank,Canara Bank,PhonePe,Merchant Payment,190.37,Failed,Daily Limit Exceeded,Lucknow,iOS,102,False
UPI100000621,2025-12-05,16:26:04,ICICI,IndusInd Bank,Mobikwik,Bill Payment,171.99,Success,NA,Ludhiana,Android,1138,False
UPI100000622,2025-03-23,03:00:28,Punjab National Bank,Kotak Mahindra,BHIM,P2M,25.91,Success,NA,Lucknow,iOS,389,True
UPI100000623,2025-05-31,06:55:04,Punjab National Bank,Punjab National Bank,Paytm,P2M,1915.35,Failed,Bank Server Down,Lucknow,iOS,1965,True
UPI100000624,2025-02-09,08:04:47,ICICI,Axis Bank,Amazon Pay,Fund Transfer,974.13,Failed,NPCI Switch Error,Patiala,Android,4374,True
UPI100000625,2025-12-07,10:52:28,SBI,Union Bank,CRED,Merchant Payment,219.5,Failed,Network Timeout,Hyderabad,iOS,1372,True
UPI100000626,2025-12-28,08:55:52,IDBI Bank,IDBI Bank,PhonePe,Merchant Payment,548.89,Failed,PSP Server Error,Kolkata,Android,2005,True
UPI100000627,2025-07-01,01:12:59,Canara Bank,ICICI,Amazon Pay,P2M,4119.18,Success,NA,Lucknow,Android,953,False
UPI100000628,2025-03-19,20:12:58,IndusInd Bank,Kotak Mahindra,BHIM,Merchant Payment,615.59,Success,NA,Hyderabad,Android,2170,False
UPI100000629,2025-03-15,12:59:22,Yes Bank,Kotak Mahindra,CRED,Merchant Payment,774.06,Failed,NPCI Switch Error,Kolkata,iOS,3307,True
UPI100000630,2025-12-02,08:11:15,Yes Bank,Bank of Baroda,BHIM,P2M,2438.02,Success,NA,Patiala,Android,209,False
UPI100000631,2025-03-04,21:36:54,HDFC,Yes Bank,WhatsApp Pay,Recharge,1017.75,Failed,Bank Server Down,Kolkata,iOS,2114,False
UPI100000632,2025-04-26,03:08:52,HDFC,IndusInd Bank,Google Pay,P2M,198.75,Reversed,NPCI Switch Error,Jalandhar,iOS,946,True
UPI100000633,2025-03-31,19:45:01,Kotak Mahindra,Bank of Baroda,WhatsApp Pay,Recharge,1821.46,Success,NA,Pune,Android,55,False
UPI100000634,2025-08-20,00:40:29,Canara Bank,ICICI,Paytm,P2M,2925.64,Success,NA,Lucknow,iOS,664,False
UPI100000635,2025-01-27,11:13:07,IDBI Bank,Axis Bank,Paytm,Fund Transfer,1762.53,Pending,NA,Ludhiana,Android,495,False
UPI100000636,2025-03-17,04:55:18,Punjab National Bank,Canara Bank,BHIM,Recharge,352.22,Success,NA,Mumbai,iOS,94,False
UPI100000637,2025-06-05,13:13:51,Punjab National Bank,Punjab National Bank,CRED,P2P,960.64,Pending,NA,Jalandhar,Android,221,False
UPI100000638,2025-03-03,07:30:43,Axis Bank,Axis Bank,BHIM,Bill Payment,966.93,Failed,Account Blocked/Frozen,Mumbai,iOS,427,False
UPI100000639,2025-07-13,10:53:56,Bank of Baroda,IndusInd Bank,Mobikwik,P2M,608.99,Failed,NPCI Switch Error,Lucknow,iOS,1039,True
UPI100000640,2025-05-08,05:18:42,Punjab National Bank,Canara Bank,Google Pay,Recharge,4892.32,Success,NA,Jalandhar,Android,116,False
UPI100000641,2025-05-25,12:32:04,IndusInd Bank,Yes Bank,WhatsApp Pay,Recharge,1406.71,Success,NA,Chandigarh,iOS,710,True
UPI100000642,2025-05-21,22:08:13,Canara Bank,SBI,WhatsApp Pay,Merchant Payment,2365.28,Reversed,Bank Server Down,Bengaluru,Android,1844,False
UPI100000643,2025-08-07,22:03:00,IDBI Bank,Canara Bank,WhatsApp Pay,Recharge,914.48,Failed,Account Blocked/Frozen,Mumbai,iOS,561,False
UPI100000644,2025-07-17,19:47:40,ICICI,SBI,Google Pay,Merchant Payment,94.8,Success,NA,Jaipur,iOS,184,False
UPI100000645,2025-05-07,03:59:50,Axis Bank,Axis Bank,BHIM,Merchant Payment,3066.66,Success,NA,Pune,iOS,376,False
UPI100000646,2025-03-28,22:59:28,HDFC,ICICI,Paytm,Fund Transfer,274.12,Reversed,Duplicate Transaction,Amritsar,Android,288,False
UPI100000647,2025-03-04,17:13:33,Axis Bank,ICICI,Google Pay,Merchant Payment,8089.58,Failed,Duplicate Transaction,Pune,Android,1763,False
UPI100000648,2025-07-16,02:10:37,IDBI Bank,Axis Bank,Mobikwik,Merchant Payment,396.72,Success,NA,Jalandhar,Android,629,False
UPI100000649,2025-02-26,04:45:06,IDBI Bank,HDFC,Google Pay,Fund Transfer,2228.61,Failed,Insufficient Balance,Amritsar,Android,73,False
UPI100000650,2025-09-22,13:09:34,IDBI Bank,Canara Bank,BHIM,Merchant Payment,1091.91,Success,NA,Patiala,iOS,1027,False
UPI100000651,2025-08-01,21:10:08,SBI,IndusInd Bank,CRED,Bill Payment,23.69,Success,NA,Kolkata,iOS,521,False
UPI100000652,2025-01-27,19:49:47,HDFC,Union Bank,CRED,P2P,1273.19,Pending,NA,Bengaluru,Android,1062,False
UPI100000653,2025-11-23,05:56:51,HDFC,IDBI Bank,WhatsApp Pay,Bill Payment,762.5,Pending,NA,Jalandhar,iOS,2772,True
UPI100000654,2025-02-04,14:19:48,IDBI Bank,Axis Bank,CRED,Recharge,595.1,Pending,NA,Ludhiana,Android,201,False
UPI100000655,2025-06-08,07:45:26,Axis Bank,Kotak Mahindra,CRED,Recharge,2596.87,Failed,Beneficiary Bank Unavailable,Jaipur,Android,590,True
UPI100000656,2025-05-13,10:41:47,HDFC,IndusInd Bank,WhatsApp Pay,Recharge,5537.59,Success,NA,Lucknow,Android,737,False
UPI100000657,2025-05-02,18:46:40,Axis Bank,Bank of Baroda,WhatsApp Pay,P2P,1898.09,Success,NA,Pune,Android,953,False
UPI100000658,2025-07-17,14:38:29,IndusInd Bank,ICICI,WhatsApp Pay,P2M,2774.16,Failed,Bank Server Down,Mumbai,iOS,346,False
UPI100000659,2025-01-03,23:23:01,Kotak Mahindra,IndusInd Bank,Paytm,Bill Payment,117.13,Success,NA,Amritsar,Android,284,False
UPI100000660,2025-11-18,03:07:47,IndusInd Bank,Bank of Baroda,Mobikwik,P2P,484.42,Success,NA,Lucknow,Android,246,False
UPI100000661,2025-07-30,08:02:28,Canara Bank,Kotak Mahindra,BHIM,Bill Payment,822.82,Success,NA,Mumbai,iOS,1058,False
UPI100000662,2025-10-18,11:47:42,Canara Bank,IDBI Bank,Google Pay,Merchant Payment,2941.31,Success,NA,Ahmedabad,iOS,979,True
UPI100000663,2025-08-20,15:08:32,ICICI,SBI,Google Pay,P2M,24.81,Success,NA,Delhi,iOS,995,False
UPI100000664,2025-01-22,20:51:58,Union Bank,Bank of Baroda,Paytm,Bill Payment,2549.98,Reversed,Duplicate Transaction,Delhi,Android,3547,False
UPI100000665,2025-10-24,17:34:48,Punjab National Bank,IDBI Bank,Amazon Pay,P2M,265.05,Success,NA,Patiala,Android,564,False
UPI100000666,2025-01-05,21:00:45,Bank of Baroda,Punjab National Bank,Mobikwik,P2M,1508.38,Success,NA,Hyderabad,Android,262,True
UPI100000667,2025-11-23,01:04:40,Axis Bank,Yes Bank,PhonePe,P2M,896.35,Success,NA,Pune,Android,535,True
UPI100000668,2025-11-22,11:20:28,Bank of Baroda,Union Bank,WhatsApp Pay,Fund Transfer,548.87,Pending,NA,Delhi,Android,511,True
UPI100000669,2025-12-15,07:16:23,Punjab National Bank,SBI,BHIM,P2P,929.74,Success,NA,Pune,iOS,865,False
UPI100000670,2025-10-20,20:19:41,ICICI,IndusInd Bank,CRED,P2M,858.48,Reversed,NPCI Switch Error,Amritsar,iOS,138,False
UPI100000671,2025-06-12,20:21:53,IDBI Bank,HDFC,WhatsApp Pay,Merchant Payment,954.59,Failed,Beneficiary Bank Unavailable,Kolkata,Android,160,False
UPI100000672,2025-05-28,20:24:55,Union Bank,IndusInd Bank,Amazon Pay,Bill Payment,382.43,Success,NA,Mumbai,Android,438,False
UPI100000673,2025-08-14,10:06:44,IndusInd Bank,ICICI,Google Pay,Merchant Payment,2940.08,Failed,Beneficiary Bank Unavailable,Delhi,iOS,294,False
UPI100000674,2025-03-05,21:37:32,Axis Bank,Union Bank,Google Pay,Fund Transfer,1799.49,Success,NA,Mumbai,Android,2983,False
UPI100000675,2025-02-15,10:15:29,Union Bank,Axis Bank,Paytm,P2M,3181.97,Success,NA,Chandigarh,Android,285,True
UPI100000676,2025-10-08,15:46:45,Axis Bank,ICICI,CRED,Bill Payment,163.08,Failed,NPCI Switch Error,Mumbai,Android,495,False
UPI100000677,2025-07-07,00:03:49,IndusInd Bank,HDFC,BHIM,Recharge,1127.67,Failed,Invalid VPA,Amritsar,Android,569,False
UPI100000678,2025-08-06,19:49:16,Punjab National Bank,IndusInd Bank,WhatsApp Pay,Recharge,98.18,Failed,Duplicate Transaction,Amritsar,iOS,778,False
UPI100000679,2025-02-16,18:21:00,Canara Bank,Bank of Baroda,Paytm,Merchant Payment,3062.88,Success,NA,Lucknow,iOS,730,True
UPI100000680,2025-12-24,03:10:37,Yes Bank,Union Bank,Mobikwik,P2P,1209.66,Failed,Daily Limit Exceeded,Hyderabad,Android,847,False
UPI100000681,2025-12-07,18:50:47,IndusInd Bank,HDFC,Google Pay,Merchant Payment,1196.06,Failed,NPCI Switch Error,Lucknow,Android,1089,True
UPI100000682,2025-10-19,16:44:37,Punjab National Bank,Kotak Mahindra,CRED,P2P,2762.14,Failed,Account Blocked/Frozen,Bengaluru,Android,1419,True
UPI100000683,2025-08-13,13:30:32,Yes Bank,Yes Bank,CRED,Bill Payment,490.75,Failed,Incorrect UPI PIN,Amritsar,Android,1508,False
UPI100000684,2025-11-24,18:24:22,Punjab National Bank,IndusInd Bank,CRED,P2M,661.91,Failed,Bank Server Down,Jaipur,Android,1614,False
UPI100000685,2025-05-09,22:38:14,IndusInd Bank,IndusInd Bank,BHIM,P2P,177.49,Success,NA,Patiala,iOS,820,False
UPI100000686,2025-03-07,21:55:29,Bank of Baroda,HDFC,BHIM,Fund Transfer,2074.64,Pending,NA,Delhi,Android,65,False
UPI100000687,2025-09-08,08:08:19,Yes Bank,ICICI,WhatsApp Pay,Bill Payment,378.33,Success,NA,Patiala,iOS,578,False
UPI100000688,2025-01-24,16:38:22,IndusInd Bank,ICICI,Mobikwik,Recharge,387.09,Failed,Duplicate Transaction,Amritsar,Android,262,False
UPI100000689,2025-09-28,22:23:52,HDFC,Union Bank,Google Pay,P2M,565.43,Success,NA,Chandigarh,Android,3362,True
UPI100000690,2025-04-13,11:27:36,IndusInd Bank,HDFC,CRED,Bill Payment,928.19,Failed,Insufficient Balance,Lucknow,Android,137,True
UPI100000691,2025-03-20,03:41:28,Bank of Baroda,Axis Bank,BHIM,P2M,1737.9,Failed,Insufficient Balance,Kolkata,iOS,108,False
UPI100000692,2025-10-13,23:20:03,Yes Bank,Bank of Baroda,Google Pay,P2M,1090.04,Failed,Incorrect UPI PIN,Bengaluru,iOS,874,False
UPI100000693,2025-12-23,17:41:08,Axis Bank,Axis Bank,BHIM,Recharge,415.45,Failed,PSP Server Error,Ludhiana,iOS,258,False
UPI100000694,2025-04-10,06:46:03,Bank of Baroda,Bank of Baroda,Amazon Pay,Fund Transfer,293.47,Success,NA,Kolkata,Android,171,False
UPI100000695,2025-02-18,13:40:52,HDFC,Axis Bank,Mobikwik,Fund Transfer,953.9,Success,NA,Lucknow,Android,163,False
UPI100000696,2025-01-02,04:45:38,Yes Bank,ICICI,Paytm,Merchant Payment,2558.28,Success,NA,Patiala,Android,246,False
UPI100000697,2025-01-12,08:29:22,Punjab National Bank,SBI,PhonePe,P2M,904.78,Reversed,Duplicate Transaction,Patiala,iOS,1119,True
UPI100000698,2025-04-10,16:23:45,Yes Bank,Yes Bank,Amazon Pay,Merchant Payment,276.11,Failed,Invalid VPA,Hyderabad,iOS,72,False
UPI100000699,2025-12-15,16:31:13,HDFC,Yes Bank,Google Pay,Recharge,3436.33,Reversed,NPCI Switch Error,Chandigarh,iOS,775,False
UPI100000700,2025-11-16,07:13:48,IndusInd Bank,HDFC,PhonePe,Recharge,2579.51,Reversed,Bank Server Down,Patiala,iOS,477,True
UPI100000701,2025-12-19,13:57:07,Punjab National Bank,Canara Bank,BHIM,P2M,2387.93,Failed,PSP Server Error,Lucknow,iOS,1110,False
UPI100000702,2025-03-08,09:42:09,IDBI Bank,ICICI,PhonePe,P2P,463.0,Failed,Bank Server Down,Jalandhar,Android,844,True
UPI100000703,2025-01-25,12:25:22,Bank of Baroda,IDBI Bank,Paytm,P2P,38.06,Failed,Account Blocked/Frozen,Kolkata,Android,2163,True
UPI100000704,2025-11-29,23:12:45,Punjab National Bank,IndusInd Bank,PhonePe,Recharge,1426.81,Reversed,NPCI Switch Error,Jaipur,iOS,861,True
UPI100000705,2025-03-12,05:02:54,Kotak Mahindra,Kotak Mahindra,CRED,Bill Payment,8378.83,Success,NA,Jalandhar,iOS,502,False
UPI100000706,2025-10-26,07:26:51,IndusInd Bank,SBI,PhonePe,Recharge,803.85,Success,NA,Pune,iOS,482,True
UPI100000707,2025-03-26,00:35:47,Canara Bank,Axis Bank,WhatsApp Pay,Recharge,3111.68,Failed,Bank Server Down,Ahmedabad,Android,201,False
UPI100000708,2025-01-30,02:37:59,HDFC,Yes Bank,CRED,P2P,330.43,Success,NA,Chandigarh,Android,386,False
UPI100000709,2025-11-24,02:54:10,Bank of Baroda,Union Bank,Mobikwik,P2M,867.17,Success,NA,Ludhiana,iOS,1160,False
UPI100000710,2025-07-07,23:56:24,SBI,ICICI,Amazon Pay,Bill Payment,480.4,Reversed,NPCI Switch Error,Lucknow,iOS,239,False
UPI100000711,2025-05-13,11:00:43,Punjab National Bank,Punjab National Bank,Google Pay,P2M,1375.58,Success,NA,Kolkata,Android,673,False
UPI100000712,2025-12-19,18:41:46,HDFC,HDFC,Amazon Pay,Fund Transfer,3651.0,Success,NA,Amritsar,iOS,516,False
UPI100000713,2025-08-29,17:01:53,SBI,Kotak Mahindra,WhatsApp Pay,P2M,909.84,Success,NA,Ahmedabad,Android,592,False
UPI100000714,2025-11-26,17:34:08,Bank of Baroda,IndusInd Bank,WhatsApp Pay,Fund Transfer,622.87,Reversed,NPCI Switch Error,Kolkata,Android,860,False
UPI100000715,2025-02-20,19:48:38,Bank of Baroda,Canara Bank,PhonePe,P2P,1473.08,Success,NA,Mumbai,Android,249,False
UPI100000716,2025-03-20,09:58:11,HDFC,Yes Bank,Amazon Pay,P2M,1868.99,Success,NA,Bengaluru,Android,120,False
UPI100000717,2025-04-30,02:06:50,Kotak Mahindra,Bank of Baroda,Mobikwik,P2P,1892.36,Success,NA,Jaipur,iOS,2670,False
UPI100000718,2025-11-19,01:53:14,Yes Bank,Axis Bank,Amazon Pay,P2P,1688.62,Success,NA,Ludhiana,iOS,115,False
UPI100000719,2025-05-10,14:01:08,Canara Bank,ICICI,WhatsApp Pay,Recharge,8289.81,Success,NA,Patiala,Android,856,True
UPI100000720,2025-05-23,12:36:46,IndusInd Bank,Yes Bank,Paytm,P2M,174.11,Success,NA,Chandigarh,iOS,300,False
UPI100000721,2025-11-18,16:32:37,ICICI,Canara Bank,PhonePe,Merchant Payment,270.93,Success,NA,Jaipur,iOS,86,False
UPI100000722,2025-11-19,22:25:29,HDFC,Yes Bank,WhatsApp Pay,Merchant Payment,2508.5,Success,NA,Lucknow,Android,467,False
UPI100000723,2025-02-13,14:05:15,SBI,Union Bank,Mobikwik,P2M,4144.92,Success,NA,Kolkata,iOS,229,False
UPI100000724,2025-08-02,09:43:50,Punjab National Bank,Yes Bank,Amazon Pay,Bill Payment,312.98,Success,NA,Ludhiana,iOS,2730,True
UPI100000725,2025-04-04,01:36:36,ICICI,IDBI Bank,BHIM,Bill Payment,241.58,Failed,PSP Server Error,Ahmedabad,Android,90,False
UPI100000726,2025-04-11,07:13:08,Axis Bank,Punjab National Bank,Amazon Pay,Recharge,1046.63,Failed,Bank Server Down,Jaipur,iOS,1210,False
UPI100000727,2025-01-26,00:07:33,Yes Bank,Yes Bank,Paytm,P2P,1163.51,Pending,NA,Chandigarh,iOS,798,True
UPI100000728,2025-11-09,00:33:37,Kotak Mahindra,Bank of Baroda,Amazon Pay,P2P,2452.12,Success,NA,Mumbai,iOS,607,True
UPI100000729,2025-04-14,09:43:51,HDFC,Axis Bank,BHIM,P2M,463.03,Failed,NPCI Switch Error,Pune,Android,133,False
UPI100000730,2025-09-11,00:12:07,IDBI Bank,Yes Bank,Mobikwik,P2M,34.07,Success,NA,Kolkata,Android,1915,False
UPI100000731,2025-01-15,20:42:11,SBI,Punjab National Bank,WhatsApp Pay,P2P,2170.49,Success,NA,Ludhiana,Android,482,False
UPI100000732,2025-03-01,15:43:50,ICICI,IndusInd Bank,PhonePe,Merchant Payment,2143.62,Failed,Insufficient Balance,Amritsar,Android,220,True
UPI100000733,2025-10-06,07:40:26,SBI,IndusInd Bank,WhatsApp Pay,Merchant Payment,761.78,Success,NA,Pune,iOS,560,False
UPI100000734,2025-05-31,22:18:37,SBI,Bank of Baroda,Mobikwik,P2M,1339.74,Reversed,Bank Server Down,Amritsar,Android,267,True
UPI100000735,2025-04-30,02:26:44,HDFC,Axis Bank,Google Pay,Recharge,5757.8,Success,NA,Ahmedabad,Android,1255,False
UPI100000736,2025-09-10,23:42:54,SBI,Bank of Baroda,Mobikwik,Bill Payment,1188.25,Success,NA,Kolkata,Android,524,False
UPI100000737,2025-06-27,06:32:15,SBI,Yes Bank,WhatsApp Pay,Bill Payment,2147.68,Failed,Account Blocked/Frozen,Mumbai,Android,266,False
UPI100000738,2025-04-13,21:53:36,Bank of Baroda,SBI,Amazon Pay,Fund Transfer,3744.76,Success,NA,Patiala,iOS,1414,True
UPI100000739,2025-07-01,01:03:02,IndusInd Bank,Canara Bank,Paytm,Merchant Payment,213.11,Failed,Transaction Timeout,Delhi,iOS,155,False
UPI100000740,2025-01-24,12:15:40,Kotak Mahindra,Union Bank,Google Pay,Bill Payment,3861.51,Success,NA,Ludhiana,Android,1019,False
UPI100000741,2025-08-15,23:58:55,Canara Bank,Axis Bank,WhatsApp Pay,P2M,1136.38,Failed,Account Blocked/Frozen,Chandigarh,Android,6070,False
UPI100000742,2025-10-14,12:22:07,Bank of Baroda,Axis Bank,WhatsApp Pay,Bill Payment,256.01,Failed,Daily Limit Exceeded,Mumbai,Android,1747,False
UPI100000743,2025-04-17,00:57:15,HDFC,Axis Bank,CRED,Recharge,802.72,Reversed,NPCI Switch Error,Ahmedabad,iOS,658,False
UPI100000744,2025-07-13,02:18:34,Canara Bank,Union Bank,Amazon Pay,P2M,286.1,Success,NA,Bengaluru,iOS,834,True
UPI100000745,2025-07-10,07:38:19,IDBI Bank,ICICI,Amazon Pay,Fund Transfer,1065.87,Success,NA,Jaipur,Android,1145,False
UPI100000746,2025-01-15,10:34:58,Kotak Mahindra,Punjab National Bank,BHIM,Recharge,547.53,Failed,Daily Limit Exceeded,Delhi,iOS,587,False
UPI100000747,2025-01-09,08:59:36,ICICI,ICICI,Amazon Pay,Merchant Payment,240.04,Failed,Incorrect UPI PIN,Amritsar,iOS,418,False
UPI100000748,2025-04-05,07:27:29,Kotak Mahindra,Kotak Mahindra,WhatsApp Pay,Bill Payment,3220.82,Success,NA,Ludhiana,iOS,1077,True
UPI100000749,2025-12-03,05:10:53,IDBI Bank,IDBI Bank,WhatsApp Pay,P2P,33.73,Success,NA,Hyderabad,iOS,287,False
UPI100000750,2025-12-10,15:59:32,Canara Bank,Canara Bank,WhatsApp Pay,P2M,13209.78,Failed,Invalid VPA,Bengaluru,iOS,273,False
UPI100000751,2025-02-13,05:55:23,Yes Bank,Union Bank,BHIM,Recharge,11.9,Pending,NA,Ahmedabad,iOS,293,False
UPI100000752,2025-04-26,13:15:08,IndusInd Bank,IDBI Bank,Paytm,P2M,578.72,Success,NA,Hyderabad,iOS,1806,True
UPI100000753,2025-11-05,02:07:22,Axis Bank,Punjab National Bank,Google Pay,P2P,477.84,Success,NA,Lucknow,Android,1263,False
UPI100000754,2025-01-07,16:40:30,Canara Bank,IDBI Bank,CRED,Fund Transfer,725.32,Failed,Daily Limit Exceeded,Ludhiana,iOS,3461,False
UPI100000755,2025-12-30,12:15:43,Yes Bank,Bank of Baroda,WhatsApp Pay,Recharge,15.95,Success,NA,Lucknow,iOS,1531,False
UPI100000756,2025-08-28,20:43:19,ICICI,Bank of Baroda,CRED,Merchant Payment,374.09,Failed,Incorrect UPI PIN,Lucknow,Android,1181,False
UPI100000757,2025-07-29,16:13:28,IndusInd Bank,Yes Bank,BHIM,Fund Transfer,145.11,Success,NA,Pune,Android,379,False
UPI100000758,2025-04-14,05:59:37,Axis Bank,ICICI,Paytm,Recharge,1643.69,Success,NA,Amritsar,iOS,152,False
UPI100000759,2025-10-13,01:25:41,ICICI,Punjab National Bank,Google Pay,P2M,2782.86,Success,NA,Bengaluru,iOS,131,False
UPI100000760,2025-08-09,00:54:53,HDFC,Yes Bank,CRED,P2M,914.29,Success,NA,Kolkata,Android,1243,True
UPI100000761,2025-09-03,04:06:19,SBI,Kotak Mahindra,BHIM,Merchant Payment,1250.55,Success,NA,Ahmedabad,iOS,236,False
UPI100000762,2025-02-09,18:42:39,Punjab National Bank,SBI,WhatsApp Pay,P2P,143.48,Failed,Beneficiary Bank Unavailable,Chandigarh,iOS,2474,True
UPI100000763,2025-11-06,05:02:41,Yes Bank,ICICI,BHIM,Fund Transfer,140.39,Success,NA,Jalandhar,iOS,1272,False
UPI100000764,2025-01-08,02:29:58,Union Bank,ICICI,Google Pay,Fund Transfer,732.78,Success,NA,Ahmedabad,iOS,416,False
UPI100000765,2025-12-18,20:13:02,IDBI Bank,SBI,Google Pay,Fund Transfer,1676.3,Failed,PSP Server Error,Amritsar,iOS,222,False
UPI100000766,2025-07-24,09:12:52,IndusInd Bank,Punjab National Bank,Amazon Pay,P2M,1742.8,Success,NA,Patiala,Android,113,False
UPI100000767,2025-08-27,16:19:19,IndusInd Bank,Yes Bank,Google Pay,P2P,798.15,Success,NA,Jaipur,Android,80,False
UPI100000768,2025-01-11,18:36:45,Kotak Mahindra,Axis Bank,CRED,Merchant Payment,427.83,Success,NA,Hyderabad,Android,218,True
UPI100000769,2025-09-10,05:21:16,Axis Bank,Kotak Mahindra,Paytm,Recharge,2626.59,Pending,NA,Patiala,Android,1007,False
UPI100000770,2025-02-27,09:09:19,Union Bank,Bank of Baroda,BHIM,Bill Payment,1273.27,Pending,NA,Lucknow,iOS,2531,False
UPI100000771,2025-12-20,11:39:24,Bank of Baroda,Bank of Baroda,BHIM,P2P,950.27,Failed,Bank Server Down,Kolkata,iOS,403,True
UPI100000772,2025-08-11,04:45:27,SBI,Axis Bank,PhonePe,Recharge,1443.53,Failed,Duplicate Transaction,Jaipur,Android,1062,False
UPI100000773,2025-04-19,04:50:38,Punjab National Bank,IndusInd Bank,Paytm,Fund Transfer,1386.44,Success,NA,Jaipur,Android,276,True
UPI100000774,2025-11-23,01:00:50,Bank of Baroda,Punjab National Bank,CRED,P2M,844.76,Success,NA,Delhi,Android,853,True
UPI100000775,2025-12-03,13:52:41,IDBI Bank,Union Bank,Mobikwik,Recharge,2926.84,Success,NA,Ahmedabad,iOS,232,False
UPI100000776,2025-01-20,15:30:23,SBI,ICICI,Mobikwik,Fund Transfer,810.97,Failed,Network Timeout,Lucknow,Android,397,False
UPI100000777,2025-11-28,05:49:42,SBI,Yes Bank,CRED,P2M,3266.31,Success,NA,Pune,iOS,1326,False
UPI100000778,2025-01-06,07:47:54,Axis Bank,ICICI,PhonePe,Fund Transfer,1335.55,Failed,Daily Limit Exceeded,Ludhiana,iOS,1214,False
UPI100000779,2025-04-06,08:12:45,IndusInd Bank,Axis Bank,WhatsApp Pay,Bill Payment,445.82,Success,NA,Mumbai,iOS,819,True
UPI100000780,2025-05-13,14:26:30,Yes Bank,IndusInd Bank,Paytm,Merchant Payment,1141.05,Failed,Transaction Timeout,Ahmedabad,iOS,76,False
UPI100000781,2025-02-08,11:00:01,HDFC,Union Bank,WhatsApp Pay,P2P,108.57,Success,NA,Ludhiana,iOS,4658,True
UPI100000782,2025-04-23,23:36:21,Bank of Baroda,Canara Bank,CRED,Fund Transfer,1443.44,Success,NA,Bengaluru,iOS,391,False
UPI100000783,2025-02-13,05:43:27,IDBI Bank,SBI,Paytm,P2M,1010.49,Success,NA,Patiala,iOS,402,False
UPI100000784,2025-11-14,14:18:34,SBI,Axis Bank,CRED,P2M,904.26,Success,NA,Jaipur,iOS,889,False
UPI100000785,2025-12-23,11:37:11,Kotak Mahindra,IDBI Bank,Amazon Pay,Bill Payment,1500.86,Success,NA,Chandigarh,Android,223,False
UPI100000786,2025-07-19,13:26:07,HDFC,Axis Bank,Mobikwik,Bill Payment,838.44,Success,NA,Kolkata,Android,334,True
UPI100000787,2025-11-07,21:22:08,SBI,Axis Bank,Amazon Pay,Merchant Payment,3338.94,Success,NA,Pune,Android,644,False
UPI100000788,2025-04-03,04:00:29,Bank of Baroda,SBI,CRED,P2M,2769.29,Failed,Incorrect UPI PIN,Delhi,iOS,706,False
UPI100000789,2025-05-21,10:48:09,Punjab National Bank,Bank of Baroda,Mobikwik,P2P,2811.45,Success,NA,Patiala,iOS,846,False
UPI100000790,2025-01-31,07:12:38,Yes Bank,Union Bank,PhonePe,Recharge,367.0,Success,NA,Pune,Android,1956,False
UPI100000791,2025-05-04,10:06:10,Bank of Baroda,Kotak Mahindra,Mobikwik,Merchant Payment,2941.8,Failed,Duplicate Transaction,Hyderabad,iOS,57,True
UPI100000792,2025-03-12,19:19:46,Kotak Mahindra,Union Bank,Amazon Pay,Bill Payment,934.12,Success,NA,Lucknow,iOS,1357,False
UPI100000793,2025-06-14,16:22:51,Bank of Baroda,Yes Bank,Google Pay,P2P,1238.53,Success,NA,Ludhiana,iOS,516,True
UPI100000794,2025-11-29,12:11:16,Axis Bank,SBI,BHIM,Bill Payment,2156.98,Success,NA,Ahmedabad,Android,93,True
UPI100000795,2025-04-03,19:01:55,Punjab National Bank,IndusInd Bank,Amazon Pay,P2P,596.29,Failed,Beneficiary Bank Unavailable,Bengaluru,Android,218,False
UPI100000796,2025-01-06,22:02:12,Bank of Baroda,Yes Bank,PhonePe,Recharge,913.19,Failed,Insufficient Balance,Mumbai,iOS,1031,False
UPI100000797,2025-09-29,12:41:27,Axis Bank,IDBI Bank,Mobikwik,Bill Payment,3211.91,Reversed,NPCI Switch Error,Bengaluru,iOS,607,False
UPI100000798,2025-05-30,01:44:16,Union Bank,SBI,Amazon Pay,P2M,441.3,Success,NA,Jalandhar,iOS,1000,False
UPI100000799,2025-04-25,07:16:45,ICICI,IDBI Bank,BHIM,Recharge,3812.84,Success,NA,Amritsar,Android,775,False
UPI100000800,2025-12-06,10:17:46,Yes Bank,Yes Bank,PhonePe,P2M,458.4,Success,NA,Delhi,iOS,1268,True
UPI100000801,2025-01-23,21:05:30,IndusInd Bank,Yes Bank,Amazon Pay,Merchant Payment,65.53,Failed,Invalid VPA,Jaipur,iOS,763,False
UPI100000802,2025-03-20,12:29:59,ICICI,Canara Bank,Mobikwik,Fund Transfer,792.24,Success,NA,Lucknow,Android,1414,False
UPI100000803,2025-02-05,16:28:41,IDBI Bank,Kotak Mahindra,Paytm,Recharge,1227.46,Success,NA,Ahmedabad,iOS,169,False
UPI100000804,2025-10-16,15:06:52,HDFC,Yes Bank,PhonePe,P2P,3570.58,Success,NA,Jaipur,iOS,527,False
UPI100000805,2025-08-18,22:49:50,ICICI,Union Bank,CRED,Fund Transfer,3387.09,Failed,Network Timeout,Kolkata,iOS,218,False
UPI100000806,2025-02-26,02:42:57,HDFC,Bank of Baroda,CRED,P2M,874.44,Success,NA,Ludhiana,iOS,754,False
UPI100000807,2025-02-12,02:10:33,Bank of Baroda,Kotak Mahindra,WhatsApp Pay,P2M,1970.76,Success,NA,Hyderabad,Android,1371,False
UPI100000808,2025-08-01,06:42:04,Bank of Baroda,Punjab National Bank,Mobikwik,Recharge,615.2,Success,NA,Ludhiana,Android,161,False
UPI100000809,2025-12-19,03:20:55,Axis Bank,Punjab National Bank,Paytm,Recharge,221.84,Pending,NA,Hyderabad,Android,283,False
UPI100000810,2025-01-26,08:09:37,Kotak Mahindra,SBI,Google Pay,Bill Payment,3007.1,Failed,Daily Limit Exceeded,Amritsar,iOS,459,True
UPI100000811,2025-02-11,15:21:23,IndusInd Bank,Union Bank,PhonePe,Fund Transfer,814.89,Failed,NPCI Switch Error,Lucknow,Android,405,False
UPI100000812,2025-09-10,09:07:53,HDFC,SBI,WhatsApp Pay,Recharge,396.62,Success,NA,Jalandhar,Android,1331,False
UPI100000813,2025-12-06,10:40:52,ICICI,Axis Bank,BHIM,Merchant Payment,165.62,Failed,Invalid VPA,Ludhiana,iOS,161,True
UPI100000814,2025-06-16,08:26:48,Kotak Mahindra,ICICI,Mobikwik,Fund Transfer,428.85,Success,NA,Amritsar,Android,112,False
UPI100000815,2025-07-30,07:23:33,Punjab National Bank,SBI,Mobikwik,P2M,2326.76,Failed,Insufficient Balance,Ludhiana,iOS,564,False
UPI100000816,2025-07-07,00:18:25,Union Bank,Yes Bank,PhonePe,Recharge,1647.98,Success,NA,Patiala,iOS,1805,False
UPI100000817,2025-12-10,01:54:09,SBI,IndusInd Bank,Paytm,P2P,1276.61,Pending,NA,Patiala,iOS,4221,False
UPI100000818,2025-03-26,23:26:00,IDBI Bank,ICICI,Google Pay,Merchant Payment,518.26,Success,NA,Jaipur,Android,122,False
UPI100000819,2025-08-24,14:29:46,Yes Bank,Kotak Mahindra,CRED,P2M,10720.1,Failed,Insufficient Balance,Amritsar,Android,786,True
UPI100000820,2025-10-20,22:27:45,Yes Bank,IndusInd Bank,WhatsApp Pay,Recharge,406.51,Pending,NA,Lucknow,iOS,145,False
UPI100000821,2025-01-28,17:32:51,Kotak Mahindra,IDBI Bank,Mobikwik,Bill Payment,517.95,Success,NA,Patiala,Android,3678,False
UPI100000822,2025-04-16,09:34:30,HDFC,SBI,CRED,Merchant Payment,1059.15,Failed,Network Timeout,Lucknow,Android,2283,False
UPI100000823,2025-04-20,16:04:48,HDFC,Bank of Baroda,Amazon Pay,P2M,552.54,Success,NA,Amritsar,Android,553,True
UPI100000824,2025-08-29,03:02:54,Bank of Baroda,Union Bank,Google Pay,P2P,165.85,Success,NA,Kolkata,iOS,413,False
UPI100000825,2025-11-13,10:02:39,SBI,Yes Bank,PhonePe,Merchant Payment,1258.07,Failed,Invalid VPA,Jalandhar,Android,60,False
UPI100000826,2025-01-20,12:40:15,Yes Bank,HDFC,Amazon Pay,P2P,412.93,Reversed,Duplicate Transaction,Chandigarh,Android,1376,False
UPI100000827,2025-10-17,13:19:25,Kotak Mahindra,Kotak Mahindra,PhonePe,P2M,102.69,Success,NA,Kolkata,Android,465,False
UPI100000828,2025-11-02,15:37:15,Canara Bank,IndusInd Bank,WhatsApp Pay,Merchant Payment,265.35,Success,NA,Ahmedabad,Android,188,True
UPI100000829,2025-10-03,02:48:51,Punjab National Bank,HDFC,Google Pay,P2M,203.72,Failed,PSP Server Error,Jalandhar,Android,1503,False
UPI100000830,2025-09-04,02:06:52,Kotak Mahindra,Axis Bank,PhonePe,P2P,1765.92,Success,NA,Bengaluru,Android,617,False
UPI100000831,2025-06-02,12:15:35,Union Bank,Bank of Baroda,PhonePe,Fund Transfer,3103.35,Success,NA,Lucknow,Android,229,False
UPI100000832,2025-02-16,20:03:24,Yes Bank,HDFC,PhonePe,P2P,4764.39,Success,NA,Patiala,Android,824,True
UPI100000833,2025-07-01,01:22:02,Yes Bank,HDFC,WhatsApp Pay,Fund Transfer,2206.48,Failed,PSP Server Error,Amritsar,Android,112,False
UPI100000834,2025-05-12,02:48:02,IndusInd Bank,Union Bank,WhatsApp Pay,Fund Transfer,178.54,Success,NA,Chandigarh,iOS,911,False
UPI100000835,2025-06-18,03:57:54,HDFC,Axis Bank,CRED,Fund Transfer,1025.14,Pending,NA,Lucknow,iOS,52,False
UPI100000836,2025-05-08,02:37:05,Yes Bank,ICICI,Mobikwik,Recharge,1496.82,Success,NA,Kolkata,Android,402,False
UPI100000837,2025-08-16,04:14:08,ICICI,Yes Bank,WhatsApp Pay,Fund Transfer,816.96,Reversed,NPCI Switch Error,Delhi,Android,886,True
UPI100000838,2025-04-20,01:53:11,Axis Bank,Union Bank,BHIM,Fund Transfer,806.41,Reversed,NPCI Switch Error,Mumbai,iOS,717,True
UPI100000839,2025-11-20,08:01:16,Yes Bank,Axis Bank,BHIM,P2P,1806.34,Success,NA,Bengaluru,iOS,128,False
UPI100000840,2025-11-10,00:55:46,Canara Bank,ICICI,Google Pay,Merchant Payment,85.91,Success,NA,Ludhiana,iOS,1182,False
UPI100000841,2025-07-24,20:21:13,Yes Bank,SBI,WhatsApp Pay,Merchant Payment,17.09,Failed,Insufficient Balance,Amritsar,iOS,167,False
UPI100000842,2025-05-21,21:18:53,Union Bank,HDFC,Google Pay,Bill Payment,897.98,Failed,Account Blocked/Frozen,Delhi,iOS,870,False
UPI100000843,2025-02-28,09:22:05,Union Bank,SBI,Paytm,Fund Transfer,775.54,Reversed,NPCI Switch Error,Ludhiana,Android,488,False
UPI100000844,2025-10-06,09:54:05,Bank of Baroda,Axis Bank,PhonePe,Fund Transfer,1300.8,Success,NA,Jaipur,iOS,326,False
UPI100000845,2025-06-06,17:50:22,Yes Bank,Axis Bank,WhatsApp Pay,P2P,1683.41,Success,NA,Amritsar,iOS,397,False
UPI100000846,2025-03-14,06:12:49,Yes Bank,Bank of Baroda,Amazon Pay,Merchant Payment,964.32,Failed,Network Timeout,Patiala,Android,393,False
UPI100000847,2025-05-11,06:00:05,Kotak Mahindra,Axis Bank,PhonePe,P2P,922.18,Success,NA,Pune,Android,265,True
UPI100000848,2025-02-26,05:54:34,Union Bank,SBI,Amazon Pay,Bill Payment,657.66,Success,NA,Chandigarh,Android,50,False
UPI100000849,2025-03-17,23:39:09,Axis Bank,Punjab National Bank,Paytm,P2P,2469.12,Failed,Bank Server Down,Pune,Android,67,False
UPI100000850,2025-01-09,18:12:28,IDBI Bank,Union Bank,Paytm,Recharge,398.48,Success,NA,Ludhiana,Android,1615,False
UPI100000851,2025-05-21,15:15:51,Bank of Baroda,Union Bank,BHIM,Fund Transfer,1449.13,Failed,Incorrect UPI PIN,Jaipur,iOS,290,False
UPI100000852,2025-12-30,16:02:25,IDBI Bank,Punjab National Bank,CRED,Recharge,473.91,Success,NA,Ahmedabad,iOS,64,False
UPI100000853,2025-11-02,00:28:45,Yes Bank,ICICI,BHIM,P2P,2389.23,Failed,Duplicate Transaction,Hyderabad,Android,649,True
UPI100000854,2025-05-27,02:04:06,Yes Bank,Kotak Mahindra,WhatsApp Pay,P2M,3291.72,Success,NA,Jalandhar,Android,463,False
UPI100000855,2025-12-11,14:02:55,IndusInd Bank,IDBI Bank,Mobikwik,Fund Transfer,1516.85,Success,NA,Chandigarh,iOS,600,False
UPI100000856,2025-10-10,00:40:02,Bank of Baroda,SBI,Mobikwik,Recharge,39.46,Reversed,Duplicate Transaction,Lucknow,Android,211,False
UPI100000857,2025-03-04,17:16:15,SBI,SBI,PhonePe,P2P,23.56,Failed,Network Timeout,Patiala,iOS,332,False
UPI100000858,2025-06-01,10:43:56,Canara Bank,Union Bank,Paytm,Fund Transfer,566.26,Failed,Account Blocked/Frozen,Jaipur,iOS,1178,True
UPI100000859,2025-03-06,21:59:58,IDBI Bank,IndusInd Bank,CRED,Merchant Payment,2717.92,Failed,Invalid VPA,Pune,Android,2797,False
UPI100000860,2025-07-23,16:13:40,IDBI Bank,Bank of Baroda,PhonePe,Fund Transfer,465.05,Failed,NPCI Switch Error,Jaipur,iOS,650,False
UPI100000861,2025-09-10,23:58:30,IDBI Bank,Punjab National Bank,CRED,Bill Payment,796.48,Failed,Network Timeout,Mumbai,iOS,348,False
UPI100000862,2025-08-27,04:05:28,Bank of Baroda,IndusInd Bank,Amazon Pay,Recharge,190.32,Success,NA,Hyderabad,iOS,1277,False
UPI100000863,2025-08-06,00:20:45,SBI,Kotak Mahindra,Google Pay,P2P,598.47,Reversed,NPCI Switch Error,Ludhiana,iOS,696,False
UPI100000864,2025-01-30,15:27:34,Bank of Baroda,Kotak Mahindra,PhonePe,Bill Payment,3034.48,Success,NA,Pune,Android,157,False
UPI100000865,2025-05-11,16:43:14,SBI,Punjab National Bank,Mobikwik,Recharge,81.27,Success,NA,Hyderabad,iOS,247,True
UPI100000866,2025-12-19,15:34:55,Axis Bank,ICICI,Google Pay,Recharge,4929.74,Pending,NA,Jalandhar,Android,634,False
UPI100000867,2025-09-28,01:48:53,Axis Bank,Yes Bank,Amazon Pay,Recharge,1973.38,Success,NA,Kolkata,Android,1011,True
UPI100000868,2025-03-14,00:33:35,Union Bank,Punjab National Bank,Mobikwik,Bill Payment,929.44,Failed,Transaction Timeout,Patiala,Android,1412,False
UPI100000869,2025-02-20,00:02:28,Union Bank,IndusInd Bank,Paytm,P2M,4910.85,Success,NA,Ludhiana,iOS,455,False
UPI100000870,2025-09-30,02:43:15,IDBI Bank,Union Bank,Amazon Pay,Recharge,398.35,Pending,NA,Ludhiana,Android,175,False
UPI100000871,2025-07-17,07:01:27,ICICI,Union Bank,Google Pay,P2M,1064.59,Failed,Beneficiary Bank Unavailable,Chandigarh,Android,294,False
UPI100000872,2025-06-14,15:52:18,Canara Bank,Kotak Mahindra,PhonePe,Bill Payment,700.72,Failed,NPCI Switch Error,Bengaluru,iOS,2022,True
UPI100000873,2025-12-05,19:33:49,Punjab National Bank,Bank of Baroda,CRED,Bill Payment,734.73,Success,NA,Hyderabad,iOS,199,False
UPI100000874,2025-02-17,22:50:15,Kotak Mahindra,Kotak Mahindra,Google Pay,Recharge,173.91,Failed,Insufficient Balance,Delhi,Android,1996,False
UPI100000875,2025-09-06,06:42:22,Union Bank,IDBI Bank,Amazon Pay,P2M,3391.91,Reversed,Duplicate Transaction,Lucknow,iOS,724,True
UPI100000876,2025-10-01,02:54:07,SBI,Bank of Baroda,BHIM,P2M,1187.49,Failed,Account Blocked/Frozen,Jaipur,Android,1002,False
UPI100000877,2025-09-27,06:56:57,Yes Bank,HDFC,Mobikwik,Fund Transfer,3550.04,Failed,Bank Server Down,Hyderabad,Android,1446,True
UPI100000878,2025-08-10,06:18:14,IndusInd Bank,SBI,Mobikwik,Recharge,2890.03,Pending,NA,Ludhiana,iOS,1924,True
UPI100000879,2025-03-15,20:31:54,SBI,Axis Bank,Mobikwik,P2M,1921.45,Success,NA,Ahmedabad,Android,218,True
UPI100000880,2025-04-28,12:00:05,Kotak Mahindra,Canara Bank,CRED,Fund Transfer,134.51,Failed,Network Timeout,Jalandhar,iOS,400,False
UPI100000881,2025-11-21,21:50:27,HDFC,Bank of Baroda,PhonePe,P2M,3129.27,Failed,Account Blocked/Frozen,Patiala,Android,3974,False
UPI100000882,2025-10-16,00:00:37,Yes Bank,IndusInd Bank,Amazon Pay,Bill Payment,3203.0,Success,NA,Jaipur,iOS,1603,False
UPI100000883,2025-02-17,00:07:12,Canara Bank,SBI,BHIM,Merchant Payment,4909.93,Success,NA,Amritsar,Android,873,False
UPI100000884,2025-08-22,12:24:34,SBI,ICICI,BHIM,Bill Payment,689.12,Success,NA,Hyderabad,Android,500,False
UPI100000885,2025-03-02,20:55:12,IDBI Bank,IDBI Bank,BHIM,P2M,2694.59,Failed,Network Timeout,Amritsar,iOS,181,True
UPI100000886,2025-06-19,16:51:26,SBI,Union Bank,CRED,Recharge,113.07,Reversed,Bank Server Down,Jalandhar,iOS,517,False
UPI100000887,2025-03-29,15:19:44,Yes Bank,IDBI Bank,Amazon Pay,Fund Transfer,2528.24,Success,NA,Patiala,iOS,265,True
UPI100000888,2025-01-12,06:29:01,Yes Bank,Union Bank,Amazon Pay,Bill Payment,1106.25,Success,NA,Lucknow,iOS,90,True
UPI100000889,2025-11-04,20:22:54,Union Bank,Axis Bank,BHIM,Fund Transfer,1785.59,Success,NA,Patiala,Android,299,False
UPI100000890,2025-12-27,00:25:09,Kotak Mahindra,Punjab National Bank,Paytm,Bill Payment,1230.2,Success,NA,Chandigarh,iOS,191,True
UPI100000891,2025-08-16,19:22:58,IndusInd Bank,SBI,Amazon Pay,P2M,339.3,Pending,NA,Hyderabad,iOS,533,True
UPI100000892,2025-12-22,12:20:58,Punjab National Bank,HDFC,Google Pay,Fund Transfer,261.12,Pending,NA,Ahmedabad,Android,139,False
UPI100000893,2025-01-02,10:38:34,IndusInd Bank,Yes Bank,Google Pay,Bill Payment,685.93,Failed,Beneficiary Bank Unavailable,Jaipur,Android,501,False
UPI100000894,2025-04-14,10:45:37,Bank of Baroda,HDFC,PhonePe,P2M,600.49,Failed,Duplicate Transaction,Amritsar,iOS,491,False
UPI100000895,2025-10-14,10:14:20,IDBI Bank,Punjab National Bank,Paytm,Bill Payment,216.45,Failed,Duplicate Transaction,Amritsar,Android,104,False
UPI100000896,2025-04-05,01:38:19,Bank of Baroda,Kotak Mahindra,WhatsApp Pay,Fund Transfer,687.92,Failed,Network Timeout,Chandigarh,iOS,373,True
UPI100000897,2025-02-26,11:33:36,Bank of Baroda,IndusInd Bank,BHIM,Merchant Payment,449.84,Success,NA,Mumbai,iOS,677,False
UPI100000898,2025-03-08,18:12:12,SBI,IDBI Bank,Mobikwik,P2M,1446.66,Success,NA,Delhi,iOS,897,True
UPI100000899,2025-04-26,00:17:54,Punjab National Bank,Axis Bank,CRED,P2P,1997.67,Failed,NPCI Switch Error,Hyderabad,Android,319,True
UPI100000900,2025-10-18,23:22:33,Union Bank,IDBI Bank,Google Pay,Bill Payment,1112.38,Pending,NA,Jaipur,Android,78,True
UPI100000901,2025-12-12,10:20:51,SBI,HDFC,Paytm,P2P,632.5,Success,NA,Mumbai,Android,286,False
UPI100000902,2025-10-04,20:15:32,Union Bank,Punjab National Bank,PhonePe,P2P,930.53,Success,NA,Ahmedabad,Android,128,True
UPI100000903,2025-09-04,06:12:11,ICICI,SBI,BHIM,Merchant Payment,589.57,Reversed,Bank Server Down,Jalandhar,Android,2011,False
UPI100000904,2025-05-22,22:11:55,SBI,Kotak Mahindra,Google Pay,Recharge,1588.12,Success,NA,Amritsar,Android,1412,False
UPI100000905,2025-07-17,10:15:43,Yes Bank,SBI,Amazon Pay,Recharge,1661.29,Failed,Incorrect UPI PIN,Ahmedabad,iOS,94,False
UPI100000906,2025-03-28,12:09:04,HDFC,SBI,Mobikwik,Merchant Payment,4759.08,Pending,NA,Pune,iOS,1615,False
UPI100000907,2025-07-08,01:53:26,IDBI Bank,HDFC,Mobikwik,Merchant Payment,123.01,Pending,NA,Kolkata,Android,933,False
UPI100000908,2025-05-12,09:21:37,Punjab National Bank,SBI,Google Pay,Merchant Payment,2368.15,Failed,Insufficient Balance,Delhi,Android,366,False
UPI100000909,2025-06-10,16:25:55,Punjab National Bank,Bank of Baroda,Mobikwik,P2M,1420.37,Success,NA,Delhi,iOS,268,False
UPI100000910,2025-08-22,18:57:06,IDBI Bank,ICICI,PhonePe,P2P,1618.49,Reversed,Bank Server Down,Jalandhar,Android,808,False
UPI100000911,2025-08-30,10:21:11,Yes Bank,HDFC,CRED,Merchant Payment,200.51,Failed,Duplicate Transaction,Amritsar,iOS,592,True
UPI100000912,2025-03-26,10:17:10,Axis Bank,Canara Bank,PhonePe,Merchant Payment,760.53,Failed,Bank Server Down,Chandigarh,iOS,482,False
UPI100000913,2025-08-21,00:29:16,Kotak Mahindra,SBI,BHIM,P2P,446.7,Success,NA,Chandigarh,Android,2380,False
UPI100000914,2025-06-03,01:15:35,Axis Bank,Canara Bank,Google Pay,Merchant Payment,905.66,Failed,Network Timeout,Bengaluru,iOS,1381,False
UPI100000915,2025-04-20,04:30:26,Punjab National Bank,Bank of Baroda,Google Pay,Merchant Payment,3377.88,Pending,NA,Jaipur,iOS,1106,True
UPI100000916,2025-01-19,12:58:27,Axis Bank,Canara Bank,WhatsApp Pay,P2P,2067.49,Failed,Network Timeout,Ahmedabad,iOS,1052,True
UPI100000917,2025-12-02,19:04:26,Axis Bank,SBI,Mobikwik,Bill Payment,762.16,Failed,PSP Server Error,Ahmedabad,Android,587,False
UPI100000918,2025-10-28,06:53:03,HDFC,Union Bank,Google Pay,P2P,891.43,Reversed,Duplicate Transaction,Ahmedabad,iOS,1851,False
UPI100000919,2025-12-04,11:36:32,ICICI,Kotak Mahindra,Amazon Pay,Bill Payment,404.61,Success,NA,Pune,iOS,204,False
UPI100000920,2025-06-27,15:40:14,SBI,HDFC,Amazon Pay,P2P,2832.27,Success,NA,Bengaluru,Android,239,False
UPI100000921,2025-08-23,18:53:40,Yes Bank,Kotak Mahindra,WhatsApp Pay,Bill Payment,69.79,Success,NA,Kolkata,Android,2135,True
UPI100000922,2025-12-13,17:43:52,Canara Bank,Canara Bank,Amazon Pay,Recharge,266.6,Success,NA,Jaipur,iOS,891,True
UPI100000923,2025-07-29,03:08:12,Bank of Baroda,Union Bank,BHIM,Merchant Payment,1396.57,Failed,Incorrect UPI PIN,Mumbai,iOS,1764,False
UPI100000924,2025-04-04,06:10:57,Bank of Baroda,Union Bank,WhatsApp Pay,P2M,906.82,Failed,Bank Server Down,Pune,iOS,241,False
UPI100000925,2025-03-27,16:59:02,Kotak Mahindra,Axis Bank,Google Pay,P2P,1744.87,Success,NA,Ludhiana,Android,1819,False
UPI100000926,2025-06-20,00:31:08,Canara Bank,Union Bank,Google Pay,P2P,325.81,Failed,PSP Server Error,Ahmedabad,iOS,81,False
UPI100000927,2025-08-04,18:04:52,Punjab National Bank,SBI,WhatsApp Pay,P2P,1678.56,Failed,Daily Limit Exceeded,Ludhiana,iOS,1688,False
UPI100000928,2025-07-26,20:00:12,Canara Bank,Union Bank,PhonePe,Recharge,1303.69,Success,NA,Patiala,Android,111,True
UPI100000929,2025-05-11,14:25:39,ICICI,Canara Bank,Paytm,Merchant Payment,1047.45,Failed,Duplicate Transaction,Amritsar,iOS,342,True
UPI100000930,2025-11-26,10:43:39,Yes Bank,ICICI,Paytm,Recharge,1319.83,Failed,Duplicate Transaction,Chandigarh,Android,985,False
UPI100000931,2025-06-13,01:16:16,Axis Bank,SBI,Amazon Pay,Merchant Payment,61.18,Success,NA,Hyderabad,iOS,1320,False
UPI100000932,2025-12-05,14:58:54,Kotak Mahindra,Axis Bank,WhatsApp Pay,Bill Payment,33.97,Failed,Beneficiary Bank Unavailable,Kolkata,iOS,524,False
UPI100000933,2025-04-22,21:24:38,Union Bank,Kotak Mahindra,PhonePe,P2M,842.41,Reversed,Bank Server Down,Kolkata,Android,206,False
UPI100000934,2025-01-22,19:18:07,HDFC,Canara Bank,WhatsApp Pay,Bill Payment,1854.12,Success,NA,Kolkata,iOS,208,False
UPI100000935,2025-11-27,00:19:20,IndusInd Bank,HDFC,Mobikwik,Fund Transfer,1254.71,Success,NA,Chandigarh,iOS,743,False
UPI100000936,2025-01-24,03:55:23,Punjab National Bank,Canara Bank,PhonePe,Bill Payment,943.73,Success,NA,Jaipur,iOS,1132,False
UPI100000937,2025-03-07,02:30:01,SBI,Axis Bank,Google Pay,Recharge,1757.69,Failed,Account Blocked/Frozen,Bengaluru,Android,715,False
UPI100000938,2025-06-23,13:12:53,Yes Bank,HDFC,WhatsApp Pay,P2M,338.06,Success,NA,Hyderabad,Android,447,False
UPI100000939,2025-07-07,05:19:02,SBI,HDFC,Mobikwik,Fund Transfer,722.28,Failed,Beneficiary Bank Unavailable,Jalandhar,iOS,1036,False
UPI100000940,2025-11-17,06:58:55,Punjab National Bank,IndusInd Bank,Paytm,P2M,635.66,Success,NA,Chandigarh,Android,634,False
UPI100000941,2025-03-07,02:13:27,Axis Bank,Yes Bank,BHIM,Recharge,517.02,Failed,Beneficiary Bank Unavailable,Chandigarh,iOS,2113,False
UPI100000942,2025-09-10,08:06:44,SBI,Union Bank,Paytm,Merchant Payment,381.39,Success,NA,Chandigarh,Android,1089,False
UPI100000943,2025-08-15,15:34:51,Kotak Mahindra,Kotak Mahindra,CRED,P2P,409.04,Failed,Transaction Timeout,Mumbai,Android,938,False
UPI100000944,2025-06-24,06:46:35,Punjab National Bank,Punjab National Bank,CRED,Recharge,436.76,Success,NA,Ahmedabad,Android,268,False
UPI100000945,2025-08-19,11:20:18,IDBI Bank,HDFC,Google Pay,P2P,401.89,Success,NA,Kolkata,iOS,2307,False
UPI100000946,2025-08-23,03:43:38,HDFC,SBI,PhonePe,P2M,1230.37,Pending,NA,Kolkata,Android,212,True
UPI100000947,2025-10-27,20:59:47,Yes Bank,Axis Bank,PhonePe,Recharge,64.63,Success,NA,Amritsar,Android,794,False
UPI100000948,2025-03-03,21:08:15,SBI,Yes Bank,WhatsApp Pay,Bill Payment,878.41,Failed,Bank Server Down,Hyderabad,Android,1528,False
UPI100000949,2025-09-13,10:53:38,Kotak Mahindra,HDFC,CRED,Merchant Payment,30.6,Failed,PSP Server Error,Pune,Android,1499,True
UPI100000950,2025-08-23,21:14:12,HDFC,IndusInd Bank,Mobikwik,Merchant Payment,1634.62,Pending,NA,Pune,iOS,323,True
UPI100000951,2025-08-22,18:01:32,Canara Bank,IDBI Bank,Google Pay,Fund Transfer,714.16,Failed,Bank Server Down,Ludhiana,iOS,404,False
UPI100000952,2025-05-15,04:09:21,Canara Bank,Union Bank,CRED,P2P,607.97,Success,NA,Jalandhar,Android,898,False
UPI100000953,2025-01-04,05:22:13,Kotak Mahindra,IndusInd Bank,Paytm,P2M,1206.5,Pending,NA,Patiala,iOS,1103,True
UPI100000954,2025-07-26,12:07:06,HDFC,Punjab National Bank,Mobikwik,Fund Transfer,254.65,Success,NA,Pune,Android,516,True
UPI100000955,2025-02-04,15:09:15,Bank of Baroda,Kotak Mahindra,Google Pay,Recharge,456.99,Pending,NA,Lucknow,Android,249,False
UPI100000956,2025-02-24,02:22:04,IDBI Bank,SBI,Paytm,Merchant Payment,219.5,Success,NA,Pune,iOS,592,False
UPI100000957,2025-08-23,09:57:57,Union Bank,ICICI,CRED,P2P,1717.87,Success,NA,Jaipur,Android,523,True
UPI100000958,2025-08-23,13:00:35,Kotak Mahindra,SBI,CRED,Recharge,5370.7,Failed,Beneficiary Bank Unavailable,Chandigarh,Android,291,True
UPI100000959,2025-05-09,04:45:40,Canara Bank,SBI,BHIM,Fund Transfer,1963.94,Failed,Account Blocked/Frozen,Hyderabad,Android,293,False
UPI100000960,2025-01-19,21:31:58,Canara Bank,Bank of Baroda,Mobikwik,P2M,1575.43,Failed,Insufficient Balance,Amritsar,iOS,171,True
UPI100000961,2025-06-07,12:33:47,IndusInd Bank,Bank of Baroda,Paytm,Merchant Payment,646.35,Failed,NPCI Switch Error,Hyderabad,iOS,1843,True
UPI100000962,2025-09-12,09:09:35,HDFC,IDBI Bank,CRED,Fund Transfer,429.7,Success,NA,Delhi,Android,292,False
UPI100000963,2025-11-20,11:50:23,IDBI Bank,Punjab National Bank,CRED,Merchant Payment,1758.72,Success,NA,Chandigarh,iOS,263,False
UPI100000964,2025-08-10,19:48:45,ICICI,Union Bank,PhonePe,Bill Payment,3705.15,Success,NA,Jaipur,Android,64,True
UPI100000965,2025-03-18,15:46:22,Kotak Mahindra,Punjab National Bank,Amazon Pay,Bill Payment,1758.54,Failed,Network Timeout,Lucknow,Android,1275,False
UPI100000966,2025-06-12,06:16:28,Kotak Mahindra,Canara Bank,Amazon Pay,P2P,1751.69,Pending,NA,Ahmedabad,iOS,706,False
UPI100000967,2025-07-13,19:18:26,ICICI,Axis Bank,CRED,P2P,1842.73,Success,NA,Ludhiana,iOS,388,True
UPI100000968,2025-09-30,14:52:06,Canara Bank,Axis Bank,Mobikwik,Recharge,456.33,Success,NA,Ahmedabad,iOS,1513,False
UPI100000969,2025-09-17,23:06:24,Axis Bank,ICICI,BHIM,Fund Transfer,780.1,Failed,Invalid VPA,Bengaluru,iOS,1076,False
UPI100000970,2025-08-22,06:27:21,Bank of Baroda,ICICI,Mobikwik,Recharge,1344.31,Success,NA,Chandigarh,iOS,242,False
UPI100000971,2025-12-06,02:17:32,Canara Bank,Bank of Baroda,WhatsApp Pay,Bill Payment,664.22,Success,NA,Lucknow,Android,142,True
UPI100000972,2025-01-21,00:08:13,ICICI,HDFC,Mobikwik,Fund Transfer,648.05,Reversed,Duplicate Transaction,Amritsar,iOS,2330,False
UPI100000973,2025-01-26,18:42:22,ICICI,IDBI Bank,Google Pay,Fund Transfer,2468.24,Failed,Insufficient Balance,Hyderabad,iOS,169,True
UPI100000974,2025-09-06,04:42:58,Yes Bank,Yes Bank,Mobikwik,Recharge,1595.42,Success,NA,Chandigarh,iOS,211,True
UPI100000975,2025-05-13,14:48:53,IDBI Bank,Bank of Baroda,CRED,Recharge,455.83,Reversed,NPCI Switch Error,Mumbai,Android,182,False
UPI100000976,2025-03-07,19:10:50,Bank of Baroda,SBI,Mobikwik,P2P,362.3,Failed,Duplicate Transaction,Ludhiana,Android,1105,False
UPI100000977,2025-05-05,01:13:34,Bank of Baroda,Yes Bank,WhatsApp Pay,P2M,1420.6,Success,NA,Lucknow,Android,2470,False
UPI100000978,2025-01-17,01:07:07,Yes Bank,HDFC,BHIM,P2P,1733.61,Success,NA,Amritsar,Android,1096,False
UPI100000979,2025-03-15,05:05:25,Axis Bank,Kotak Mahindra,PhonePe,Bill Payment,588.9,Pending,NA,Lucknow,Android,1153,True
UPI100000980,2025-11-17,07:03:15,Union Bank,IndusInd Bank,PhonePe,Recharge,748.62,Failed,Network Timeout,Kolkata,Android,2672,False
UPI100000981,2025-11-09,19:37:29,Axis Bank,HDFC,PhonePe,Merchant Payment,1741.69,Failed,Invalid VPA,Ahmedabad,iOS,920,True
UPI100000982,2025-10-05,07:58:10,HDFC,Bank of Baroda,Google Pay,Recharge,2640.02,Success,NA,Ludhiana,Android,843,True
UPI100000983,2025-05-19,04:00:40,Axis Bank,Yes Bank,CRED,Fund Transfer,213.62,Reversed,Duplicate Transaction,Delhi,Android,637,False
UPI100000984,2025-07-23,22:02:44,Punjab National Bank,Axis Bank,Mobikwik,Fund Transfer,108.47,Success,NA,Jaipur,Android,669,False
UPI100000985,2025-05-18,06:01:51,IndusInd Bank,IndusInd Bank,Amazon Pay,Bill Payment,65.32,Success,NA,Mumbai,iOS,147,True
UPI100000986,2025-07-06,15:01:18,Yes Bank,Union Bank,Paytm,P2M,2614.22,Failed,Transaction Timeout,Chandigarh,iOS,603,True
UPI100000987,2025-02-03,11:55:15,Kotak Mahindra,Union Bank,WhatsApp Pay,Bill Payment,4946.56,Failed,Insufficient Balance,Jaipur,Android,427,False
UPI100000988,2025-04-13,02:17:25,Bank of Baroda,ICICI,WhatsApp Pay,Bill Payment,6489.63,Success,NA,Kolkata,iOS,227,True
UPI100000989,2025-11-07,21:30:30,IDBI Bank,Yes Bank,WhatsApp Pay,P2P,413.8,Success,NA,Mumbai,iOS,129,False
UPI100000990,2025-07-02,07:52:31,Yes Bank,Union Bank,Paytm,Merchant Payment,8219.85,Failed,Insufficient Balance,Hyderabad,Android,233,False
UPI100000991,2025-05-02,19:01:15,IndusInd Bank,IDBI Bank,WhatsApp Pay,P2P,1792.13,Failed,NPCI Switch Error,Amritsar,iOS,354,False
UPI100000992,2025-08-04,04:10:52,Canara Bank,Union Bank,Mobikwik,Fund Transfer,14.27,Reversed,Duplicate Transaction,Patiala,iOS,922,False
UPI100000993,2025-01-01,04:38:22,Yes Bank,HDFC,CRED,P2M,2507.65,Reversed,Duplicate Transaction,Patiala,iOS,1102,False
UPI100000994,2025-10-31,22:57:23,IndusInd Bank,ICICI,PhonePe,Recharge,1955.25,Pending,NA,Patiala,iOS,192,False
UPI100000995,2025-02-04,09:10:38,SBI,IndusInd Bank,Paytm,P2P,678.36,Failed,Invalid VPA,Ahmedabad,iOS,53,False
UPI100000996,2025-12-10,13:41:12,Punjab National Bank,Union Bank,WhatsApp Pay,Merchant Payment,170.97,Failed,Incorrect UPI PIN,Amritsar,iOS,954,False
UPI100000997,2025-10-07,07:12:01,Kotak Mahindra,Punjab National Bank,Paytm,Merchant Payment,1663.06,Failed,Incorrect UPI PIN,Delhi,Android,2085,False
UPI100000998,2025-08-10,23:15:29,IndusInd Bank,Axis Bank,BHIM,P2P,8325.84,Failed,Insufficient Balance,Hyderabad,Android,810,True
UPI100000999,2025-05-08,01:31:32,Canara Bank,Union Bank,PhonePe,Recharge,43.35,Success,NA,Lucknow,Android,792,False
UPI100001000,2025-12-23,16:51:59,Yes Bank,Bank of Baroda,BHIM,Fund Transfer,2545.06,Success,NA,Patiala,iOS,1785,False
UPI100001001,2025-12-22,16:07:11,IndusInd Bank,ICICI,Mobikwik,P2P,771.46,Failed,Transaction Timeout,Jaipur,Android,1704,False
UPI100001002,2025-08-19,00:44:53,HDFC,ICICI,Paytm,Merchant Payment,883.15,Failed,Account Blocked/Frozen,Mumbai,iOS,509,False
UPI100001003,2025-06-13,06:42:31,Punjab National Bank,Punjab National Bank,Amazon Pay,Recharge,2772.43,Success,NA,Hyderabad,iOS,72,False
UPI100001004,2025-10-24,19:51:08,Bank of Baroda,IndusInd Bank,Google Pay,Fund Transfer,1859.98,Failed,Account Blocked/Frozen,Amritsar,iOS,1206,False
UPI100001005,2025-08-31,11:52:50,ICICI,ICICI,CRED,P2M,6404.78,Success,NA,Lucknow,iOS,2381,True
UPI100001006,2025-09-09,07:55:46,Bank of Baroda,Yes Bank,Paytm,P2M,2935.42,Success,NA,Pune,Android,1003,False
UPI100001007,2025-03-13,07:46:53,Punjab National Bank,Punjab National Bank,Paytm,Merchant Payment,211.91,Pending,NA,Delhi,iOS,549,False
UPI100001008,2025-03-03,17:47:48,Punjab National Bank,IndusInd Bank,PhonePe,Merchant Payment,941.12,Reversed,NPCI Switch Error,Amritsar,iOS,799,False
UPI100001009,2025-08-06,16:40:10,IDBI Bank,Union Bank,Mobikwik,P2M,5176.43,Success,NA,Bengaluru,iOS,1694,False
UPI100001010,2025-04-18,18:35:57,Union Bank,Axis Bank,Google Pay,P2M,1202.44,Failed,Invalid VPA,Chandigarh,Android,1831,False
UPI100001011,2025-06-06,23:09:57,Union Bank,Yes Bank,Google Pay,P2P,683.58,Failed,Daily Limit Exceeded,Mumbai,iOS,1203,False
UPI100001012,2025-06-15,10:20:11,SBI,Bank of Baroda,WhatsApp Pay,Bill Payment,264.99,Success,NA,Jalandhar,Android,1138,True
UPI100001013,2025-04-09,09:27:13,HDFC,IndusInd Bank,Paytm,Bill Payment,1050.42,Failed,Incorrect UPI PIN,Ludhiana,Android,199,False
UPI100001014,2025-12-09,21:14:24,IDBI Bank,Kotak Mahindra,BHIM,Recharge,617.99,Success,NA,Chandigarh,iOS,795,False
UPI100001015,2025-10-07,08:15:14,ICICI,Axis Bank,Paytm,P2P,110.07,Success,NA,Hyderabad,Android,307,False
UPI100001016,2025-10-31,21:31:42,Punjab National Bank,Punjab National Bank,WhatsApp Pay,P2M,2855.56,Success,NA,Jalandhar,Android,1479,False
UPI100001017,2025-05-14,12:57:08,Punjab National Bank,HDFC,CRED,Recharge,726.96,Success,NA,Chandigarh,iOS,394,False
UPI100001018,2025-08-03,17:16:10,IDBI Bank,IndusInd Bank,BHIM,Recharge,584.5,Failed,PSP Server Error,Chandigarh,iOS,728,True
UPI100001019,2025-05-22,04:43:11,IndusInd Bank,Kotak Mahindra,Paytm,P2M,565.01,Failed,Daily Limit Exceeded,Patiala,iOS,1691,False
UPI100001020,2025-07-24,19:16:14,Kotak Mahindra,Union Bank,Amazon Pay,P2P,2985.48,Reversed,Bank Server Down,Patiala,Android,374,False
UPI100001021,2025-09-12,07:52:51,Union Bank,Punjab National Bank,Amazon Pay,P2P,1184.37,Failed,Account Blocked/Frozen,Jalandhar,Android,716,False
UPI100001022,2025-05-16,06:18:23,SBI,HDFC,CRED,P2P,1790.28,Success,NA,Jaipur,iOS,172,False
UPI100001023,2025-07-04,11:19:21,ICICI,Canara Bank,Google Pay,Merchant Payment,4922.61,Pending,NA,Amritsar,iOS,1351,False
UPI100001024,2025-07-06,14:17:24,Punjab National Bank,Bank of Baroda,CRED,Bill Payment,1427.64,Reversed,NPCI Switch Error,Amritsar,iOS,314,True
UPI100001025,2025-01-12,08:21:39,Canara Bank,Union Bank,Amazon Pay,Fund Transfer,143.58,Success,NA,Mumbai,Android,2552,True
UPI100001026,2025-10-28,09:07:24,IDBI Bank,Yes Bank,Mobikwik,Recharge,1922.59,Success,NA,Pune,iOS,627,False
UPI100001027,2025-03-17,00:40:19,Canara Bank,SBI,Mobikwik,Merchant Payment,4194.99,Failed,Network Timeout,Ludhiana,iOS,494,False
UPI100001028,2025-06-10,08:38:30,SBI,Yes Bank,Paytm,Recharge,1221.59,Success,NA,Lucknow,iOS,183,False
UPI100001029,2025-07-06,14:09:09,SBI,Punjab National Bank,BHIM,Fund Transfer,5182.81,Pending,NA,Chandigarh,iOS,531,True
UPI100001030,2025-11-23,13:59:05,Bank of Baroda,Punjab National Bank,BHIM,Merchant Payment,4692.58,Pending,NA,Delhi,Android,1547,True
UPI100001031,2025-06-28,13:48:45,Bank of Baroda,Punjab National Bank,Amazon Pay,Fund Transfer,181.08,Success,NA,Hyderabad,Android,653,True
UPI100001032,2025-01-21,12:48:24,Bank of Baroda,Punjab National Bank,Paytm,P2P,792.84,Success,NA,Lucknow,Android,205,False
UPI100001033,2025-11-20,09:49:21,IDBI Bank,SBI,Mobikwik,Recharge,1692.17,Success,NA,Ahmedabad,iOS,456,False
UPI100001034,2025-02-07,07:07:31,Bank of Baroda,IDBI Bank,Amazon Pay,Recharge,5238.23,Reversed,NPCI Switch Error,Jalandhar,Android,476,False
UPI100001035,2025-01-14,02:55:37,IDBI Bank,IndusInd Bank,CRED,Recharge,2227.82,Success,NA,Mumbai,iOS,1871,False
UPI100001036,2025-06-30,06:07:52,Canara Bank,Axis Bank,Paytm,Bill Payment,1181.44,Pending,NA,Mumbai,Android,525,False
UPI100001037,2025-08-08,14:53:03,Yes Bank,Kotak Mahindra,WhatsApp Pay,Recharge,342.19,Failed,Bank Server Down,Mumbai,iOS,955,False
UPI100001038,2025-12-04,19:10:00,Axis Bank,IDBI Bank,PhonePe,P2M,2204.25,Pending,NA,Amritsar,Android,558,False
UPI100001039,2025-10-17,14:32:08,Yes Bank,Punjab National Bank,CRED,Bill Payment,2829.46,Failed,Network Timeout,Hyderabad,Android,902,False
UPI100001040,2025-10-28,14:16:04,SBI,Yes Bank,Google Pay,Fund Transfer,783.03,Failed,Daily Limit Exceeded,Lucknow,Android,1436,False
UPI100001041,2025-11-24,10:39:39,Yes Bank,Kotak Mahindra,CRED,Bill Payment,441.26,Success,NA,Delhi,Android,483,False
UPI100001042,2025-11-05,21:01:40,SBI,HDFC,PhonePe,Bill Payment,408.01,Reversed,Bank Server Down,Ahmedabad,Android,62,False
UPI100001043,2025-09-10,12:37:20,IDBI Bank,Union Bank,BHIM,P2P,6420.29,Success,NA,Kolkata,iOS,1336,False
UPI100001044,2025-03-30,16:33:42,Canara Bank,ICICI,WhatsApp Pay,P2M,385.57,Failed,Incorrect UPI PIN,Ahmedabad,iOS,1339,True
UPI100001045,2025-05-23,13:41:02,IndusInd Bank,Union Bank,Mobikwik,Merchant Payment,822.26,Success,NA,Jaipur,Android,598,False
UPI100001046,2025-04-30,14:08:06,SBI,IDBI Bank,PhonePe,Recharge,1589.79,Success,NA,Lucknow,iOS,603,False
UPI100001047,2025-08-14,04:01:37,Yes Bank,Axis Bank,Mobikwik,Recharge,351.36,Failed,Bank Server Down,Chandigarh,Android,474,False
UPI100001048,2025-07-06,13:55:00,Axis Bank,ICICI,Mobikwik,Fund Transfer,1237.52,Success,NA,Pune,Android,70,True
UPI100001049,2025-01-28,11:23:05,IndusInd Bank,Axis Bank,CRED,P2M,62.29,Failed,NPCI Switch Error,Chandigarh,iOS,178,False
UPI100001050,2025-05-27,06:06:28,Bank of Baroda,Axis Bank,Amazon Pay,Merchant Payment,6549.16,Pending,NA,Amritsar,iOS,978,False
UPI100001051,2025-09-17,17:35:50,Punjab National Bank,Bank of Baroda,PhonePe,P2P,847.98,Success,NA,Kolkata,iOS,59,False
UPI100001052,2025-03-15,04:21:41,SBI,IndusInd Bank,Paytm,Recharge,3681.61,Success,NA,Amritsar,iOS,394,True
UPI100001053,2025-03-27,13:22:07,Kotak Mahindra,Yes Bank,Google Pay,Fund Transfer,2078.72,Pending,NA,Bengaluru,iOS,243,False
UPI100001054,2025-04-11,01:03:29,IDBI Bank,IDBI Bank,PhonePe,P2M,2694.03,Success,NA,Chandigarh,iOS,102,False
UPI100001055,2025-02-13,09:14:36,IDBI Bank,Punjab National Bank,Mobikwik,P2P,2613.01,Success,NA,Ludhiana,Android,1087,False
UPI100001056,2025-10-13,05:27:39,IDBI Bank,IDBI Bank,Paytm,P2P,1653.64,Failed,NPCI Switch Error,Kolkata,Android,204,False
UPI100001057,2025-07-19,07:33:29,Canara Bank,Axis Bank,Mobikwik,P2P,6042.54,Success,NA,Jaipur,Android,125,True
UPI100001058,2025-08-01,20:05:02,IDBI Bank,ICICI,CRED,Fund Transfer,858.04,Failed,Incorrect UPI PIN,Kolkata,iOS,818,False
UPI100001059,2025-11-21,08:07:30,Yes Bank,ICICI,PhonePe,Recharge,338.13,Failed,Account Blocked/Frozen,Ahmedabad,iOS,1592,False
UPI100001060,2025-04-12,17:15:42,Yes Bank,Kotak Mahindra,Mobikwik,Fund Transfer,1679.23,Success,NA,Jaipur,iOS,193,True
UPI100001061,2025-05-30,22:52:04,SBI,Punjab National Bank,Amazon Pay,Merchant Payment,772.64,Failed,Daily Limit Exceeded,Pune,Android,699,False
UPI100001062,2025-01-12,05:53:03,Bank of Baroda,Kotak Mahindra,Amazon Pay,P2M,186.59,Failed,Account Blocked/Frozen,Lucknow,iOS,1610,True
UPI100001063,2025-01-26,13:31:32,ICICI,Canara Bank,CRED,Merchant Payment,196.72,Failed,Incorrect UPI PIN,Lucknow,Android,2723,True
UPI100001064,2025-06-09,21:40:47,Axis Bank,Axis Bank,Mobikwik,P2M,1050.72,Success,NA,Lucknow,Android,1206,False
UPI100001065,2025-08-20,05:37:09,IDBI Bank,Bank of Baroda,PhonePe,Fund Transfer,1750.65,Success,NA,Bengaluru,iOS,1218,False
UPI100001066,2025-10-23,10:32:01,IDBI Bank,Bank of Baroda,Mobikwik,Bill Payment,65.81,Success,NA,Amritsar,iOS,122,False
UPI100001067,2025-01-07,05:45:19,ICICI,Bank of Baroda,Amazon Pay,Fund Transfer,548.21,Reversed,NPCI Switch Error,Bengaluru,iOS,337,False
UPI100001068,2025-07-22,17:25:51,Kotak Mahindra,Canara Bank,Google Pay,Merchant Payment,640.21,Success,NA,Ahmedabad,iOS,623,False
UPI100001069,2025-04-13,10:30:23,Bank of Baroda,Punjab National Bank,Mobikwik,Fund Transfer,2304.12,Success,NA,Patiala,iOS,706,True
UPI100001070,2025-05-05,12:39:52,HDFC,Axis Bank,PhonePe,Merchant Payment,4067.13,Success,NA,Jaipur,iOS,86,False
UPI100001071,2025-02-06,06:44:00,Kotak Mahindra,Bank of Baroda,Google Pay,P2P,3803.71,Success,NA,Hyderabad,Android,485,False
UPI100001072,2025-08-08,05:00:13,Bank of Baroda,Union Bank,PhonePe,P2M,2970.02,Success,NA,Jalandhar,Android,1000,False
UPI100001073,2025-11-15,06:49:38,IDBI Bank,Bank of Baroda,PhonePe,Bill Payment,1900.04,Failed,Bank Server Down,Mumbai,Android,2118,True
UPI100001074,2025-02-28,20:40:42,Union Bank,IndusInd Bank,CRED,Merchant Payment,2560.79,Reversed,Duplicate Transaction,Amritsar,Android,358,False
UPI100001075,2025-01-16,12:06:03,IndusInd Bank,Canara Bank,WhatsApp Pay,Fund Transfer,1806.57,Failed,Transaction Timeout,Delhi,iOS,1476,False
UPI100001076,2025-04-05,06:59:03,IDBI Bank,Bank of Baroda,BHIM,P2P,1058.27,Failed,Insufficient Balance,Pune,Android,2346,True
UPI100001077,2025-05-21,05:02:50,Axis Bank,Axis Bank,PhonePe,Bill Payment,1147.28,Pending,NA,Patiala,iOS,144,False
UPI100001078,2025-10-09,21:10:15,Kotak Mahindra,IndusInd Bank,Mobikwik,Fund Transfer,999.26,Success,NA,Kolkata,Android,1112,False
UPI100001079,2025-08-28,15:31:36,Union Bank,Punjab National Bank,Google Pay,P2P,267.07,Success,NA,Pune,iOS,193,False
UPI100001080,2025-10-06,12:27:39,Union Bank,IDBI Bank,Amazon Pay,Recharge,1958.0,Failed,Invalid VPA,Ludhiana,iOS,1325,False
UPI100001081,2025-09-21,12:25:32,Canara Bank,Canara Bank,Google Pay,P2M,2124.6,Reversed,Duplicate Transaction,Chandigarh,iOS,2169,True
UPI100001082,2025-02-09,17:23:56,Bank of Baroda,ICICI,WhatsApp Pay,Merchant Payment,4016.3,Failed,Network Timeout,Amritsar,iOS,456,True
UPI100001083,2025-12-09,16:51:35,HDFC,Bank of Baroda,WhatsApp Pay,Merchant Payment,3130.61,Failed,Invalid VPA,Mumbai,iOS,801,False
UPI100001084,2025-12-09,15:29:57,IDBI Bank,Union Bank,Google Pay,Bill Payment,27.57,Success,NA,Patiala,Android,767,False
UPI100001085,2025-09-04,15:46:55,Kotak Mahindra,Kotak Mahindra,Paytm,P2P,1711.76,Success,NA,Bengaluru,iOS,296,False
UPI100001086,2025-10-16,01:33:28,IDBI Bank,Axis Bank,BHIM,Fund Transfer,1754.11,Success,NA,Patiala,Android,1190,False
UPI100001087,2025-07-27,23:12:09,Union Bank,IDBI Bank,BHIM,Fund Transfer,2719.29,Success,NA,Mumbai,Android,540,True
UPI100001088,2025-06-28,01:34:55,Axis Bank,Bank of Baroda,BHIM,Recharge,4557.52,Success,NA,Hyderabad,Android,711,True
UPI100001089,2025-03-20,05:48:59,SBI,Yes Bank,CRED,P2M,1238.7,Success,NA,Jaipur,iOS,191,False
UPI100001090,2025-03-10,09:01:10,SBI,Kotak Mahindra,Mobikwik,Fund Transfer,929.52,Success,NA,Amritsar,Android,125,False
UPI100001091,2025-07-06,01:22:40,ICICI,Bank of Baroda,PhonePe,Bill Payment,2385.64,Failed,Network Timeout,Delhi,Android,633,True
UPI100001092,2025-02-26,08:44:17,Axis Bank,Canara Bank,WhatsApp Pay,Fund Transfer,8718.97,Success,NA,Ludhiana,iOS,1040,False
UPI100001093,2025-09-03,22:20:02,Yes Bank,Axis Bank,PhonePe,Merchant Payment,755.81,Success,NA,Bengaluru,Android,854,False
UPI100001094,2025-11-17,09:44:39,Punjab National Bank,Kotak Mahindra,PhonePe,P2M,819.49,Success,NA,Bengaluru,iOS,632,False
UPI100001095,2025-12-22,00:17:29,HDFC,Canara Bank,PhonePe,Bill Payment,72.46,Failed,Beneficiary Bank Unavailable,Amritsar,Android,1617,False
UPI100001096,2025-12-24,10:38:14,Bank of Baroda,ICICI,CRED,Merchant Payment,2515.48,Success,NA,Hyderabad,Android,1442,False
UPI100001097,2025-05-21,09:16:27,Union Bank,Yes Bank,CRED,P2M,474.35,Success,NA,Ahmedabad,iOS,913,False
UPI100001098,2025-06-01,02:55:29,IDBI Bank,Bank of Baroda,CRED,P2P,353.18,Failed,Bank Server Down,Chandigarh,Android,515,True
UPI100001099,2025-04-28,00:07:23,ICICI,Punjab National Bank,Mobikwik,Recharge,120.51,Success,NA,Hyderabad,iOS,625,False
UPI100001100,2025-04-26,07:44:58,Bank of Baroda,Kotak Mahindra,BHIM,P2M,1298.47,Success,NA,Chandigarh,Android,1057,True
UPI100001101,2025-11-22,00:33:19,HDFC,Canara Bank,Google Pay,Merchant Payment,2510.84,Failed,Account Blocked/Frozen,Pune,iOS,650,True
UPI100001102,2025-04-13,15:37:18,ICICI,SBI,Paytm,Fund Transfer,781.58,Success,NA,Pune,iOS,280,True
UPI100001103,2025-09-10,17:33:17,SBI,Bank of Baroda,Amazon Pay,P2P,3362.41,Success,NA,Ahmedabad,iOS,1039,False
UPI100001104,2025-07-28,21:20:16,Axis Bank,Punjab National Bank,BHIM,Fund Transfer,479.1,Success,NA,Amritsar,Android,915,False
UPI100001105,2025-08-30,14:01:00,Union Bank,HDFC,Mobikwik,Recharge,1155.12,Success,NA,Lucknow,iOS,199,True
UPI100001106,2025-04-12,07:04:34,Canara Bank,Yes Bank,Amazon Pay,Merchant Payment,2704.87,Success,NA,Lucknow,iOS,854,True
UPI100001107,2025-10-03,14:36:16,Axis Bank,IDBI Bank,Paytm,Merchant Payment,4056.68,Success,NA,Amritsar,iOS,461,False
UPI100001108,2025-07-20,13:29:41,HDFC,ICICI,WhatsApp Pay,P2P,4838.76,Success,NA,Amritsar,Android,201,True
UPI100001109,2025-03-06,20:34:52,Punjab National Bank,Axis Bank,CRED,Fund Transfer,2910.76,Failed,Duplicate Transaction,Amritsar,Android,785,False
UPI100001110,2025-08-06,13:54:22,ICICI,Canara Bank,Amazon Pay,Bill Payment,851.4,Success,NA,Bengaluru,iOS,951,False
UPI100001111,2025-02-03,12:41:44,Canara Bank,ICICI,Amazon Pay,Merchant Payment,568.4,Reversed,NPCI Switch Error,Delhi,iOS,697,False
UPI100001112,2025-01-10,05:28:59,Yes Bank,Kotak Mahindra,Paytm,Recharge,1167.55,Failed,Insufficient Balance,Lucknow,Android,1725,False
UPI100001113,2025-10-19,23:43:09,Canara Bank,ICICI,Google Pay,Merchant Payment,275.05,Success,NA,Bengaluru,Android,426,True
UPI100001114,2025-11-21,06:23:36,SBI,ICICI,Paytm,Bill Payment,609.41,Success,NA,Chandigarh,iOS,1549,False
UPI100001115,2025-04-19,16:02:51,IndusInd Bank,ICICI,BHIM,P2P,526.66,Success,NA,Ahmedabad,Android,606,True
UPI100001116,2025-01-11,15:48:21,IDBI Bank,Union Bank,Google Pay,P2P,979.23,Failed,Account Blocked/Frozen,Pune,iOS,95,True
UPI100001117,2025-04-17,10:38:31,Kotak Mahindra,Axis Bank,Paytm,Recharge,212.84,Success,NA,Ludhiana,Android,1521,False
UPI100001118,2025-02-16,20:49:25,IDBI Bank,Punjab National Bank,WhatsApp Pay,P2M,901.24,Failed,Daily Limit Exceeded,Mumbai,iOS,344,True
UPI100001119,2025-08-20,17:34:51,IDBI Bank,Bank of Baroda,CRED,Recharge,375.6,Success,NA,Lucknow,iOS,403,False
UPI100001120,2025-01-27,20:23:52,Canara Bank,Kotak Mahindra,BHIM,Merchant Payment,1070.66,Success,NA,Hyderabad,iOS,1209,False
UPI100001121,2025-07-30,06:09:51,Punjab National Bank,Punjab National Bank,Mobikwik,P2M,522.0,Failed,Daily Limit Exceeded,Pune,Android,253,False
UPI100001122,2025-11-30,21:51:32,Canara Bank,Yes Bank,BHIM,Recharge,1562.07,Failed,Network Timeout,Bengaluru,iOS,482,True
UPI100001123,2025-02-07,04:39:00,Yes Bank,IndusInd Bank,Google Pay,Recharge,1557.89,Success,NA,Hyderabad,iOS,837,False
UPI100001124,2025-04-24,15:28:12,HDFC,SBI,Amazon Pay,Fund Transfer,3497.95,Pending,NA,Bengaluru,Android,2347,False
UPI100001125,2025-02-05,15:58:12,Union Bank,Union Bank,Mobikwik,Merchant Payment,306.76,Success,NA,Ludhiana,iOS,1750,False
UPI100001126,2025-09-20,08:25:14,Axis Bank,Punjab National Bank,WhatsApp Pay,Bill Payment,1224.54,Pending,NA,Hyderabad,Android,593,True
UPI100001127,2025-11-15,18:34:56,Canara Bank,Union Bank,Amazon Pay,Bill Payment,441.28,Success,NA,Ludhiana,Android,497,True
UPI100001128,2025-08-07,11:32:32,Kotak Mahindra,ICICI,CRED,P2M,628.08,Success,NA,Amritsar,Android,654,False
UPI100001129,2025-05-08,22:48:24,Punjab National Bank,Punjab National Bank,Amazon Pay,Recharge,5605.42,Failed,Duplicate Transaction,Delhi,iOS,673,False
UPI100001130,2025-03-30,11:42:00,Canara Bank,ICICI,PhonePe,Bill Payment,1400.29,Pending,NA,Jaipur,Android,453,True
UPI100001131,2025-02-20,20:34:55,Union Bank,IndusInd Bank,Mobikwik,P2P,535.62,Success,NA,Jaipur,iOS,755,False
UPI100001132,2025-05-30,07:36:39,IndusInd Bank,SBI,PhonePe,Bill Payment,190.67,Success,NA,Mumbai,iOS,91,False
UPI100001133,2025-03-01,07:48:34,HDFC,HDFC,WhatsApp Pay,Merchant Payment,2360.67,Success,NA,Pune,iOS,1639,True
UPI100001134,2025-04-14,08:29:00,IDBI Bank,Canara Bank,CRED,P2M,1255.61,Success,NA,Ahmedabad,iOS,96,False
UPI100001135,2025-11-15,00:00:48,ICICI,Union Bank,Google Pay,P2P,1440.37,Failed,Beneficiary Bank Unavailable,Hyderabad,iOS,297,True
UPI100001136,2025-05-18,23:14:57,Bank of Baroda,Punjab National Bank,Amazon Pay,Fund Transfer,9885.6,Failed,Duplicate Transaction,Hyderabad,iOS,319,True
UPI100001137,2025-05-06,06:47:54,Kotak Mahindra,SBI,BHIM,Bill Payment,1751.98,Failed,Account Blocked/Frozen,Amritsar,Android,196,False
UPI100001138,2025-12-16,04:52:13,SBI,Punjab National Bank,BHIM,Merchant Payment,1371.85,Failed,Invalid VPA,Jaipur,iOS,1171,False
UPI100001139,2025-05-15,11:47:40,ICICI,HDFC,Mobikwik,Fund Transfer,1134.97,Success,NA,Mumbai,iOS,687,False
UPI100001140,2025-02-01,13:27:12,Yes Bank,Punjab National Bank,BHIM,Bill Payment,1475.77,Success,NA,Delhi,iOS,305,True
UPI100001141,2025-02-26,01:54:00,Union Bank,Kotak Mahindra,Google Pay,Merchant Payment,1297.32,Success,NA,Kolkata,iOS,178,False
UPI100001142,2025-04-22,13:53:49,Kotak Mahindra,HDFC,CRED,Fund Transfer,118.06,Reversed,Duplicate Transaction,Kolkata,Android,711,False
UPI100001143,2025-08-30,15:24:36,Axis Bank,Yes Bank,BHIM,Fund Transfer,247.39,Failed,Account Blocked/Frozen,Patiala,iOS,944,True
UPI100001144,2025-01-31,10:26:34,SBI,SBI,CRED,P2M,1736.59,Failed,Insufficient Balance,Delhi,iOS,539,False
UPI100001145,2025-01-09,20:29:17,ICICI,Axis Bank,Amazon Pay,Merchant Payment,2715.5,Failed,Daily Limit Exceeded,Hyderabad,iOS,1773,False
UPI100001146,2025-08-18,02:01:14,Punjab National Bank,Bank of Baroda,Paytm,P2P,502.63,Failed,Incorrect UPI PIN,Hyderabad,iOS,811,False
UPI100001147,2025-10-31,23:05:06,Kotak Mahindra,Bank of Baroda,CRED,P2P,14.06,Success,NA,Mumbai,iOS,862,False
UPI100001148,2025-10-03,01:24:39,Punjab National Bank,Kotak Mahindra,BHIM,Bill Payment,1282.42,Success,NA,Bengaluru,iOS,111,False
UPI100001149,2025-04-28,16:02:28,Canara Bank,Punjab National Bank,Paytm,P2M,4519.72,Reversed,Duplicate Transaction,Mumbai,iOS,548,False
UPI100001150,2025-01-07,13:31:44,Kotak Mahindra,ICICI,Amazon Pay,Recharge,1189.64,Success,NA,Ludhiana,Android,1433,False
UPI100001151,2025-03-25,16:04:25,HDFC,SBI,WhatsApp Pay,Fund Transfer,449.9,Success,NA,Pune,iOS,941,False
UPI100001152,2025-02-22,00:29:13,IDBI Bank,IDBI Bank,BHIM,Recharge,293.82,Success,NA,Ludhiana,Android,2708,True
UPI100001153,2025-06-29,04:41:16,ICICI,Union Bank,Mobikwik,P2P,882.02,Success,NA,Jaipur,Android,109,True
UPI100001154,2025-08-09,02:41:35,Bank of Baroda,Bank of Baroda,BHIM,Recharge,270.44,Failed,Daily Limit Exceeded,Pune,Android,77,True
UPI100001155,2025-04-16,12:27:19,ICICI,SBI,Paytm,Bill Payment,1992.79,Success,NA,Ludhiana,Android,1452,False
UPI100001156,2025-04-04,03:18:01,Punjab National Bank,HDFC,Amazon Pay,P2M,2692.66,Failed,Account Blocked/Frozen,Mumbai,iOS,431,False
UPI100001157,2025-08-24,12:55:53,SBI,IndusInd Bank,PhonePe,Recharge,1038.29,Success,NA,Ludhiana,Android,136,True
UPI100001158,2025-09-15,04:32:30,IDBI Bank,Kotak Mahindra,WhatsApp Pay,P2M,1908.44,Success,NA,Lucknow,Android,249,False
UPI100001159,2025-03-26,10:05:03,Kotak Mahindra,ICICI,Google Pay,Bill Payment,225.7,Reversed,Bank Server Down,Kolkata,iOS,621,False
UPI100001160,2025-03-09,00:47:17,Canara Bank,Canara Bank,Amazon Pay,P2M,895.74,Failed,Bank Server Down,Amritsar,iOS,294,True
UPI100001161,2025-10-13,17:44:25,Punjab National Bank,IndusInd Bank,Mobikwik,Bill Payment,772.5,Failed,Beneficiary Bank Unavailable,Hyderabad,Android,256,False
UPI100001162,2025-03-02,15:37:12,Punjab National Bank,HDFC,BHIM,Bill Payment,429.26,Failed,Transaction Timeout,Amritsar,Android,276,True
UPI100001163,2025-10-11,23:42:46,Union Bank,Union Bank,Google Pay,P2M,2961.83,Success,NA,Bengaluru,iOS,1075,True
UPI100001164,2025-02-08,12:20:11,Punjab National Bank,ICICI,Mobikwik,P2P,2039.89,Success,NA,Chandigarh,Android,773,True
UPI100001165,2025-12-03,07:30:02,Axis Bank,Canara Bank,Paytm,Merchant Payment,1758.93,Failed,Beneficiary Bank Unavailable,Lucknow,Android,1340,False
UPI100001166,2025-07-24,08:22:01,ICICI,Canara Bank,PhonePe,Bill Payment,1001.29,Success,NA,Lucknow,iOS,163,False
UPI100001167,2025-09-19,04:53:21,Punjab National Bank,Bank of Baroda,Mobikwik,Bill Payment,1144.93,Success,NA,Mumbai,Android,320,False
UPI100001168,2025-03-17,08:26:23,IndusInd Bank,Punjab National Bank,Mobikwik,P2M,711.12,Pending,NA,Pune,iOS,2185,False
UPI100001169,2025-01-06,04:50:43,Union Bank,ICICI,Google Pay,Fund Transfer,198.44,Failed,Account Blocked/Frozen,Ahmedabad,Android,1029,False
UPI100001170,2025-04-03,08:56:50,ICICI,Kotak Mahindra,Amazon Pay,Bill Payment,746.42,Failed,Daily Limit Exceeded,Delhi,iOS,171,False
UPI100001171,2025-04-18,10:32:38,Axis Bank,HDFC,CRED,Merchant Payment,46.4,Failed,Network Timeout,Kolkata,Android,2673,False
UPI100001172,2025-08-12,09:22:21,ICICI,SBI,PhonePe,P2P,183.79,Success,NA,Ludhiana,iOS,495,False
UPI100001173,2025-01-03,18:04:23,Axis Bank,Axis Bank,Paytm,Bill Payment,778.35,Failed,Beneficiary Bank Unavailable,Mumbai,iOS,1055,False
UPI100001174,2025-05-22,02:00:53,IDBI Bank,SBI,WhatsApp Pay,P2M,1049.65,Failed,Invalid VPA,Jaipur,Android,288,False
UPI100001175,2025-04-14,14:24:57,HDFC,Punjab National Bank,WhatsApp Pay,Merchant Payment,1995.8,Failed,PSP Server Error,Ahmedabad,iOS,1226,False
UPI100001176,2025-10-12,07:24:33,Punjab National Bank,Canara Bank,WhatsApp Pay,Merchant Payment,5089.97,Success,NA,Jaipur,iOS,214,True
UPI100001177,2025-03-01,22:25:39,IDBI Bank,Union Bank,Paytm,Recharge,574.39,Success,NA,Chandigarh,iOS,1087,True
UPI100001178,2025-06-20,17:29:08,Yes Bank,ICICI,WhatsApp Pay,Fund Transfer,60.3,Pending,NA,Jaipur,Android,296,False
UPI100001179,2025-10-25,10:28:15,Kotak Mahindra,Yes Bank,CRED,Recharge,645.09,Failed,Incorrect UPI PIN,Lucknow,iOS,734,True
UPI100001180,2025-12-24,23:39:55,ICICI,IndusInd Bank,WhatsApp Pay,P2P,118.68,Success,NA,Mumbai,Android,51,False
UPI100001181,2025-05-20,05:13:50,HDFC,Union Bank,Paytm,Fund Transfer,2122.39,Failed,Transaction Timeout,Ludhiana,Android,380,False
UPI100001182,2025-11-09,09:50:47,ICICI,Bank of Baroda,CRED,P2M,1166.74,Reversed,Duplicate Transaction,Kolkata,Android,140,True
UPI100001183,2025-11-10,12:12:03,Yes Bank,IDBI Bank,PhonePe,Recharge,1623.22,Success,NA,Hyderabad,iOS,50,False
UPI100001184,2025-05-17,07:28:44,HDFC,Yes Bank,WhatsApp Pay,Recharge,1286.98,Pending,NA,Jaipur,Android,478,True
UPI100001185,2025-06-13,21:25:20,Yes Bank,Canara Bank,BHIM,P2M,1699.65,Success,NA,Lucknow,Android,1123,False
UPI100001186,2025-08-22,00:53:32,Axis Bank,HDFC,Paytm,P2P,190.04,Success,NA,Hyderabad,iOS,1251,False
UPI100001187,2025-04-16,21:40:38,Bank of Baroda,IDBI Bank,Google Pay,Bill Payment,1054.87,Failed,NPCI Switch Error,Mumbai,iOS,566,False
UPI100001188,2025-06-06,16:48:51,ICICI,HDFC,PhonePe,Recharge,771.26,Success,NA,Ludhiana,iOS,279,False
UPI100001189,2025-10-11,03:00:57,Kotak Mahindra,Punjab National Bank,BHIM,Fund Transfer,263.12,Success,NA,Jaipur,iOS,150,True
UPI100001190,2025-12-02,09:41:06,IndusInd Bank,Axis Bank,PhonePe,Merchant Payment,1721.98,Success,NA,Mumbai,Android,120,False
UPI100001191,2025-07-02,00:29:38,Yes Bank,HDFC,BHIM,P2P,5422.02,Failed,Beneficiary Bank Unavailable,Jalandhar,Android,2440,False
UPI100001192,2025-05-29,06:30:37,HDFC,Canara Bank,CRED,Merchant Payment,261.73,Success,NA,Jaipur,Android,706,False
UPI100001193,2025-09-19,19:58:43,IndusInd Bank,Bank of Baroda,Google Pay,Merchant Payment,847.46,Failed,Transaction Timeout,Ahmedabad,iOS,233,False
UPI100001194,2025-11-09,08:13:25,Kotak Mahindra,HDFC,BHIM,Merchant Payment,1038.67,Success,NA,Ahmedabad,Android,1110,True
UPI100001195,2025-06-07,10:50:15,HDFC,Kotak Mahindra,CRED,Fund Transfer,4136.74,Failed,NPCI Switch Error,Delhi,Android,212,True
UPI100001196,2025-03-28,18:17:19,IDBI Bank,Canara Bank,PhonePe,Bill Payment,1913.6,Success,NA,Patiala,iOS,731,False
UPI100001197,2025-10-09,00:35:24,Axis Bank,Yes Bank,CRED,Fund Transfer,251.64,Success,NA,Jaipur,iOS,447,False
UPI100001198,2025-09-07,21:50:53,Axis Bank,Canara Bank,CRED,P2P,214.8,Success,NA,Jalandhar,Android,179,True
UPI100001199,2025-03-19,07:36:27,Union Bank,HDFC,Mobikwik,Merchant Payment,3069.25,Success,NA,Patiala,Android,657,False
UPI100001200,2025-08-15,22:19:59,IDBI Bank,HDFC,CRED,P2P,2714.8,Pending,NA,Kolkata,Android,136,False
UPI100001201,2025-05-08,14:08:17,Bank of Baroda,IDBI Bank,CRED,P2M,970.24,Success,NA,Pune,iOS,1156,False
UPI100001202,2025-12-03,04:31:07,Canara Bank,Canara Bank,BHIM,Merchant Payment,522.37,Failed,Daily Limit Exceeded,Delhi,iOS,2009,False
UPI100001203,2025-11-02,09:25:02,IndusInd Bank,ICICI,CRED,P2M,444.14,Failed,Network Timeout,Ahmedabad,iOS,1077,True
UPI100001204,2025-10-24,23:07:31,ICICI,HDFC,Google Pay,Bill Payment,1003.25,Success,NA,Bengaluru,iOS,716,False
UPI100001205,2025-11-13,00:44:33,Union Bank,IndusInd Bank,Paytm,Bill Payment,4729.55,Failed,Daily Limit Exceeded,Pune,iOS,558,False
UPI100001206,2025-06-11,09:01:40,Kotak Mahindra,Bank of Baroda,Paytm,Recharge,1309.45,Success,NA,Bengaluru,Android,2498,False
UPI100001207,2025-06-25,00:23:59,Bank of Baroda,Yes Bank,Paytm,Fund Transfer,4441.03,Success,NA,Bengaluru,iOS,1491,False
UPI100001208,2025-01-14,20:44:07,Yes Bank,HDFC,Google Pay,Merchant Payment,442.02,Success,NA,Delhi,iOS,205,False
UPI100001209,2025-01-14,21:35:22,Union Bank,ICICI,CRED,Fund Transfer,58.95,Success,NA,Kolkata,iOS,1189,False
UPI100001210,2025-03-16,20:12:05,Axis Bank,SBI,Mobikwik,Fund Transfer,616.68,Success,NA,Ahmedabad,iOS,55,True
UPI100001211,2025-02-07,00:04:04,Punjab National Bank,IndusInd Bank,PhonePe,Bill Payment,53.4,Pending,NA,Hyderabad,Android,1115,False
UPI100001212,2025-12-27,02:14:36,Bank of Baroda,IDBI Bank,Paytm,Fund Transfer,482.58,Success,NA,Ahmedabad,iOS,816,True
UPI100001213,2025-09-13,04:32:32,IndusInd Bank,IDBI Bank,Paytm,Bill Payment,569.19,Success,NA,Patiala,iOS,635,True
UPI100001214,2025-03-22,07:12:00,ICICI,IndusInd Bank,CRED,Bill Payment,1458.82,Failed,Incorrect UPI PIN,Pune,iOS,873,True
UPI100001215,2025-05-01,08:29:03,Axis Bank,ICICI,Amazon Pay,Merchant Payment,1086.26,Failed,NPCI Switch Error,Patiala,iOS,1244,False
UPI100001216,2025-12-11,13:33:05,IDBI Bank,Bank of Baroda,Amazon Pay,P2M,401.97,Failed,Invalid VPA,Delhi,Android,1136,False
UPI100001217,2025-10-30,15:12:54,ICICI,Punjab National Bank,PhonePe,Fund Transfer,146.11,Failed,Incorrect UPI PIN,Pune,Android,231,False
UPI100001218,2025-10-10,13:09:26,ICICI,SBI,PhonePe,P2M,42.1,Failed,Transaction Timeout,Jalandhar,iOS,808,False
UPI100001219,2025-03-22,01:12:49,Axis Bank,ICICI,WhatsApp Pay,P2P,1585.81,Failed,Account Blocked/Frozen,Kolkata,Android,3124,True
UPI100001220,2025-06-29,13:57:52,IndusInd Bank,SBI,Google Pay,P2P,479.56,Success,NA,Pune,iOS,586,True
UPI100001221,2025-11-09,14:07:57,Kotak Mahindra,Axis Bank,WhatsApp Pay,Recharge,1180.0,Success,NA,Ludhiana,Android,546,True
UPI100001222,2025-05-27,06:02:05,Bank of Baroda,Union Bank,Google Pay,Fund Transfer,446.67,Success,NA,Bengaluru,Android,129,False
UPI100001223,2025-01-27,21:11:29,SBI,Bank of Baroda,WhatsApp Pay,Bill Payment,123.65,Success,NA,Hyderabad,iOS,1550,False
UPI100001224,2025-08-18,11:06:03,Bank of Baroda,HDFC,Mobikwik,P2P,880.07,Failed,Account Blocked/Frozen,Delhi,Android,151,False
UPI100001225,2025-03-25,16:58:06,Canara Bank,Bank of Baroda,PhonePe,Merchant Payment,960.35,Pending,NA,Kolkata,Android,834,False
UPI100001226,2025-03-19,03:57:19,IDBI Bank,HDFC,Paytm,P2P,2807.29,Success,NA,Pune,Android,569,False
UPI100001227,2025-02-21,03:02:47,Canara Bank,IDBI Bank,Amazon Pay,Recharge,694.13,Success,NA,Jaipur,Android,536,False
UPI100001228,2025-05-20,04:25:54,Kotak Mahindra,Union Bank,Mobikwik,P2P,823.08,Failed,Transaction Timeout,Bengaluru,Android,635,False
UPI100001229,2025-08-31,15:20:40,Yes Bank,Kotak Mahindra,WhatsApp Pay,Bill Payment,110.55,Success,NA,Lucknow,Android,838,True
UPI100001230,2025-06-17,02:50:23,Bank of Baroda,IndusInd Bank,BHIM,P2P,717.31,Success,NA,Delhi,Android,1563,False
UPI100001231,2025-02-05,05:23:36,Yes Bank,HDFC,Amazon Pay,P2P,38.12,Pending,NA,Mumbai,Android,1138,False
UPI100001232,2025-03-26,17:57:46,ICICI,Bank of Baroda,Paytm,P2M,1114.92,Failed,Network Timeout,Chandigarh,iOS,496,False
UPI100001233,2025-09-01,15:41:28,Canara Bank,Union Bank,Mobikwik,Merchant Payment,1498.77,Reversed,Bank Server Down,Hyderabad,Android,725,False
UPI100001234,2025-03-18,22:46:21,Bank of Baroda,Kotak Mahindra,Amazon Pay,Merchant Payment,282.84,Success,NA,Pune,iOS,1083,False
UPI100001235,2025-06-22,16:42:47,Kotak Mahindra,Punjab National Bank,Amazon Pay,P2M,1850.3,Success,NA,Patiala,Android,292,True
UPI100001236,2025-06-29,14:42:28,Punjab National Bank,Canara Bank,Paytm,Bill Payment,911.51,Reversed,NPCI Switch Error,Patiala,iOS,484,True
UPI100001237,2025-10-08,06:45:46,Bank of Baroda,IDBI Bank,PhonePe,Merchant Payment,1067.94,Failed,Incorrect UPI PIN,Bengaluru,Android,2778,False
UPI100001238,2025-07-21,03:23:16,Union Bank,Yes Bank,Mobikwik,P2M,1811.1,Failed,Daily Limit Exceeded,Kolkata,iOS,2095,False
UPI100001239,2025-01-09,18:52:49,Bank of Baroda,Canara Bank,WhatsApp Pay,Fund Transfer,315.5,Failed,Insufficient Balance,Delhi,Android,961,False
UPI100001240,2025-02-14,15:09:52,Union Bank,Kotak Mahindra,BHIM,Bill Payment,4640.76,Pending,NA,Lucknow,iOS,407,False
UPI100001241,2025-04-04,10:00:59,Union Bank,IndusInd Bank,Paytm,Merchant Payment,1914.28,Success,NA,Kolkata,iOS,752,False
UPI100001242,2025-11-01,15:51:05,Punjab National Bank,SBI,WhatsApp Pay,Recharge,1329.19,Reversed,NPCI Switch Error,Amritsar,iOS,1462,True
UPI100001243,2025-03-18,08:30:24,Yes Bank,Canara Bank,Amazon Pay,Fund Transfer,165.8,Success,NA,Bengaluru,Android,641,False
UPI100001244,2025-05-14,02:03:54,IDBI Bank,Kotak Mahindra,PhonePe,Merchant Payment,5753.56,Pending,NA,Kolkata,iOS,87,False
UPI100001245,2025-09-20,23:23:58,Union Bank,Canara Bank,CRED,Bill Payment,698.26,Failed,PSP Server Error,Ludhiana,Android,265,True
UPI100001246,2025-01-13,03:22:01,IDBI Bank,IDBI Bank,PhonePe,P2P,3667.62,Failed,Daily Limit Exceeded,Hyderabad,iOS,657,False
UPI100001247,2025-08-14,07:22:47,IDBI Bank,Punjab National Bank,CRED,P2P,327.58,Success,NA,Amritsar,iOS,2541,False
UPI100001248,2025-12-24,00:58:35,Bank of Baroda,IndusInd Bank,PhonePe,P2P,407.38,Success,NA,Mumbai,iOS,1046,False
UPI100001249,2025-05-21,16:36:39,HDFC,ICICI,CRED,Recharge,2325.25,Failed,Invalid VPA,Kolkata,iOS,320,False
UPI100001250,2025-10-13,22:09:41,IndusInd Bank,Yes Bank,WhatsApp Pay,P2P,1840.13,Pending,NA,Ludhiana,iOS,585,False
UPI100001251,2025-12-12,06:50:47,HDFC,Axis Bank,Google Pay,Recharge,179.56,Success,NA,Kolkata,Android,110,False
UPI100001252,2025-04-12,23:00:05,IndusInd Bank,Canara Bank,WhatsApp Pay,Fund Transfer,1516.78,Pending,NA,Hyderabad,Android,2579,True
UPI100001253,2025-06-10,05:35:28,Kotak Mahindra,IndusInd Bank,Google Pay,Recharge,694.16,Success,NA,Kolkata,Android,413,False
UPI100001254,2025-04-07,00:00:05,Yes Bank,IDBI Bank,Paytm,Bill Payment,1030.35,Failed,Network Timeout,Lucknow,Android,1249,False
UPI100001255,2025-05-25,19:50:58,IndusInd Bank,Kotak Mahindra,Google Pay,Bill Payment,3368.62,Failed,Daily Limit Exceeded,Mumbai,Android,1671,True
UPI100001256,2025-09-04,10:52:22,Yes Bank,Punjab National Bank,PhonePe,Merchant Payment,1192.38,Failed,NPCI Switch Error,Chandigarh,Android,458,False
UPI100001257,2025-06-01,23:36:23,Canara Bank,SBI,WhatsApp Pay,Recharge,1417.36,Success,NA,Amritsar,iOS,452,True
UPI100001258,2025-07-29,16:30:14,IDBI Bank,Kotak Mahindra,Paytm,P2M,301.76,Pending,NA,Pune,iOS,2452,False
UPI100001259,2025-07-12,00:38:11,Axis Bank,Canara Bank,BHIM,Recharge,1220.62,Success,NA,Pune,Android,873,True
UPI100001260,2025-12-25,17:47:17,ICICI,Axis Bank,PhonePe,Fund Transfer,354.63,Failed,Network Timeout,Ahmedabad,Android,1551,False
UPI100001261,2025-09-17,11:52:03,Union Bank,Yes Bank,WhatsApp Pay,Bill Payment,6914.85,Success,NA,Hyderabad,iOS,443,False
UPI100001262,2025-01-26,16:11:22,Axis Bank,Bank of Baroda,Amazon Pay,P2M,2147.94,Pending,NA,Ludhiana,iOS,298,True
UPI100001263,2025-10-10,10:30:30,Union Bank,Yes Bank,Mobikwik,Fund Transfer,979.34,Reversed,Bank Server Down,Kolkata,Android,317,False
UPI100001264,2025-12-11,12:18:17,IndusInd Bank,HDFC,WhatsApp Pay,Merchant Payment,244.72,Success,NA,Patiala,Android,492,False
UPI100001265,2025-05-22,17:35:32,Yes Bank,Canara Bank,CRED,Fund Transfer,1796.26,Reversed,Duplicate Transaction,Pune,Android,643,False
UPI100001266,2025-02-19,10:39:57,Canara Bank,Yes Bank,Paytm,Fund Transfer,1887.2,Success,NA,Amritsar,iOS,91,False
UPI100001267,2025-10-10,09:47:27,Axis Bank,Yes Bank,Paytm,P2P,1789.55,Success,NA,Ahmedabad,Android,90,False
UPI100001268,2025-12-29,01:05:59,IndusInd Bank,Canara Bank,PhonePe,Recharge,1491.76,Failed,NPCI Switch Error,Chandigarh,iOS,1324,False
UPI100001269,2025-05-24,02:56:36,ICICI,Union Bank,CRED,P2M,1138.17,Success,NA,Hyderabad,Android,78,True
UPI100001270,2025-04-23,12:44:51,ICICI,Kotak Mahindra,Google Pay,P2P,584.11,Success,NA,Hyderabad,Android,532,False
UPI100001271,2025-02-24,06:13:08,Canara Bank,Bank of Baroda,Google Pay,P2M,284.32,Success,NA,Pune,Android,595,False
UPI100001272,2025-01-09,12:34:51,Kotak Mahindra,IDBI Bank,Amazon Pay,P2M,4261.91,Success,NA,Ahmedabad,iOS,125,False
UPI100001273,2025-03-26,15:18:23,HDFC,ICICI,Paytm,Fund Transfer,120.48,Pending,NA,Mumbai,iOS,1153,False
UPI100001274,2025-10-21,19:48:30,HDFC,Axis Bank,Amazon Pay,Fund Transfer,847.51,Failed,Incorrect UPI PIN,Ludhiana,Android,767,False
UPI100001275,2025-11-12,01:28:05,IDBI Bank,Union Bank,Mobikwik,Recharge,291.05,Failed,NPCI Switch Error,Chandigarh,Android,2497,False
UPI100001276,2025-01-23,14:04:28,Bank of Baroda,Axis Bank,Paytm,Fund Transfer,214.23,Success,NA,Delhi,iOS,430,False
UPI100001277,2025-10-17,04:46:24,IDBI Bank,HDFC,BHIM,Bill Payment,326.79,Reversed,Bank Server Down,Patiala,Android,1026,False
UPI100001278,2025-07-10,23:20:46,Kotak Mahindra,HDFC,PhonePe,Fund Transfer,933.87,Failed,Network Timeout,Mumbai,iOS,1899,False
UPI100001279,2025-04-30,14:08:27,IDBI Bank,Kotak Mahindra,BHIM,P2P,724.27,Pending,NA,Ludhiana,Android,956,False
UPI100001280,2025-10-20,05:54:51,SBI,Punjab National Bank,WhatsApp Pay,Bill Payment,2444.36,Failed,Invalid VPA,Delhi,Android,770,False
UPI100001281,2025-07-05,13:25:28,Kotak Mahindra,Union Bank,WhatsApp Pay,Recharge,314.78,Success,NA,Lucknow,iOS,713,True
UPI100001282,2025-07-12,01:30:52,HDFC,HDFC,Paytm,Merchant Payment,4949.69,Failed,Beneficiary Bank Unavailable,Patiala,Android,1165,True
UPI100001283,2025-12-13,09:33:24,Punjab National Bank,Union Bank,BHIM,Recharge,769.27,Failed,Network Timeout,Ludhiana,Android,600,True
UPI100001284,2025-03-19,03:27:34,IndusInd Bank,Canara Bank,Mobikwik,Recharge,4926.81,Success,NA,Bengaluru,iOS,95,False
UPI100001285,2025-01-12,15:09:43,Punjab National Bank,Punjab National Bank,PhonePe,Recharge,4817.44,Success,NA,Ahmedabad,Android,1161,True
UPI100001286,2025-02-16,00:56:32,HDFC,SBI,Mobikwik,P2P,4363.84,Failed,Bank Server Down,Bengaluru,Android,558,True
UPI100001287,2025-12-11,06:44:01,Union Bank,Punjab National Bank,Paytm,P2M,684.82,Failed,PSP Server Error,Pune,iOS,435,False
UPI100001288,2025-06-29,02:11:07,Axis Bank,IndusInd Bank,Mobikwik,P2M,1977.54,Success,NA,Lucknow,iOS,1098,True
UPI100001289,2025-07-25,18:24:12,Union Bank,Yes Bank,CRED,P2M,432.13,Success,NA,Pune,Android,1966,False
UPI100001290,2025-01-27,21:19:19,SBI,Axis Bank,CRED,Bill Payment,2080.85,Success,NA,Delhi,iOS,216,False
UPI100001291,2025-05-15,20:53:25,Yes Bank,Yes Bank,Paytm,Merchant Payment,436.24,Success,NA,Amritsar,iOS,332,False
UPI100001292,2025-03-03,10:58:56,HDFC,Canara Bank,Mobikwik,Recharge,1948.73,Failed,Bank Server Down,Ahmedabad,iOS,1383,False
UPI100001293,2025-09-02,11:36:23,IDBI Bank,IDBI Bank,CRED,Recharge,224.68,Failed,Network Timeout,Ludhiana,Android,194,False
UPI100001294,2025-07-18,03:38:37,Punjab National Bank,ICICI,CRED,Fund Transfer,1168.54,Success,NA,Hyderabad,iOS,697,False
UPI100001295,2025-12-13,20:31:45,Yes Bank,IndusInd Bank,Mobikwik,Fund Transfer,663.43,Reversed,NPCI Switch Error,Ludhiana,iOS,369,True
UPI100001296,2025-04-16,00:54:20,Axis Bank,IndusInd Bank,PhonePe,Bill Payment,2868.31,Failed,Duplicate Transaction,Hyderabad,Android,205,False
UPI100001297,2025-03-12,20:22:32,Punjab National Bank,HDFC,BHIM,Bill Payment,2413.25,Pending,NA,Patiala,iOS,1273,False
UPI100001298,2025-02-21,22:10:58,SBI,Punjab National Bank,Amazon Pay,Fund Transfer,1427.49,Failed,Transaction Timeout,Hyderabad,Android,904,False
UPI100001299,2025-07-17,22:16:11,IDBI Bank,Bank of Baroda,Mobikwik,P2P,1096.95,Failed,NPCI Switch Error,Lucknow,iOS,1081,False
UPI100001300,2025-10-13,04:40:20,ICICI,Punjab National Bank,Amazon Pay,P2P,318.76,Reversed,Duplicate Transaction,Hyderabad,iOS,255,False
UPI100001301,2025-05-27,23:08:43,Bank of Baroda,SBI,Google Pay,Merchant Payment,664.39,Success,NA,Ahmedabad,iOS,561,False
UPI100001302,2025-10-20,20:42:06,IDBI Bank,ICICI,WhatsApp Pay,Fund Transfer,1663.64,Success,NA,Delhi,Android,517,False
UPI100001303,2025-02-15,19:18:57,ICICI,Yes Bank,Paytm,Bill Payment,1932.54,Failed,PSP Server Error,Delhi,Android,1057,True
UPI100001304,2025-06-06,01:05:02,Yes Bank,Punjab National Bank,Mobikwik,Bill Payment,1680.59,Failed,NPCI Switch Error,Jalandhar,iOS,393,False
UPI100001305,2025-10-29,21:43:49,IndusInd Bank,Punjab National Bank,WhatsApp Pay,Bill Payment,4289.88,Reversed,Bank Server Down,Kolkata,Android,422,False
UPI100001306,2025-11-19,12:00:01,Axis Bank,Punjab National Bank,Paytm,P2M,670.98,Failed,Daily Limit Exceeded,Bengaluru,Android,738,False
UPI100001307,2025-08-11,23:14:52,Punjab National Bank,Canara Bank,Mobikwik,Recharge,1657.03,Failed,Incorrect UPI PIN,Delhi,iOS,160,False
UPI100001308,2025-03-21,06:29:57,Yes Bank,Axis Bank,Google Pay,Bill Payment,315.47,Failed,Incorrect UPI PIN,Jalandhar,Android,153,False
UPI100001309,2025-01-03,01:50:41,Yes Bank,Bank of Baroda,WhatsApp Pay,Fund Transfer,1588.5,Success,NA,Ludhiana,iOS,559,False
UPI100001310,2025-05-02,14:06:42,Punjab National Bank,Kotak Mahindra,BHIM,P2M,1696.11,Reversed,NPCI Switch Error,Ludhiana,Android,425,False
UPI100001311,2025-08-20,19:07:48,Union Bank,Punjab National Bank,Google Pay,Fund Transfer,226.55,Success,NA,Bengaluru,iOS,543,False
UPI100001312,2025-07-23,06:14:15,SBI,IndusInd Bank,BHIM,P2P,337.77,Failed,Transaction Timeout,Ludhiana,iOS,1088,False
UPI100001313,2025-05-15,15:38:09,IndusInd Bank,Punjab National Bank,Amazon Pay,Bill Payment,906.01,Success,NA,Bengaluru,iOS,2202,False
UPI100001314,2025-01-18,05:46:13,Axis Bank,Canara Bank,Paytm,Recharge,2125.38,Success,NA,Amritsar,iOS,1102,True
UPI100001315,2025-07-08,01:07:56,HDFC,ICICI,WhatsApp Pay,Recharge,258.88,Failed,Bank Server Down,Chandigarh,Android,349,False
UPI100001316,2025-08-04,05:08:30,Yes Bank,IndusInd Bank,CRED,Recharge,1611.72,Success,NA,Mumbai,Android,563,False
UPI100001317,2025-12-26,15:23:32,Punjab National Bank,Union Bank,CRED,Bill Payment,862.7,Success,NA,Jaipur,Android,284,False
UPI100001318,2025-04-25,07:22:19,IDBI Bank,HDFC,PhonePe,Recharge,1419.43,Failed,Bank Server Down,Jalandhar,iOS,364,False
UPI100001319,2025-08-24,00:50:55,Axis Bank,SBI,PhonePe,Bill Payment,3860.0,Success,NA,Chandigarh,Android,286,True
UPI100001320,2025-02-24,07:08:47,Bank of Baroda,HDFC,Amazon Pay,Fund Transfer,341.16,Failed,NPCI Switch Error,Mumbai,iOS,362,False
UPI100001321,2025-03-28,04:22:09,Union Bank,SBI,PhonePe,Bill Payment,2630.97,Success,NA,Lucknow,Android,3250,False
UPI100001322,2025-01-31,16:35:39,IDBI Bank,Yes Bank,BHIM,Recharge,59.75,Reversed,Duplicate Transaction,Ahmedabad,Android,1019,False
UPI100001323,2025-08-16,23:56:49,HDFC,ICICI,Amazon Pay,Recharge,3420.23,Pending,NA,Jalandhar,iOS,202,True
UPI100001324,2025-06-27,06:15:25,Kotak Mahindra,Bank of Baroda,BHIM,P2M,237.1,Success,NA,Ahmedabad,Android,188,False
UPI100001325,2025-04-06,15:40:41,Canara Bank,IndusInd Bank,WhatsApp Pay,Bill Payment,2011.45,Success,NA,Lucknow,iOS,993,True
UPI100001326,2025-05-17,05:55:11,IDBI Bank,IndusInd Bank,WhatsApp Pay,Recharge,220.15,Success,NA,Jaipur,Android,1343,True
UPI100001327,2025-04-25,22:25:30,Canara Bank,Yes Bank,CRED,Recharge,1370.94,Success,NA,Hyderabad,Android,1168,False
UPI100001328,2025-06-14,06:33:54,Bank of Baroda,Kotak Mahindra,Paytm,Bill Payment,3752.76,Success,NA,Chandigarh,Android,251,True
UPI100001329,2025-11-27,20:34:22,IndusInd Bank,Union Bank,CRED,Bill Payment,1700.02,Reversed,NPCI Switch Error,Delhi,iOS,950,False
UPI100001330,2025-06-27,08:46:06,Bank of Baroda,IndusInd Bank,Amazon Pay,Fund Transfer,1674.88,Reversed,Bank Server Down,Patiala,Android,1856,False
UPI100001331,2025-08-03,16:12:14,Axis Bank,Axis Bank,Google Pay,Recharge,1847.35,Failed,Network Timeout,Amritsar,Android,556,True
UPI100001332,2025-07-17,02:10:14,ICICI,IDBI Bank,CRED,P2P,13.69,Success,NA,Kolkata,iOS,1332,False
UPI100001333,2025-08-08,17:26:45,IDBI Bank,Axis Bank,BHIM,Bill Payment,5193.38,Pending,NA,Patiala,iOS,2333,False
UPI100001334,2025-10-22,18:30:00,Yes Bank,IDBI Bank,Amazon Pay,P2P,2232.52,Failed,Insufficient Balance,Ludhiana,Android,164,False
UPI100001335,2025-02-02,14:33:53,IndusInd Bank,IndusInd Bank,WhatsApp Pay,Recharge,833.03,Failed,Bank Server Down,Hyderabad,Android,1175,True
UPI100001336,2025-12-14,15:16:53,Kotak Mahindra,Punjab National Bank,CRED,P2M,385.41,Failed,Beneficiary Bank Unavailable,Bengaluru,iOS,658,True
UPI100001337,2025-10-15,18:33:56,Axis Bank,IDBI Bank,Paytm,P2M,79.93,Failed,Network Timeout,Ludhiana,iOS,684,False
UPI100001338,2025-07-18,07:17:49,Union Bank,IDBI Bank,Paytm,Merchant Payment,884.69,Success,NA,Patiala,Android,513,False
UPI100001339,2025-09-16,07:40:17,ICICI,IDBI Bank,CRED,P2P,4590.16,Success,NA,Patiala,iOS,373,False
UPI100001340,2025-09-28,04:04:02,Canara Bank,Axis Bank,WhatsApp Pay,Merchant Payment,1981.49,Reversed,Bank Server Down,Delhi,iOS,1214,True
UPI100001341,2025-11-09,21:20:30,Kotak Mahindra,ICICI,CRED,Merchant Payment,2346.22,Success,NA,Lucknow,iOS,903,True
UPI100001342,2025-12-02,16:44:42,IndusInd Bank,SBI,BHIM,Bill Payment,862.74,Success,NA,Patiala,iOS,2157,False
UPI100001343,2025-12-18,23:01:51,Punjab National Bank,Canara Bank,BHIM,Merchant Payment,353.75,Success,NA,Kolkata,Android,64,False
UPI100001344,2025-09-02,02:41:04,IDBI Bank,IndusInd Bank,WhatsApp Pay,Fund Transfer,802.76,Pending,NA,Ahmedabad,Android,2430,False
UPI100001345,2025-01-06,02:19:42,Axis Bank,Punjab National Bank,PhonePe,P2M,3463.63,Success,NA,Lucknow,Android,1215,False
UPI100001346,2025-05-31,10:30:51,SBI,Punjab National Bank,CRED,P2P,960.29,Failed,Invalid VPA,Pune,Android,68,True
UPI100001347,2025-10-03,04:35:55,HDFC,ICICI,Mobikwik,Merchant Payment,4308.34,Failed,Network Timeout,Amritsar,iOS,282,False
UPI100001348,2025-09-28,03:43:41,IDBI Bank,ICICI,Mobikwik,P2M,608.69,Success,NA,Amritsar,Android,103,True
UPI100001349,2025-09-28,22:03:44,Canara Bank,Bank of Baroda,CRED,Recharge,1783.64,Reversed,Duplicate Transaction,Ahmedabad,iOS,305,True
UPI100001350,2025-07-20,20:44:02,Yes Bank,Axis Bank,Amazon Pay,Fund Transfer,733.33,Failed,Incorrect UPI PIN,Jalandhar,iOS,316,True
UPI100001351,2025-07-20,22:11:05,IDBI Bank,Axis Bank,Amazon Pay,P2P,323.62,Success,NA,Mumbai,Android,1274,True
UPI100001352,2025-01-24,10:25:50,HDFC,Axis Bank,BHIM,Merchant Payment,2577.88,Success,NA,Ludhiana,iOS,56,False
UPI100001353,2025-07-17,02:23:51,Yes Bank,IDBI Bank,Mobikwik,Fund Transfer,238.94,Success,NA,Ludhiana,Android,85,False
UPI100001354,2025-05-31,06:55:40,Union Bank,SBI,Google Pay,Merchant Payment,846.41,Reversed,NPCI Switch Error,Amritsar,Android,460,True
UPI100001355,2025-03-31,14:19:02,Kotak Mahindra,IDBI Bank,Mobikwik,Fund Transfer,537.98,Success,NA,Bengaluru,Android,859,False
UPI100001356,2025-09-23,12:06:50,SBI,SBI,CRED,Merchant Payment,1492.21,Failed,Daily Limit Exceeded,Ahmedabad,iOS,546,False
UPI100001357,2025-09-19,11:06:42,Punjab National Bank,Yes Bank,BHIM,Bill Payment,1665.58,Failed,Invalid VPA,Ahmedabad,Android,396,False
UPI100001358,2025-07-09,05:07:57,Kotak Mahindra,Kotak Mahindra,Google Pay,Bill Payment,1908.07,Pending,NA,Hyderabad,Android,368,False
UPI100001359,2025-06-07,20:18:28,SBI,Yes Bank,Mobikwik,Bill Payment,3402.15,Failed,Incorrect UPI PIN,Hyderabad,Android,681,True
UPI100001360,2025-11-11,10:30:14,Axis Bank,Bank of Baroda,BHIM,Bill Payment,597.01,Success,NA,Jalandhar,Android,179,False
UPI100001361,2025-05-02,20:02:14,Bank of Baroda,Bank of Baroda,Paytm,Merchant Payment,869.78,Failed,Account Blocked/Frozen,Chandigarh,Android,1196,False
UPI100001362,2025-04-20,12:10:26,Axis Bank,Kotak Mahindra,Amazon Pay,P2M,92.34,Success,NA,Ludhiana,Android,808,True
UPI100001363,2025-05-30,08:35:32,HDFC,Canara Bank,Amazon Pay,Bill Payment,2887.47,Failed,PSP Server Error,Jaipur,Android,345,False
UPI100001364,2025-02-23,02:34:40,HDFC,Axis Bank,WhatsApp Pay,Recharge,1202.72,Failed,Network Timeout,Jaipur,iOS,2370,True
UPI100001365,2025-07-10,18:45:01,Punjab National Bank,Bank of Baroda,Mobikwik,Merchant Payment,947.87,Reversed,Duplicate Transaction,Ludhiana,Android,787,False
UPI100001366,2025-02-22,09:03:22,SBI,Canara Bank,PhonePe,P2P,1307.94,Failed,Daily Limit Exceeded,Jaipur,Android,1031,True
UPI100001367,2025-08-31,02:17:30,ICICI,SBI,WhatsApp Pay,Fund Transfer,52.03,Success,NA,Jalandhar,iOS,1791,True
UPI100001368,2025-11-13,16:27:12,SBI,IDBI Bank,PhonePe,P2M,572.38,Failed,Duplicate Transaction,Ahmedabad,iOS,456,False
UPI100001369,2025-12-26,11:28:11,Kotak Mahindra,IDBI Bank,Paytm,Recharge,1030.31,Failed,Account Blocked/Frozen,Jalandhar,Android,206,False
UPI100001370,2025-11-06,01:53:40,SBI,IndusInd Bank,Google Pay,Recharge,490.04,Success,NA,Hyderabad,iOS,164,False
UPI100001371,2025-03-20,04:48:30,Bank of Baroda,Canara Bank,WhatsApp Pay,P2M,2209.22,Success,NA,Ahmedabad,iOS,1166,False
UPI100001372,2025-04-09,11:21:18,Kotak Mahindra,SBI,WhatsApp Pay,P2P,654.99,Pending,NA,Ludhiana,iOS,271,False
UPI100001373,2025-10-25,17:17:24,IndusInd Bank,IDBI Bank,BHIM,Recharge,907.09,Success,NA,Patiala,iOS,256,True
UPI100001374,2025-02-13,11:17:21,HDFC,Union Bank,Google Pay,P2M,1403.58,Success,NA,Mumbai,Android,575,False
UPI100001375,2025-08-16,01:21:01,HDFC,ICICI,Amazon Pay,Recharge,570.19,Reversed,Bank Server Down,Bengaluru,Android,284,True
UPI100001376,2025-05-11,17:18:14,Axis Bank,Canara Bank,Google Pay,P2M,2710.92,Failed,Daily Limit Exceeded,Lucknow,Android,586,True
UPI100001377,2025-11-25,02:14:30,Yes Bank,Axis Bank,PhonePe,Fund Transfer,2361.64,Failed,PSP Server Error,Amritsar,Android,123,False
UPI100001378,2025-09-20,16:35:20,Union Bank,ICICI,PhonePe,Recharge,1143.32,Success,NA,Lucknow,Android,2326,True
UPI100001379,2025-11-04,05:52:39,SBI,Axis Bank,Paytm,Recharge,702.88,Success,NA,Kolkata,iOS,1370,False
UPI100001380,2025-08-25,20:10:57,SBI,Yes Bank,Google Pay,Fund Transfer,3279.31,Success,NA,Delhi,iOS,1282,False
UPI100001381,2025-08-07,13:27:49,ICICI,Punjab National Bank,PhonePe,Bill Payment,1513.87,Success,NA,Chandigarh,Android,482,False
UPI100001382,2025-09-05,05:04:02,HDFC,IndusInd Bank,Mobikwik,P2P,775.01,Reversed,Bank Server Down,Kolkata,iOS,708,False
UPI100001383,2025-06-16,13:09:47,Yes Bank,Yes Bank,BHIM,P2M,4029.42,Success,NA,Patiala,Android,878,False
UPI100001384,2025-05-14,15:45:51,Union Bank,IndusInd Bank,BHIM,Bill Payment,261.59,Success,NA,Kolkata,Android,251,False
UPI100001385,2025-09-05,06:30:04,SBI,Bank of Baroda,BHIM,Fund Transfer,1293.8,Failed,Network Timeout,Kolkata,Android,702,False
UPI100001386,2025-11-27,09:29:02,Axis Bank,ICICI,PhonePe,Recharge,440.88,Success,NA,Delhi,Android,1076,False
UPI100001387,2025-06-06,06:52:06,Yes Bank,HDFC,Amazon Pay,Bill Payment,1194.57,Success,NA,Patiala,Android,456,False
UPI100001388,2025-03-19,20:33:25,Punjab National Bank,SBI,Google Pay,Bill Payment,597.13,Success,NA,Bengaluru,iOS,1518,False
UPI100001389,2025-06-23,08:19:05,Yes Bank,Union Bank,CRED,Bill Payment,15.31,Reversed,NPCI Switch Error,Chandigarh,Android,1127,False
UPI100001390,2025-11-19,09:22:46,Bank of Baroda,Axis Bank,Amazon Pay,Merchant Payment,2902.04,Success,NA,Patiala,iOS,244,False
UPI100001391,2025-06-11,20:59:29,SBI,HDFC,PhonePe,Fund Transfer,185.78,Success,NA,Amritsar,Android,2893,False
UPI100001392,2025-01-20,18:56:05,Canara Bank,HDFC,Amazon Pay,Bill Payment,2870.14,Pending,NA,Ludhiana,Android,771,False
UPI100001393,2025-08-04,02:38:16,Axis Bank,Bank of Baroda,PhonePe,P2M,994.58,Success,NA,Ludhiana,Android,619,False
UPI100001394,2025-12-05,01:28:35,Kotak Mahindra,IndusInd Bank,Google Pay,P2P,2518.88,Success,NA,Pune,Android,715,False
UPI100001395,2025-06-27,11:33:18,Punjab National Bank,Axis Bank,Mobikwik,Merchant Payment,811.83,Failed,NPCI Switch Error,Bengaluru,iOS,1371,False
UPI100001396,2025-12-15,21:37:45,ICICI,SBI,BHIM,Merchant Payment,2488.38,Success,NA,Amritsar,iOS,414,False
UPI100001397,2025-09-09,06:30:53,ICICI,IndusInd Bank,Google Pay,Merchant Payment,3751.09,Success,NA,Jalandhar,Android,142,False
UPI100001398,2025-01-30,02:35:05,Bank of Baroda,Bank of Baroda,CRED,Merchant Payment,1540.62,Success,NA,Delhi,iOS,86,False
UPI100001399,2025-10-19,07:42:18,Canara Bank,Canara Bank,Amazon Pay,Merchant Payment,3460.28,Failed,Insufficient Balance,Mumbai,iOS,1188,True
UPI100001400,2025-03-16,16:49:18,Kotak Mahindra,Bank of Baroda,Amazon Pay,P2P,4502.25,Success,NA,Patiala,iOS,1293,True
UPI100001401,2025-07-16,10:35:30,Kotak Mahindra,ICICI,WhatsApp Pay,Merchant Payment,2744.06,Pending,NA,Lucknow,Android,1333,False
UPI100001402,2025-12-21,18:32:55,Bank of Baroda,Kotak Mahindra,WhatsApp Pay,P2M,1813.76,Failed,Insufficient Balance,Jaipur,iOS,1303,True
UPI100001403,2025-02-15,20:10:52,IndusInd Bank,Bank of Baroda,PhonePe,P2P,639.86,Success,NA,Ludhiana,iOS,1983,True
UPI100001404,2025-09-04,10:35:35,Union Bank,Kotak Mahindra,Google Pay,Fund Transfer,729.74,Success,NA,Bengaluru,iOS,575,False
UPI100001405,2025-12-03,05:41:51,Canara Bank,Kotak Mahindra,Mobikwik,Bill Payment,3275.07,Failed,Beneficiary Bank Unavailable,Pune,iOS,462,False
UPI100001406,2025-09-09,03:48:10,Yes Bank,IndusInd Bank,Paytm,Fund Transfer,1052.54,Reversed,Duplicate Transaction,Delhi,Android,800,False
UPI100001407,2025-08-11,03:00:32,IndusInd Bank,Union Bank,Amazon Pay,P2P,542.45,Pending,NA,Mumbai,iOS,844,False
UPI100001408,2025-10-28,18:52:43,IndusInd Bank,Kotak Mahindra,Paytm,Recharge,2695.15,Success,NA,Patiala,iOS,378,False
UPI100001409,2025-08-07,01:12:32,Yes Bank,SBI,Mobikwik,P2M,816.91,Failed,Duplicate Transaction,Amritsar,Android,661,False
UPI100001410,2025-03-30,14:29:45,Yes Bank,Axis Bank,Amazon Pay,Merchant Payment,2524.21,Failed,Account Blocked/Frozen,Jaipur,Android,369,True
UPI100001411,2025-08-24,00:43:16,Punjab National Bank,IDBI Bank,Mobikwik,P2M,3255.79,Failed,Incorrect UPI PIN,Delhi,Android,1903,True
UPI100001412,2025-12-16,23:16:36,IDBI Bank,ICICI,Google Pay,Fund Transfer,1231.13,Success,NA,Jalandhar,iOS,435,False
UPI100001413,2025-05-12,16:14:25,HDFC,Axis Bank,Paytm,P2P,1164.72,Success,NA,Ahmedabad,Android,300,False
UPI100001414,2025-02-24,18:36:49,HDFC,Punjab National Bank,Amazon Pay,Merchant Payment,569.65,Failed,Account Blocked/Frozen,Chandigarh,iOS,729,False
UPI100001415,2025-10-01,01:24:14,Punjab National Bank,Punjab National Bank,Paytm,Bill Payment,213.83,Failed,Bank Server Down,Pune,iOS,468,False
UPI100001416,2025-08-01,09:13:56,HDFC,Punjab National Bank,Paytm,Recharge,491.24,Pending,NA,Jaipur,iOS,2167,False
UPI100001417,2025-07-30,16:26:24,SBI,Kotak Mahindra,Paytm,Recharge,2533.43,Failed,Invalid VPA,Ludhiana,Android,273,False
UPI100001418,2025-11-01,15:24:51,IDBI Bank,Axis Bank,Amazon Pay,P2P,1322.36,Reversed,Bank Server Down,Bengaluru,Android,120,True
UPI100001419,2025-03-07,16:28:51,Bank of Baroda,Kotak Mahindra,Paytm,Merchant Payment,3053.2,Success,NA,Jaipur,iOS,918,False
UPI100001420,2025-10-01,12:29:02,IDBI Bank,SBI,Paytm,Merchant Payment,2412.91,Reversed,Bank Server Down,Chandigarh,iOS,1675,False
UPI100001421,2025-09-11,11:48:20,Axis Bank,Punjab National Bank,PhonePe,Fund Transfer,1710.09,Failed,PSP Server Error,Amritsar,iOS,1025,False
UPI100001422,2025-04-18,04:48:56,Punjab National Bank,Canara Bank,BHIM,P2P,2026.83,Success,NA,Jalandhar,iOS,489,False
UPI100001423,2025-08-29,07:34:40,Axis Bank,ICICI,CRED,Bill Payment,963.02,Pending,NA,Ahmedabad,iOS,944,False
UPI100001424,2025-07-15,11:59:12,SBI,IDBI Bank,WhatsApp Pay,Fund Transfer,7489.82,Reversed,NPCI Switch Error,Patiala,Android,189,False
UPI100001425,2025-03-11,01:14:34,Bank of Baroda,Bank of Baroda,WhatsApp Pay,Recharge,274.52,Failed,Bank Server Down,Patiala,iOS,385,False
UPI100001426,2025-06-08,00:33:55,Axis Bank,Axis Bank,WhatsApp Pay,Bill Payment,869.99,Success,NA,Mumbai,Android,324,True
UPI100001427,2025-03-31,21:02:31,Bank of Baroda,Bank of Baroda,WhatsApp Pay,P2M,2329.42,Success,NA,Ludhiana,iOS,1511,False
UPI100001428,2025-12-16,05:49:58,Punjab National Bank,SBI,WhatsApp Pay,P2M,463.94,Failed,NPCI Switch Error,Amritsar,iOS,494,False
UPI100001429,2025-05-01,17:49:35,Canara Bank,ICICI,BHIM,Bill Payment,5264.41,Pending,NA,Hyderabad,Android,413,False
UPI100001430,2025-10-15,02:45:07,HDFC,Canara Bank,Mobikwik,Fund Transfer,671.94,Success,NA,Hyderabad,Android,1981,False
UPI100001431,2025-08-05,22:37:19,SBI,Canara Bank,Mobikwik,Bill Payment,137.16,Failed,Bank Server Down,Mumbai,iOS,1058,False
UPI100001432,2025-05-24,02:51:46,SBI,Punjab National Bank,PhonePe,Recharge,2629.68,Reversed,Duplicate Transaction,Amritsar,Android,307,True
UPI100001433,2025-07-28,19:02:11,IndusInd Bank,Yes Bank,BHIM,Recharge,288.99,Failed,Duplicate Transaction,Jaipur,Android,2594,False
UPI100001434,2025-12-06,10:11:12,Kotak Mahindra,IndusInd Bank,PhonePe,Bill Payment,1694.39,Failed,PSP Server Error,Pune,Android,378,True
UPI100001435,2025-07-07,20:22:36,ICICI,Axis Bank,BHIM,Bill Payment,1775.6,Failed,Transaction Timeout,Ahmedabad,iOS,648,False
UPI100001436,2025-05-05,07:18:03,IndusInd Bank,Bank of Baroda,Paytm,Bill Payment,8131.63,Success,NA,Mumbai,iOS,58,False
UPI100001437,2025-07-23,05:23:40,Punjab National Bank,Union Bank,BHIM,Merchant Payment,3791.18,Pending,NA,Kolkata,Android,1707,False
UPI100001438,2025-02-17,02:47:26,IDBI Bank,Bank of Baroda,PhonePe,Fund Transfer,2607.65,Failed,PSP Server Error,Jalandhar,iOS,136,False
UPI100001439,2025-02-18,15:35:41,Canara Bank,Canara Bank,CRED,P2M,1766.01,Success,NA,Hyderabad,iOS,191,False
UPI100001440,2025-05-06,19:43:31,IndusInd Bank,IndusInd Bank,Amazon Pay,P2M,1003.47,Failed,Duplicate Transaction,Amritsar,Android,1620,False
UPI100001441,2025-02-21,02:14:43,Bank of Baroda,Yes Bank,Mobikwik,Bill Payment,487.1,Success,NA,Mumbai,iOS,4063,False
UPI100001442,2025-04-03,21:10:02,ICICI,Punjab National Bank,PhonePe,Bill Payment,2819.61,Success,NA,Delhi,Android,622,False
UPI100001443,2025-03-07,09:46:02,Punjab National Bank,Punjab National Bank,Paytm,P2P,337.64,Success,NA,Hyderabad,iOS,1731,False
UPI100001444,2025-08-28,22:48:16,Punjab National Bank,IndusInd Bank,Google Pay,P2P,1715.39,Pending,NA,Jaipur,iOS,1523,False
UPI100001445,2025-05-25,10:28:59,HDFC,Kotak Mahindra,Google Pay,Merchant Payment,1792.54,Success,NA,Kolkata,Android,181,True
UPI100001446,2025-08-11,15:51:54,Canara Bank,Kotak Mahindra,Amazon Pay,Merchant Payment,1344.74,Failed,Daily Limit Exceeded,Jaipur,Android,65,False
UPI100001447,2025-08-19,08:25:40,Union Bank,HDFC,Amazon Pay,Fund Transfer,5710.21,Failed,Transaction Timeout,Pune,iOS,2282,False
UPI100001448,2025-06-05,11:16:05,Axis Bank,Bank of Baroda,Paytm,Merchant Payment,1919.39,Failed,Transaction Timeout,Jaipur,Android,497,False
UPI100001449,2025-09-01,13:31:48,ICICI,Union Bank,Google Pay,Fund Transfer,2591.75,Failed,PSP Server Error,Amritsar,Android,233,False
UPI100001450,2025-04-17,14:50:20,IndusInd Bank,HDFC,WhatsApp Pay,Fund Transfer,776.79,Success,NA,Mumbai,Android,331,False
UPI100001451,2025-05-14,12:22:37,IDBI Bank,HDFC,Mobikwik,Bill Payment,1795.54,Failed,Insufficient Balance,Jalandhar,iOS,1181,False
UPI100001452,2025-01-15,19:57:14,Kotak Mahindra,Union Bank,BHIM,Recharge,2866.64,Success,NA,Ludhiana,Android,831,False
UPI100001453,2025-02-08,17:35:27,Union Bank,Union Bank,WhatsApp Pay,Bill Payment,1424.0,Success,NA,Amritsar,iOS,958,True
UPI100001454,2025-03-15,01:39:10,Canara Bank,HDFC,Paytm,Fund Transfer,2132.01,Success,NA,Pune,iOS,1382,True
UPI100001455,2025-12-19,19:37:07,IndusInd Bank,Union Bank,WhatsApp Pay,Fund Transfer,4574.28,Success,NA,Ludhiana,Android,882,False
UPI100001456,2025-02-20,07:52:10,IDBI Bank,ICICI,PhonePe,Fund Transfer,1529.85,Reversed,Duplicate Transaction,Bengaluru,Android,275,False
UPI100001457,2025-09-22,18:33:06,Bank of Baroda,IDBI Bank,BHIM,Fund Transfer,1200.68,Failed,Transaction Timeout,Bengaluru,iOS,755,False
UPI100001458,2025-09-30,11:04:17,Canara Bank,HDFC,Paytm,Merchant Payment,93.05,Failed,Daily Limit Exceeded,Lucknow,Android,687,False
UPI100001459,2025-09-22,05:06:45,Kotak Mahindra,ICICI,Amazon Pay,P2M,2846.42,Success,NA,Chandigarh,Android,206,False
UPI100001460,2025-07-21,22:07:12,Axis Bank,IndusInd Bank,CRED,Merchant Payment,199.49,Failed,Transaction Timeout,Ludhiana,Android,979,False
UPI100001461,2025-10-19,05:50:53,SBI,ICICI,Amazon Pay,P2M,318.61,Failed,Network Timeout,Pune,iOS,1422,True
UPI100001462,2025-05-01,15:06:31,Canara Bank,Union Bank,PhonePe,Fund Transfer,2734.02,Pending,NA,Ahmedabad,iOS,1437,False
UPI100001463,2025-08-13,03:05:54,Bank of Baroda,Canara Bank,PhonePe,Bill Payment,395.14,Success,NA,Chandigarh,Android,235,False
UPI100001464,2025-07-09,21:01:21,Kotak Mahindra,Axis Bank,Google Pay,P2M,406.31,Pending,NA,Bengaluru,Android,258,False
UPI100001465,2025-06-05,17:52:00,HDFC,ICICI,Google Pay,Merchant Payment,1337.76,Success,NA,Lucknow,Android,237,False
UPI100001466,2025-05-11,06:28:09,SBI,Canara Bank,Google Pay,P2P,444.86,Success,NA,Mumbai,Android,168,True
UPI100001467,2025-09-03,09:10:50,Canara Bank,Yes Bank,BHIM,P2M,131.24,Success,NA,Ludhiana,iOS,428,False
UPI100001468,2025-10-16,00:21:33,IDBI Bank,Axis Bank,Amazon Pay,Fund Transfer,2108.85,Success,NA,Bengaluru,iOS,413,False
UPI100001469,2025-02-25,13:28:23,Yes Bank,IndusInd Bank,Paytm,Merchant Payment,839.15,Success,NA,Pune,Android,1376,False
UPI100001470,2025-03-26,00:44:34,Punjab National Bank,IndusInd Bank,Amazon Pay,P2P,2608.22,Pending,NA,Pune,Android,1425,False
UPI100001471,2025-05-31,17:06:12,Bank of Baroda,Yes Bank,PhonePe,Fund Transfer,4261.93,Success,NA,Kolkata,iOS,527,True
UPI100001472,2025-06-14,09:21:40,IndusInd Bank,Union Bank,Mobikwik,P2P,299.69,Success,NA,Mumbai,iOS,1695,True
UPI100001473,2025-12-09,12:41:44,HDFC,ICICI,BHIM,P2P,1449.13,Success,NA,Chandigarh,Android,3319,False
UPI100001474,2025-03-14,15:55:53,HDFC,IndusInd Bank,CRED,P2M,170.67,Failed,PSP Server Error,Bengaluru,iOS,134,False
UPI100001475,2025-07-03,17:39:14,SBI,Canara Bank,BHIM,P2P,455.6,Pending,NA,Jaipur,iOS,258,False
UPI100001476,2025-04-25,19:56:19,Punjab National Bank,Kotak Mahindra,Google Pay,Merchant Payment,60.19,Success,NA,Jalandhar,iOS,653,False
UPI100001477,2025-11-18,04:15:03,Axis Bank,IndusInd Bank,CRED,Recharge,159.84,Success,NA,Jaipur,iOS,1745,False
UPI100001478,2025-11-08,01:51:01,SBI,Bank of Baroda,Google Pay,Bill Payment,5273.67,Success,NA,Amritsar,Android,1247,True
UPI100001479,2025-06-07,04:19:43,SBI,Kotak Mahindra,WhatsApp Pay,Fund Transfer,1245.26,Success,NA,Kolkata,Android,3251,True
UPI100001480,2025-03-15,12:17:38,Bank of Baroda,Axis Bank,BHIM,Merchant Payment,706.43,Failed,Bank Server Down,Ludhiana,Android,151,True
UPI100001481,2025-03-27,23:11:21,IndusInd Bank,Yes Bank,Amazon Pay,Recharge,72.62,Failed,Insufficient Balance,Pune,iOS,819,False
UPI100001482,2025-08-03,08:38:07,ICICI,HDFC,CRED,Bill Payment,371.05,Success,NA,Pune,iOS,1208,True
UPI100001483,2025-07-21,19:16:21,Yes Bank,Kotak Mahindra,WhatsApp Pay,Bill Payment,3292.57,Success,NA,Patiala,Android,1810,False
UPI100001484,2025-03-08,05:39:03,IndusInd Bank,SBI,Paytm,P2M,855.6,Reversed,Duplicate Transaction,Hyderabad,Android,762,True
UPI100001485,2025-01-15,05:48:30,Union Bank,Kotak Mahindra,CRED,Recharge,490.29,Success,NA,Jaipur,iOS,201,False
UPI100001486,2025-11-05,00:57:29,Canara Bank,Kotak Mahindra,PhonePe,Fund Transfer,2929.47,Success,NA,Mumbai,Android,457,False
UPI100001487,2025-03-15,04:50:12,Bank of Baroda,HDFC,Google Pay,Merchant Payment,236.8,Success,NA,Hyderabad,iOS,304,True
UPI100001488,2025-01-19,19:13:21,Punjab National Bank,Bank of Baroda,Google Pay,Recharge,216.46,Failed,Insufficient Balance,Pune,Android,139,True
UPI100001489,2025-03-04,00:29:43,Bank of Baroda,HDFC,CRED,Bill Payment,254.05,Success,NA,Mumbai,Android,383,False
UPI100001490,2025-06-10,23:11:54,HDFC,Canara Bank,Google Pay,Bill Payment,2350.6,Failed,PSP Server Error,Ludhiana,Android,1962,False
UPI100001491,2025-05-27,03:42:48,IndusInd Bank,HDFC,CRED,Recharge,760.27,Success,NA,Lucknow,Android,568,False
UPI100001492,2025-08-06,20:15:25,Union Bank,Yes Bank,BHIM,Recharge,602.84,Failed,Account Blocked/Frozen,Ludhiana,iOS,1385,False
UPI100001493,2025-08-21,21:42:22,Canara Bank,Union Bank,Amazon Pay,Merchant Payment,767.78,Success,NA,Amritsar,iOS,1992,False
UPI100001494,2025-07-09,03:05:23,ICICI,Kotak Mahindra,Google Pay,Merchant Payment,3476.95,Failed,NPCI Switch Error,Jaipur,iOS,290,False
UPI100001495,2025-08-04,13:35:51,SBI,IDBI Bank,Google Pay,P2P,910.4,Reversed,Duplicate Transaction,Lucknow,Android,2310,False
UPI100001496,2025-03-15,04:23:04,Bank of Baroda,IDBI Bank,CRED,P2P,15.58,Failed,Insufficient Balance,Chandigarh,Android,473,True
UPI100001497,2025-08-30,02:16:17,Axis Bank,IDBI Bank,Paytm,Bill Payment,1299.03,Success,NA,Pune,Android,154,True
UPI100001498,2025-12-05,12:12:30,IDBI Bank,Axis Bank,WhatsApp Pay,Recharge,241.1,Failed,Duplicate Transaction,Ludhiana,iOS,1054,False
UPI100001499,2025-05-26,13:36:28,Punjab National Bank,Yes Bank,Mobikwik,Merchant Payment,472.01,Success,NA,Lucknow,Android,700,False
UPI100001500,2025-08-03,12:47:53,Union Bank,Canara Bank,Mobikwik,P2M,107.63,Success,NA,Jaipur,Android,356,True
UPI100001501,2025-08-20,12:26:15,HDFC,Kotak Mahindra,Amazon Pay,P2M,217.83,Success,NA,Patiala,Android,816,False
UPI100001502,2025-10-24,17:20:25,IDBI Bank,SBI,CRED,Recharge,75.18,Success,NA,Delhi,iOS,1302,False
UPI100001503,2025-04-18,06:35:29,Union Bank,Axis Bank,BHIM,Fund Transfer,144.63,Success,NA,Jalandhar,Android,2856,False
UPI100001504,2025-04-01,10:29:50,Kotak Mahindra,ICICI,WhatsApp Pay,Fund Transfer,1364.97,Failed,Beneficiary Bank Unavailable,Delhi,iOS,793,False
UPI100001505,2025-06-02,03:39:09,Union Bank,HDFC,Google Pay,Bill Payment,1194.64,Success,NA,Ahmedabad,Android,97,False
UPI100001506,2025-07-26,19:41:26,Kotak Mahindra,HDFC,Mobikwik,P2M,110.45,Success,NA,Hyderabad,iOS,449,True
UPI100001507,2025-08-15,14:30:49,Yes Bank,Punjab National Bank,PhonePe,Bill Payment,1099.22,Success,NA,Ludhiana,iOS,826,False
UPI100001508,2025-10-03,17:34:41,Yes Bank,Axis Bank,Google Pay,Merchant Payment,2593.32,Success,NA,Ahmedabad,Android,348,False
UPI100001509,2025-07-23,11:41:35,Punjab National Bank,HDFC,WhatsApp Pay,Fund Transfer,1652.25,Reversed,Duplicate Transaction,Jalandhar,Android,462,False
UPI100001510,2025-06-07,21:18:28,Yes Bank,Union Bank,Amazon Pay,Bill Payment,860.15,Success,NA,Ludhiana,Android,493,True
UPI100001511,2025-01-04,05:40:05,ICICI,Union Bank,Amazon Pay,Recharge,34.45,Success,NA,Pune,iOS,363,True
UPI100001512,2025-01-30,14:39:36,IndusInd Bank,Union Bank,Mobikwik,Fund Transfer,252.78,Success,NA,Mumbai,iOS,1071,False
UPI100001513,2025-12-01,19:06:59,Axis Bank,Bank of Baroda,Paytm,Merchant Payment,1448.55,Success,NA,Bengaluru,iOS,479,False
UPI100001514,2025-09-26,11:54:04,Punjab National Bank,Yes Bank,Amazon Pay,Recharge,1993.9,Success,NA,Mumbai,Android,147,False
UPI100001515,2025-01-26,12:25:13,Union Bank,Punjab National Bank,Google Pay,Merchant Payment,3207.05,Success,NA,Ludhiana,iOS,278,True
UPI100001516,2025-11-17,03:31:14,ICICI,IDBI Bank,WhatsApp Pay,Recharge,3462.07,Failed,Insufficient Balance,Bengaluru,iOS,911,False
UPI100001517,2025-08-29,08:23:35,Canara Bank,ICICI,Mobikwik,Merchant Payment,644.43,Failed,Duplicate Transaction,Hyderabad,Android,130,False
UPI100001518,2025-06-28,11:55:16,Yes Bank,IDBI Bank,Mobikwik,Recharge,3571.06,Failed,Daily Limit Exceeded,Hyderabad,iOS,1208,True
UPI100001519,2025-09-26,11:42:34,Canara Bank,ICICI,PhonePe,Merchant Payment,150.98,Success,NA,Ludhiana,Android,307,False
UPI100001520,2025-02-17,16:09:31,SBI,Canara Bank,Paytm,Bill Payment,964.47,Success,NA,Lucknow,Android,529,False
UPI100001521,2025-05-25,21:35:12,SBI,Axis Bank,WhatsApp Pay,Fund Transfer,3326.68,Failed,Transaction Timeout,Jalandhar,iOS,1122,True
UPI100001522,2025-05-18,05:04:48,Canara Bank,Kotak Mahindra,Google Pay,Recharge,1298.59,Pending,NA,Kolkata,iOS,873,True
UPI100001523,2025-09-22,10:51:35,ICICI,Axis Bank,PhonePe,Recharge,422.29,Success,NA,Amritsar,Android,734,False
UPI100001524,2025-08-18,09:18:10,Canara Bank,IndusInd Bank,Paytm,Merchant Payment,499.6,Failed,Daily Limit Exceeded,Jalandhar,iOS,1073,False
UPI100001525,2025-08-09,21:23:35,Bank of Baroda,Punjab National Bank,Google Pay,P2P,786.35,Success,NA,Hyderabad,iOS,3905,True
UPI100001526,2025-04-23,23:07:00,Canara Bank,HDFC,PhonePe,Merchant Payment,1783.29,Pending,NA,Kolkata,Android,89,False
UPI100001527,2025-06-10,13:10:11,HDFC,ICICI,BHIM,Bill Payment,3879.82,Success,NA,Delhi,iOS,297,False
UPI100001528,2025-06-16,18:52:55,Union Bank,Kotak Mahindra,BHIM,Fund Transfer,2721.14,Success,NA,Lucknow,iOS,136,False
UPI100001529,2025-06-30,14:07:29,Kotak Mahindra,Yes Bank,Amazon Pay,Recharge,626.31,Success,NA,Bengaluru,iOS,1202,False
UPI100001530,2025-09-02,09:35:53,ICICI,Bank of Baroda,CRED,Merchant Payment,446.43,Success,NA,Bengaluru,iOS,819,False
UPI100001531,2025-06-04,21:04:45,IDBI Bank,IDBI Bank,Paytm,Fund Transfer,1996.75,Success,NA,Jaipur,Android,1074,False
UPI100001532,2025-03-14,18:01:50,Axis Bank,Canara Bank,PhonePe,Recharge,230.95,Success,NA,Ahmedabad,iOS,1173,False
UPI100001533,2025-03-15,19:03:45,ICICI,Union Bank,PhonePe,Bill Payment,2403.74,Success,NA,Jalandhar,iOS,187,True
UPI100001534,2025-05-22,18:19:10,IndusInd Bank,Kotak Mahindra,Google Pay,Bill Payment,122.59,Success,NA,Lucknow,iOS,707,False
UPI100001535,2025-02-10,23:44:43,Yes Bank,Yes Bank,CRED,Bill Payment,1998.5,Failed,Insufficient Balance,Kolkata,iOS,342,False
UPI100001536,2025-07-22,11:31:35,ICICI,Bank of Baroda,Mobikwik,P2M,4987.02,Reversed,NPCI Switch Error,Ludhiana,Android,760,False
UPI100001537,2025-07-16,14:17:14,Union Bank,Canara Bank,CRED,Fund Transfer,1252.93,Success,NA,Amritsar,Android,680,False
UPI100001538,2025-12-16,00:20:23,Canara Bank,Bank of Baroda,WhatsApp Pay,Recharge,707.57,Failed,Insufficient Balance,Delhi,Android,94,False
UPI100001539,2025-08-16,02:36:00,Punjab National Bank,Axis Bank,WhatsApp Pay,P2M,1661.05,Success,NA,Amritsar,Android,1098,True
UPI100001540,2025-06-14,10:26:36,Punjab National Bank,Punjab National Bank,Mobikwik,Recharge,495.74,Reversed,Duplicate Transaction,Pune,Android,190,True
UPI100001541,2025-03-12,13:09:36,Union Bank,ICICI,Amazon Pay,Fund Transfer,717.76,Success,NA,Ludhiana,iOS,207,False
UPI100001542,2025-11-21,11:50:53,Bank of Baroda,Bank of Baroda,Amazon Pay,P2M,202.92,Success,NA,Pune,iOS,64,False
UPI100001543,2025-09-14,05:33:04,ICICI,Union Bank,Paytm,P2M,677.63,Failed,Insufficient Balance,Bengaluru,Android,784,True
UPI100001544,2025-09-20,11:20:00,ICICI,Kotak Mahindra,Google Pay,Merchant Payment,993.92,Success,NA,Chandigarh,iOS,704,True
UPI100001545,2025-01-17,05:52:44,Punjab National Bank,IndusInd Bank,Mobikwik,Fund Transfer,2624.0,Failed,Invalid VPA,Ahmedabad,iOS,562,False
UPI100001546,2025-04-27,00:10:15,HDFC,Bank of Baroda,CRED,Recharge,95.63,Failed,Network Timeout,Pune,Android,3282,True
UPI100001547,2025-02-21,03:41:57,Union Bank,IndusInd Bank,WhatsApp Pay,P2P,526.78,Pending,NA,Kolkata,iOS,1207,False
UPI100001548,2025-11-02,22:37:39,Kotak Mahindra,Axis Bank,CRED,P2M,661.9,Failed,Invalid VPA,Patiala,Android,491,True
UPI100001549,2025-03-08,21:56:43,ICICI,HDFC,Paytm,Bill Payment,929.91,Success,NA,Amritsar,Android,1829,True
UPI100001550,2025-07-15,10:46:38,ICICI,Canara Bank,Google Pay,Merchant Payment,4311.36,Pending,NA,Ludhiana,iOS,631,False
UPI100001551,2025-04-07,23:23:38,Bank of Baroda,IDBI Bank,Google Pay,Bill Payment,648.01,Failed,Invalid VPA,Pune,Android,149,False
UPI100001552,2025-12-03,19:11:50,HDFC,Kotak Mahindra,Amazon Pay,Merchant Payment,1111.23,Success,NA,Hyderabad,iOS,1257,False
UPI100001553,2025-10-04,21:28:52,ICICI,Bank of Baroda,Paytm,Fund Transfer,105.68,Success,NA,Amritsar,iOS,2743,True
UPI100001554,2025-10-26,17:08:46,Punjab National Bank,SBI,BHIM,Recharge,1479.59,Failed,Network Timeout,Hyderabad,iOS,1661,True
UPI100001555,2025-01-28,03:02:32,HDFC,SBI,PhonePe,P2M,135.41,Success,NA,Jalandhar,Android,134,False
UPI100001556,2025-11-07,16:02:35,Kotak Mahindra,IDBI Bank,Paytm,P2M,841.38,Pending,NA,Chandigarh,Android,374,False
UPI100001557,2025-01-21,05:03:32,Bank of Baroda,IndusInd Bank,Mobikwik,P2P,3001.18,Success,NA,Hyderabad,iOS,1391,False
UPI100001558,2025-11-16,07:01:27,Kotak Mahindra,Axis Bank,Google Pay,Recharge,528.82,Success,NA,Jaipur,iOS,273,True
UPI100001559,2025-08-07,05:35:14,Union Bank,Kotak Mahindra,WhatsApp Pay,Merchant Payment,3080.64,Failed,Daily Limit Exceeded,Ludhiana,iOS,497,False
UPI100001560,2025-11-04,03:51:09,ICICI,Canara Bank,BHIM,Bill Payment,599.55,Success,NA,Jalandhar,iOS,1302,False
UPI100001561,2025-06-05,11:59:45,Union Bank,IDBI Bank,WhatsApp Pay,Bill Payment,1468.17,Failed,Transaction Timeout,Patiala,iOS,315,False
UPI100001562,2025-02-16,22:18:51,Yes Bank,Yes Bank,WhatsApp Pay,Recharge,472.53,Failed,Daily Limit Exceeded,Ludhiana,iOS,734,True
UPI100001563,2025-05-03,14:50:52,Axis Bank,Kotak Mahindra,WhatsApp Pay,Merchant Payment,570.71,Success,NA,Pune,iOS,152,True
UPI100001564,2025-06-26,13:27:05,Bank of Baroda,Axis Bank,WhatsApp Pay,P2P,913.41,Reversed,Duplicate Transaction,Ludhiana,iOS,100,False
UPI100001565,2025-04-29,16:22:53,ICICI,Bank of Baroda,CRED,P2P,1059.56,Pending,NA,Jalandhar,iOS,362,False
UPI100001566,2025-06-22,18:58:39,Kotak Mahindra,Kotak Mahindra,Google Pay,Merchant Payment,63.69,Failed,Bank Server Down,Chandigarh,iOS,103,True
UPI100001567,2025-09-08,21:45:11,Yes Bank,Kotak Mahindra,CRED,Recharge,3460.5,Failed,Network Timeout,Kolkata,Android,1964,False
UPI100001568,2025-12-13,19:56:18,SBI,Axis Bank,Google Pay,P2M,263.18,Failed,Network Timeout,Patiala,iOS,85,True
UPI100001569,2025-12-25,23:38:27,Axis Bank,IndusInd Bank,Mobikwik,P2M,415.03,Pending,NA,Chandigarh,Android,819,False
UPI100001570,2025-06-25,04:39:35,Yes Bank,Punjab National Bank,Paytm,Recharge,813.53,Failed,PSP Server Error,Jaipur,iOS,1552,False
UPI100001571,2025-10-31,15:57:09,Axis Bank,Punjab National Bank,WhatsApp Pay,P2M,2068.74,Success,NA,Delhi,iOS,271,False
UPI100001572,2025-02-13,17:56:15,IndusInd Bank,HDFC,CRED,P2P,1717.94,Failed,Invalid VPA,Pune,Android,362,False
UPI100001573,2025-12-21,14:06:39,Punjab National Bank,Axis Bank,PhonePe,P2P,1198.61,Success,NA,Jaipur,iOS,415,True
UPI100001574,2025-08-20,07:04:36,IDBI Bank,SBI,CRED,P2P,1243.25,Reversed,Bank Server Down,Mumbai,iOS,2102,False
UPI100001575,2025-03-08,03:31:33,IndusInd Bank,ICICI,BHIM,Recharge,491.49,Failed,Network Timeout,Mumbai,Android,482,True
UPI100001576,2025-10-09,11:25:50,Axis Bank,Canara Bank,Mobikwik,P2P,683.29,Success,NA,Bengaluru,Android,434,False
UPI100001577,2025-05-16,03:06:04,Punjab National Bank,SBI,Mobikwik,P2P,3223.44,Reversed,Bank Server Down,Delhi,Android,835,False
UPI100001578,2025-02-03,02:33:37,IndusInd Bank,ICICI,WhatsApp Pay,Recharge,670.94,Failed,NPCI Switch Error,Kolkata,iOS,1018,False
UPI100001579,2025-06-25,14:15:24,Union Bank,ICICI,PhonePe,Merchant Payment,2138.7,Success,NA,Pune,iOS,283,False
UPI100001580,2025-01-20,10:51:56,Union Bank,IDBI Bank,Paytm,Merchant Payment,215.48,Success,NA,Patiala,iOS,3081,False
UPI100001581,2025-03-09,03:19:29,Axis Bank,Kotak Mahindra,Amazon Pay,P2P,1880.21,Success,NA,Bengaluru,Android,1346,True
UPI100001582,2025-10-28,21:45:49,IndusInd Bank,ICICI,WhatsApp Pay,P2P,1317.66,Success,NA,Jaipur,iOS,675,False
UPI100001583,2025-06-17,11:20:54,ICICI,Bank of Baroda,CRED,P2M,1778.12,Pending,NA,Amritsar,iOS,68,False
UPI100001584,2025-05-26,02:46:46,IDBI Bank,Bank of Baroda,Amazon Pay,Fund Transfer,718.95,Success,NA,Ludhiana,iOS,294,False
UPI100001585,2025-08-13,14:03:49,Bank of Baroda,ICICI,Mobikwik,Bill Payment,113.21,Reversed,Duplicate Transaction,Bengaluru,Android,2524,False
UPI100001586,2025-06-04,17:36:51,HDFC,IndusInd Bank,Google Pay,P2P,3886.83,Success,NA,Kolkata,Android,505,False
UPI100001587,2025-10-21,10:55:05,Kotak Mahindra,HDFC,Paytm,P2M,1143.23,Failed,Network Timeout,Jaipur,iOS,334,False
UPI100001588,2025-12-26,02:16:38,ICICI,IndusInd Bank,Google Pay,Merchant Payment,2456.61,Success,NA,Lucknow,Android,98,False
UPI100001589,2025-04-16,21:56:33,Bank of Baroda,Union Bank,Amazon Pay,Bill Payment,1951.14,Success,NA,Patiala,iOS,442,False
UPI100001590,2025-06-12,12:35:30,Bank of Baroda,Punjab National Bank,BHIM,Fund Transfer,156.77,Failed,Insufficient Balance,Hyderabad,iOS,2169,False
UPI100001591,2025-01-05,18:33:00,Kotak Mahindra,Kotak Mahindra,Google Pay,Bill Payment,762.17,Reversed,Bank Server Down,Ahmedabad,Android,411,True
UPI100001592,2025-06-21,08:34:04,Kotak Mahindra,SBI,Google Pay,Recharge,5096.21,Failed,Incorrect UPI PIN,Mumbai,Android,53,True
UPI100001593,2025-04-23,08:34:45,SBI,Bank of Baroda,PhonePe,Bill Payment,1493.63,Success,NA,Pune,iOS,1596,False
UPI100001594,2025-03-31,02:42:34,Yes Bank,Yes Bank,Google Pay,Recharge,132.97,Success,NA,Ahmedabad,iOS,227,False
UPI100001595,2025-01-06,07:02:38,SBI,IDBI Bank,Amazon Pay,P2M,2308.14,Pending,NA,Kolkata,iOS,263,False
UPI100001596,2025-03-09,03:10:47,ICICI,IndusInd Bank,BHIM,P2M,483.03,Failed,Bank Server Down,Lucknow,iOS,1087,True
UPI100001597,2025-06-19,00:53:59,Canara Bank,SBI,Google Pay,Merchant Payment,737.02,Success,NA,Amritsar,Android,652,False
UPI100001598,2025-10-29,11:05:52,HDFC,Canara Bank,Amazon Pay,Bill Payment,869.77,Success,NA,Amritsar,iOS,578,False
UPI100001599,2025-11-24,19:51:59,Union Bank,HDFC,WhatsApp Pay,Fund Transfer,473.35,Failed,Invalid VPA,Ludhiana,iOS,160,False
UPI100001600,2025-09-22,06:19:51,ICICI,ICICI,Mobikwik,P2M,1902.85,Success,NA,Chandigarh,Android,67,False
UPI100001601,2025-10-12,18:57:15,IDBI Bank,HDFC,Mobikwik,P2P,232.12,Success,NA,Chandigarh,Android,2204,True
UPI100001602,2025-11-02,03:06:11,IDBI Bank,Kotak Mahindra,Paytm,Merchant Payment,110.28,Success,NA,Mumbai,iOS,702,True
UPI100001603,2025-01-14,23:55:51,Canara Bank,ICICI,Google Pay,Fund Transfer,892.17,Reversed,NPCI Switch Error,Pune,iOS,101,False
UPI100001604,2025-11-07,10:03:34,Canara Bank,IndusInd Bank,Amazon Pay,P2M,1100.99,Failed,Invalid VPA,Amritsar,Android,263,False
UPI100001605,2025-11-06,00:33:07,Axis Bank,HDFC,Amazon Pay,Bill Payment,40.36,Failed,Account Blocked/Frozen,Mumbai,iOS,148,False
UPI100001606,2025-03-06,00:56:29,IndusInd Bank,Canara Bank,Paytm,P2M,212.21,Success,NA,Ludhiana,iOS,970,False
UPI100001607,2025-02-11,10:27:52,Union Bank,Yes Bank,PhonePe,Merchant Payment,650.47,Failed,Invalid VPA,Chandigarh,Android,330,False
UPI100001608,2025-11-02,20:09:11,Kotak Mahindra,Canara Bank,CRED,Merchant Payment,569.31,Success,NA,Amritsar,Android,481,True
UPI100001609,2025-05-02,22:29:32,Canara Bank,Yes Bank,PhonePe,Fund Transfer,671.38,Success,NA,Bengaluru,iOS,345,False
UPI100001610,2025-01-08,16:49:47,IndusInd Bank,Canara Bank,Paytm,Merchant Payment,1174.62,Failed,Network Timeout,Ludhiana,iOS,1901,False
UPI100001611,2025-12-13,00:09:30,Punjab National Bank,Axis Bank,Google Pay,P2P,1701.63,Failed,Bank Server Down,Hyderabad,Android,332,True
UPI100001612,2025-12-23,11:12:44,IDBI Bank,HDFC,PhonePe,Recharge,584.7,Success,NA,Patiala,iOS,1546,False
UPI100001613,2025-06-25,14:37:32,Bank of Baroda,IndusInd Bank,BHIM,P2M,36.58,Success,NA,Hyderabad,iOS,719,False
UPI100001614,2025-10-06,18:58:09,Kotak Mahindra,Union Bank,Amazon Pay,P2P,141.29,Failed,NPCI Switch Error,Lucknow,iOS,595,False
UPI100001615,2025-01-17,16:37:14,Axis Bank,IDBI Bank,Mobikwik,P2M,1488.93,Failed,Bank Server Down,Pune,Android,260,False
UPI100001616,2025-06-10,11:07:55,IDBI Bank,ICICI,Google Pay,P2M,2217.21,Success,NA,Jaipur,iOS,473,False
UPI100001617,2025-01-15,15:56:11,Axis Bank,Axis Bank,CRED,P2P,474.99,Failed,Insufficient Balance,Pune,iOS,212,False
UPI100001618,2025-04-07,00:14:51,Punjab National Bank,IndusInd Bank,WhatsApp Pay,Recharge,66.83,Failed,Invalid VPA,Mumbai,iOS,1086,False
UPI100001619,2025-09-08,11:58:50,Punjab National Bank,IndusInd Bank,Google Pay,Bill Payment,571.46,Failed,Daily Limit Exceeded,Ludhiana,Android,986,False
UPI100001620,2025-08-07,22:02:25,Punjab National Bank,IndusInd Bank,Amazon Pay,Recharge,2243.48,Failed,PSP Server Error,Lucknow,iOS,232,False
UPI100001621,2025-03-18,05:00:55,Punjab National Bank,Punjab National Bank,WhatsApp Pay,Fund Transfer,4835.62,Failed,Bank Server Down,Bengaluru,iOS,1222,False
UPI100001622,2025-06-22,21:14:57,IndusInd Bank,Punjab National Bank,Paytm,P2P,2119.33,Failed,Transaction Timeout,Pune,Android,1412,True
UPI100001623,2025-05-23,17:33:29,IndusInd Bank,Punjab National Bank,BHIM,Recharge,448.93,Success,NA,Patiala,Android,104,False
UPI100001624,2025-03-11,06:43:02,Union Bank,Canara Bank,BHIM,P2P,503.58,Reversed,Duplicate Transaction,Jalandhar,Android,1109,False
UPI100001625,2025-05-29,03:01:02,Canara Bank,SBI,PhonePe,P2M,894.86,Failed,Bank Server Down,Kolkata,iOS,185,False
UPI100001626,2025-07-24,06:22:22,IDBI Bank,Yes Bank,CRED,P2M,965.86,Failed,PSP Server Error,Kolkata,iOS,729,False
UPI100001627,2025-11-18,16:13:54,Canara Bank,ICICI,PhonePe,Fund Transfer,157.62,Success,NA,Kolkata,iOS,656,False
UPI100001628,2025-10-29,04:39:46,Kotak Mahindra,ICICI,Google Pay,Fund Transfer,284.84,Failed,Daily Limit Exceeded,Pune,Android,77,False
UPI100001629,2025-06-26,07:17:25,HDFC,Canara Bank,Amazon Pay,Bill Payment,394.25,Success,NA,Hyderabad,Android,96,False
UPI100001630,2025-07-13,05:17:33,HDFC,HDFC,WhatsApp Pay,Bill Payment,1753.65,Failed,Invalid VPA,Ludhiana,iOS,2381,True
UPI100001631,2025-10-28,22:40:19,Punjab National Bank,Bank of Baroda,WhatsApp Pay,P2P,1206.66,Success,NA,Chandigarh,Android,288,False
UPI100001632,2025-03-05,01:30:43,ICICI,IndusInd Bank,WhatsApp Pay,P2M,1677.27,Success,NA,Chandigarh,iOS,1709,False
UPI100001633,2025-03-05,09:29:31,ICICI,IDBI Bank,WhatsApp Pay,Merchant Payment,833.12,Failed,NPCI Switch Error,Mumbai,Android,215,False
UPI100001634,2025-03-22,05:48:01,Union Bank,Punjab National Bank,WhatsApp Pay,P2M,78.61,Failed,Bank Server Down,Chandigarh,Android,917,True
UPI100001635,2025-12-29,06:35:31,Punjab National Bank,Bank of Baroda,Google Pay,Bill Payment,3462.27,Failed,Daily Limit Exceeded,Amritsar,iOS,1384,False
UPI100001636,2025-03-20,10:42:29,Yes Bank,Union Bank,CRED,Merchant Payment,324.07,Success,NA,Kolkata,iOS,628,False
UPI100001637,2025-12-07,03:04:53,Punjab National Bank,IndusInd Bank,BHIM,Bill Payment,2533.46,Reversed,NPCI Switch Error,Hyderabad,iOS,2500,True
UPI100001638,2025-03-16,07:53:15,IndusInd Bank,ICICI,CRED,Bill Payment,514.44,Success,NA,Kolkata,Android,768,True
UPI100001639,2025-10-23,05:21:06,HDFC,IDBI Bank,WhatsApp Pay,Recharge,260.4,Failed,Bank Server Down,Delhi,iOS,2905,False
UPI100001640,2025-01-02,06:09:44,Union Bank,Union Bank,CRED,Fund Transfer,411.88,Success,NA,Jalandhar,Android,1740,False
UPI100001641,2025-06-18,13:24:05,Kotak Mahindra,Union Bank,Paytm,Recharge,677.87,Failed,Invalid VPA,Amritsar,iOS,145,False
UPI100001642,2025-04-12,06:46:40,ICICI,SBI,CRED,Merchant Payment,722.6,Success,NA,Ludhiana,Android,489,True
UPI100001643,2025-05-24,10:34:31,ICICI,Union Bank,PhonePe,Merchant Payment,12916.74,Success,NA,Amritsar,iOS,3754,True
UPI100001644,2025-01-21,07:13:42,Yes Bank,SBI,Paytm,P2M,2807.53,Success,NA,Pune,Android,469,False
UPI100001645,2025-08-06,03:37:59,Canara Bank,IDBI Bank,CRED,Fund Transfer,1240.74,Failed,Transaction Timeout,Delhi,iOS,738,False
UPI100001646,2025-01-16,15:42:01,Union Bank,IndusInd Bank,Amazon Pay,Merchant Payment,1691.39,Failed,Invalid VPA,Ahmedabad,iOS,876,False
UPI100001647,2025-09-09,00:07:25,HDFC,IDBI Bank,Mobikwik,Bill Payment,1110.15,Success,NA,Kolkata,iOS,271,False
UPI100001648,2025-06-25,21:29:44,Canara Bank,Axis Bank,Mobikwik,Merchant Payment,1937.55,Success,NA,Pune,Android,1582,False
UPI100001649,2025-01-07,19:59:44,Kotak Mahindra,Axis Bank,WhatsApp Pay,P2M,965.82,Pending,NA,Ludhiana,iOS,318,False
UPI100001650,2025-12-23,12:14:44,Bank of Baroda,Bank of Baroda,Google Pay,Bill Payment,3916.79,Success,NA,Bengaluru,iOS,160,False
UPI100001651,2025-06-05,16:21:00,Yes Bank,ICICI,PhonePe,P2M,4260.92,Success,NA,Chandigarh,Android,624,False
UPI100001652,2025-05-13,01:51:18,IndusInd Bank,Canara Bank,Mobikwik,Merchant Payment,952.9,Success,NA,Jaipur,Android,82,False
UPI100001653,2025-11-14,18:51:57,IndusInd Bank,HDFC,Paytm,Fund Transfer,2494.65,Failed,Daily Limit Exceeded,Delhi,Android,1045,False
UPI100001654,2025-08-13,17:47:22,Kotak Mahindra,Bank of Baroda,Mobikwik,P2M,1240.93,Failed,PSP Server Error,Hyderabad,iOS,476,False
UPI100001655,2025-08-26,14:01:18,Axis Bank,Yes Bank,Google Pay,Bill Payment,366.47,Success,NA,Ahmedabad,iOS,351,False
UPI100001656,2025-12-18,06:44:00,Punjab National Bank,Kotak Mahindra,BHIM,Recharge,1082.08,Success,NA,Mumbai,iOS,1070,False
UPI100001657,2025-10-29,07:39:57,Yes Bank,Canara Bank,Google Pay,Merchant Payment,1236.26,Failed,Insufficient Balance,Jalandhar,iOS,214,False
UPI100001658,2025-07-15,14:50:50,Canara Bank,HDFC,Paytm,P2M,2317.37,Success,NA,Patiala,Android,2279,False
UPI100001659,2025-09-20,04:57:13,Kotak Mahindra,Axis Bank,BHIM,Merchant Payment,1974.42,Failed,Bank Server Down,Ludhiana,iOS,952,True
UPI100001660,2025-08-18,19:41:52,Union Bank,HDFC,PhonePe,P2M,606.48,Success,NA,Lucknow,Android,1418,False
UPI100001661,2025-06-10,19:17:08,Yes Bank,HDFC,Google Pay,P2P,2355.21,Success,NA,Mumbai,iOS,768,False
UPI100001662,2025-11-21,21:02:03,Bank of Baroda,SBI,BHIM,P2M,2203.13,Success,NA,Ahmedabad,Android,2270,False
UPI100001663,2025-01-17,15:30:39,Axis Bank,ICICI,Google Pay,P2M,3918.49,Failed,Transaction Timeout,Bengaluru,iOS,313,False
UPI100001664,2025-04-13,20:45:10,Yes Bank,Punjab National Bank,Paytm,P2P,2129.6,Failed,Account Blocked/Frozen,Jaipur,iOS,4102,True
UPI100001665,2025-04-22,10:24:49,IDBI Bank,Axis Bank,WhatsApp Pay,Fund Transfer,5712.58,Success,NA,Mumbai,Android,57,False
UPI100001666,2025-09-12,23:10:06,IDBI Bank,Yes Bank,PhonePe,Fund Transfer,549.27,Success,NA,Bengaluru,iOS,305,False
UPI100001667,2025-06-25,06:30:39,ICICI,Yes Bank,Mobikwik,Fund Transfer,2561.22,Failed,Incorrect UPI PIN,Patiala,iOS,153,False
UPI100001668,2025-01-09,08:59:59,IDBI Bank,Punjab National Bank,Mobikwik,P2M,1021.37,Failed,Invalid VPA,Kolkata,Android,55,False
UPI100001669,2025-01-31,10:42:40,Bank of Baroda,IDBI Bank,Google Pay,P2P,1681.05,Success,NA,Pune,iOS,136,False
UPI100001670,2025-03-29,02:01:28,ICICI,IDBI Bank,BHIM,Bill Payment,5907.69,Success,NA,Pune,Android,1089,True
UPI100001671,2025-07-16,12:31:53,Canara Bank,Punjab National Bank,Mobikwik,Bill Payment,247.4,Failed,Beneficiary Bank Unavailable,Ahmedabad,iOS,474,False
UPI100001672,2025-11-07,18:04:24,SBI,Axis Bank,Google Pay,Bill Payment,1078.54,Success,NA,Chandigarh,Android,1168,False
UPI100001673,2025-08-09,19:37:27,IndusInd Bank,Canara Bank,Paytm,Merchant Payment,1050.99,Failed,Duplicate Transaction,Kolkata,iOS,543,True
UPI100001674,2025-03-27,22:48:44,SBI,Kotak Mahindra,WhatsApp Pay,Bill Payment,400.1,Failed,Duplicate Transaction,Lucknow,Android,942,False
UPI100001675,2025-08-02,23:18:58,IDBI Bank,ICICI,BHIM,Fund Transfer,1604.51,Failed,Daily Limit Exceeded,Lucknow,iOS,177,True
UPI100001676,2025-09-30,19:27:33,Yes Bank,IndusInd Bank,BHIM,Fund Transfer,880.08,Failed,Duplicate Transaction,Jaipur,iOS,1856,False
UPI100001677,2025-07-27,06:56:32,ICICI,Bank of Baroda,Paytm,P2M,4959.91,Failed,Account Blocked/Frozen,Patiala,Android,638,True
UPI100001678,2025-08-04,17:10:52,IDBI Bank,IndusInd Bank,Mobikwik,Bill Payment,3833.6,Failed,Transaction Timeout,Ludhiana,Android,1040,False
UPI100001679,2025-04-01,07:05:25,Bank of Baroda,Axis Bank,Google Pay,Bill Payment,1125.69,Success,NA,Amritsar,iOS,431,False
UPI100001680,2025-02-22,00:28:14,Kotak Mahindra,Union Bank,PhonePe,P2P,2065.17,Success,NA,Bengaluru,iOS,2726,True
UPI100001681,2025-01-31,11:27:32,IDBI Bank,IDBI Bank,CRED,Fund Transfer,46.5,Success,NA,Jaipur,Android,1003,False
UPI100001682,2025-06-18,23:38:14,HDFC,ICICI,Mobikwik,Bill Payment,1460.18,Failed,PSP Server Error,Ludhiana,Android,180,False
UPI100001683,2025-04-01,06:12:49,Union Bank,SBI,Amazon Pay,Fund Transfer,419.15,Pending,NA,Pune,iOS,387,False
UPI100001684,2025-03-21,18:33:14,ICICI,Union Bank,BHIM,P2P,2330.41,Reversed,Duplicate Transaction,Jalandhar,Android,1132,False
UPI100001685,2025-10-24,12:31:37,Canara Bank,Bank of Baroda,Paytm,P2P,2305.03,Reversed,Duplicate Transaction,Lucknow,iOS,897,False
UPI100001686,2025-09-19,11:51:32,Punjab National Bank,HDFC,BHIM,Bill Payment,1191.96,Success,NA,Delhi,iOS,1297,False
UPI100001687,2025-08-22,18:58:29,SBI,Union Bank,WhatsApp Pay,P2M,768.14,Failed,Transaction Timeout,Ludhiana,Android,431,False
UPI100001688,2025-03-24,02:34:22,Canara Bank,SBI,Amazon Pay,Merchant Payment,130.98,Success,NA,Chandigarh,Android,408,False
UPI100001689,2025-07-14,13:31:47,Punjab National Bank,HDFC,PhonePe,P2P,773.33,Success,NA,Bengaluru,iOS,124,False
UPI100001690,2025-02-19,02:40:22,Canara Bank,IndusInd Bank,Google Pay,Fund Transfer,41.69,Reversed,Duplicate Transaction,Jaipur,iOS,3246,False
UPI100001691,2025-05-29,22:10:52,IndusInd Bank,SBI,Amazon Pay,Fund Transfer,626.13,Failed,Beneficiary Bank Unavailable,Jalandhar,Android,65,False
UPI100001692,2025-08-04,05:50:17,HDFC,Kotak Mahindra,Amazon Pay,Merchant Payment,657.8,Failed,Account Blocked/Frozen,Lucknow,Android,626,False
UPI100001693,2025-04-23,08:41:01,ICICI,IDBI Bank,Google Pay,P2M,824.49,Success,NA,Lucknow,iOS,274,False
UPI100001694,2025-08-28,05:54:08,Kotak Mahindra,Yes Bank,BHIM,Merchant Payment,798.93,Success,NA,Mumbai,Android,71,False
UPI100001695,2025-01-29,00:24:21,Union Bank,Yes Bank,WhatsApp Pay,Bill Payment,628.4,Failed,Network Timeout,Amritsar,Android,942,False
UPI100001696,2025-05-16,00:59:36,Punjab National Bank,Canara Bank,Amazon Pay,P2P,1342.62,Failed,Daily Limit Exceeded,Jalandhar,Android,550,False
UPI100001697,2025-12-11,07:58:08,Canara Bank,HDFC,CRED,Fund Transfer,247.13,Pending,NA,Chandigarh,iOS,688,False
UPI100001698,2025-06-22,13:59:22,HDFC,Canara Bank,Paytm,P2P,895.21,Failed,Transaction Timeout,Mumbai,iOS,1648,True
UPI100001699,2025-05-29,03:38:25,SBI,Axis Bank,BHIM,P2P,203.01,Failed,Network Timeout,Jalandhar,iOS,842,False
UPI100001700,2025-07-30,08:35:41,IndusInd Bank,IndusInd Bank,BHIM,Recharge,1941.96,Success,NA,Patiala,Android,207,False
UPI100001701,2025-04-02,04:07:27,Canara Bank,SBI,PhonePe,Recharge,1002.61,Success,NA,Patiala,iOS,2853,False
UPI100001702,2025-09-22,15:46:35,HDFC,HDFC,BHIM,Recharge,552.49,Success,NA,Bengaluru,Android,711,False
UPI100001703,2025-06-20,10:08:18,Punjab National Bank,IDBI Bank,Paytm,Recharge,832.33,Failed,Invalid VPA,Amritsar,iOS,362,False
UPI100001704,2025-11-26,12:41:46,Kotak Mahindra,HDFC,Google Pay,Bill Payment,211.84,Success,NA,Delhi,Android,3155,False
UPI100001705,2025-08-06,11:24:08,SBI,Punjab National Bank,Amazon Pay,Recharge,2125.98,Success,NA,Jalandhar,iOS,278,False
UPI100001706,2025-04-08,15:36:12,Kotak Mahindra,Kotak Mahindra,WhatsApp Pay,Recharge,3277.53,Success,NA,Bengaluru,iOS,253,False
UPI100001707,2025-03-16,12:42:55,ICICI,Union Bank,Amazon Pay,P2M,949.46,Pending,NA,Chandigarh,Android,277,True
UPI100001708,2025-02-27,12:45:55,IndusInd Bank,Yes Bank,Paytm,Bill Payment,1663.0,Success,NA,Amritsar,Android,946,False
UPI100001709,2025-10-04,22:56:33,ICICI,SBI,PhonePe,P2P,616.49,Reversed,Duplicate Transaction,Lucknow,Android,199,True
UPI100001710,2025-03-10,02:51:35,Bank of Baroda,IDBI Bank,BHIM,Fund Transfer,2552.48,Reversed,NPCI Switch Error,Patiala,Android,756,False
UPI100001711,2025-09-20,17:26:11,Axis Bank,Union Bank,Mobikwik,Fund Transfer,691.39,Success,NA,Pune,Android,1308,True
UPI100001712,2025-10-03,06:07:44,Union Bank,Bank of Baroda,Google Pay,P2M,1018.05,Success,NA,Chandigarh,Android,107,False
UPI100001713,2025-10-16,07:38:11,SBI,Canara Bank,CRED,P2P,1286.93,Reversed,NPCI Switch Error,Lucknow,iOS,873,False
UPI100001714,2025-03-09,12:56:26,ICICI,Yes Bank,WhatsApp Pay,P2M,4791.91,Failed,Account Blocked/Frozen,Chandigarh,iOS,644,True
UPI100001715,2025-12-24,16:24:50,Axis Bank,Yes Bank,Paytm,Merchant Payment,1210.75,Success,NA,Ahmedabad,Android,3218,False
UPI100001716,2025-07-06,06:44:08,ICICI,ICICI,PhonePe,P2M,1757.93,Success,NA,Hyderabad,Android,735,True
UPI100001717,2025-10-14,09:43:00,HDFC,Kotak Mahindra,CRED,P2P,5597.9,Reversed,Bank Server Down,Ahmedabad,iOS,1767,False
UPI100001718,2025-06-16,17:25:23,IDBI Bank,Kotak Mahindra,BHIM,P2P,2142.41,Failed,NPCI Switch Error,Patiala,Android,204,False
UPI100001719,2025-10-08,00:32:43,IndusInd Bank,ICICI,CRED,P2M,990.84,Success,NA,Chandigarh,Android,2031,False
UPI100001720,2025-11-22,00:55:23,IndusInd Bank,HDFC,Mobikwik,Merchant Payment,160.62,Failed,Duplicate Transaction,Lucknow,iOS,1064,True
UPI100001721,2025-04-25,20:00:22,Union Bank,Union Bank,CRED,Bill Payment,676.21,Success,NA,Lucknow,Android,440,False
UPI100001722,2025-09-25,02:44:48,Axis Bank,Bank of Baroda,WhatsApp Pay,Bill Payment,1169.36,Success,NA,Lucknow,Android,260,False
UPI100001723,2025-04-25,12:27:18,SBI,Yes Bank,Amazon Pay,P2M,2018.17,Success,NA,Amritsar,Android,1253,False
UPI100001724,2025-04-09,09:56:05,Bank of Baroda,Bank of Baroda,PhonePe,P2P,2282.74,Success,NA,Lucknow,Android,53,False
UPI100001725,2025-02-19,02:38:49,Punjab National Bank,Union Bank,Paytm,Fund Transfer,205.52,Success,NA,Ludhiana,Android,601,False
UPI100001726,2025-03-21,13:27:06,Canara Bank,Kotak Mahindra,PhonePe,P2P,1711.99,Success,NA,Jaipur,iOS,645,False
UPI100001727,2025-09-24,10:38:53,Axis Bank,ICICI,BHIM,Recharge,3164.88,Failed,Network Timeout,Jalandhar,Android,841,False
UPI100001728,2025-06-13,08:58:46,ICICI,SBI,Mobikwik,Merchant Payment,706.83,Failed,NPCI Switch Error,Ahmedabad,iOS,163,False
UPI100001729,2025-05-01,06:09:04,ICICI,Kotak Mahindra,WhatsApp Pay,Fund Transfer,6594.58,Success,NA,Lucknow,Android,363,False
UPI100001730,2025-02-24,08:02:55,Union Bank,ICICI,Mobikwik,P2P,1705.9,Success,NA,Ludhiana,iOS,488,False
UPI100001731,2025-11-13,23:01:55,HDFC,Bank of Baroda,CRED,Fund Transfer,154.88,Failed,Transaction Timeout,Amritsar,Android,3321,False
UPI100001732,2025-09-25,18:49:47,Punjab National Bank,Union Bank,PhonePe,Bill Payment,4566.66,Success,NA,Delhi,iOS,112,False
UPI100001733,2025-04-25,09:22:42,IDBI Bank,Punjab National Bank,CRED,Fund Transfer,4187.1,Failed,Daily Limit Exceeded,Pune,iOS,2114,False
UPI100001734,2025-02-01,04:24:12,HDFC,ICICI,Paytm,Bill Payment,554.86,Failed,Insufficient Balance,Chandigarh,Android,691,True
UPI100001735,2025-05-13,19:40:31,Yes Bank,Bank of Baroda,Paytm,P2P,1563.81,Success,NA,Bengaluru,iOS,56,False
UPI100001736,2025-02-01,11:52:27,Bank of Baroda,Axis Bank,Google Pay,Merchant Payment,1132.01,Pending,NA,Patiala,iOS,1237,True
UPI100001737,2025-03-09,07:54:51,SBI,SBI,WhatsApp Pay,P2P,1360.32,Failed,Duplicate Transaction,Mumbai,Android,83,True
UPI100001738,2025-03-30,09:10:05,IDBI Bank,Yes Bank,BHIM,Merchant Payment,391.87,Success,NA,Chandigarh,iOS,1109,True
UPI100001739,2025-03-31,04:35:33,ICICI,IndusInd Bank,CRED,P2P,224.89,Failed,NPCI Switch Error,Jalandhar,iOS,433,False
UPI100001740,2025-03-02,19:18:03,IDBI Bank,ICICI,WhatsApp Pay,Recharge,315.81,Success,NA,Ludhiana,iOS,535,True
UPI100001741,2025-07-25,23:38:16,HDFC,Union Bank,Mobikwik,Bill Payment,885.37,Success,NA,Jaipur,iOS,361,False
UPI100001742,2025-09-26,13:47:15,IndusInd Bank,Kotak Mahindra,Amazon Pay,Bill Payment,3377.25,Success,NA,Pune,Android,2557,False
UPI100001743,2025-02-01,03:05:56,SBI,Kotak Mahindra,Paytm,Recharge,706.8,Failed,PSP Server Error,Delhi,iOS,84,True
UPI100001744,2025-11-15,22:27:33,Canara Bank,HDFC,Google Pay,Fund Transfer,71.42,Reversed,Duplicate Transaction,Mumbai,Android,836,True
UPI100001745,2025-12-23,20:09:14,Kotak Mahindra,Yes Bank,Paytm,Bill Payment,86.28,Success,NA,Kolkata,iOS,990,False
UPI100001746,2025-10-28,13:39:13,Punjab National Bank,IDBI Bank,Mobikwik,Merchant Payment,135.91,Success,NA,Ludhiana,Android,474,False
UPI100001747,2025-12-21,05:59:00,Union Bank,Yes Bank,Amazon Pay,P2P,2714.69,Failed,Transaction Timeout,Mumbai,iOS,401,True
UPI100001748,2025-12-24,16:20:55,HDFC,ICICI,Paytm,P2P,585.63,Success,NA,Chandigarh,iOS,863,False
UPI100001749,2025-04-22,03:35:43,Bank of Baroda,HDFC,Mobikwik,Merchant Payment,86.57,Success,NA,Jaipur,Android,555,False
UPI100001750,2025-11-14,21:28:38,Canara Bank,ICICI,Google Pay,Bill Payment,594.01,Success,NA,Bengaluru,Android,101,False
UPI100001751,2025-06-29,06:27:13,Axis Bank,HDFC,BHIM,P2P,260.78,Pending,NA,Delhi,Android,1282,True
UPI100001752,2025-06-14,04:20:11,Union Bank,IDBI Bank,WhatsApp Pay,P2P,1037.86,Failed,Incorrect UPI PIN,Patiala,iOS,1450,True
UPI100001753,2025-05-19,05:04:20,Axis Bank,Punjab National Bank,CRED,P2P,102.78,Success,NA,Amritsar,Android,181,False
UPI100001754,2025-05-17,03:33:56,Yes Bank,Punjab National Bank,CRED,Fund Transfer,498.97,Success,NA,Bengaluru,iOS,399,True
UPI100001755,2025-04-11,15:29:39,Union Bank,Kotak Mahindra,Mobikwik,Bill Payment,561.71,Failed,PSP Server Error,Kolkata,iOS,726,False
UPI100001756,2025-02-13,04:13:41,Bank of Baroda,Kotak Mahindra,Mobikwik,P2P,929.86,Success,NA,Lucknow,Android,391,False
UPI100001757,2025-08-14,20:32:17,IDBI Bank,ICICI,CRED,P2P,2223.11,Success,NA,Jalandhar,iOS,2319,False
UPI100001758,2025-08-27,12:35:11,Kotak Mahindra,Canara Bank,CRED,P2P,237.45,Failed,Invalid VPA,Jalandhar,iOS,546,False
UPI100001759,2025-08-30,17:23:00,Kotak Mahindra,Axis Bank,Google Pay,Bill Payment,6082.52,Failed,Invalid VPA,Ludhiana,Android,1108,True
UPI100001760,2025-08-20,19:28:09,Bank of Baroda,IDBI Bank,Paytm,Bill Payment,1618.64,Failed,Duplicate Transaction,Mumbai,Android,454,False
UPI100001761,2025-06-07,14:14:58,SBI,Axis Bank,Google Pay,P2P,485.64,Success,NA,Pune,iOS,2714,True
UPI100001762,2025-01-07,18:52:31,Canara Bank,IndusInd Bank,WhatsApp Pay,Bill Payment,1706.04,Success,NA,Delhi,iOS,1781,False
UPI100001763,2025-05-20,01:40:28,Canara Bank,ICICI,BHIM,Merchant Payment,701.46,Pending,NA,Patiala,iOS,630,False
UPI100001764,2025-07-09,03:15:52,Yes Bank,Union Bank,Mobikwik,Merchant Payment,201.48,Pending,NA,Kolkata,Android,219,False
UPI100001765,2025-05-21,11:32:36,Kotak Mahindra,IDBI Bank,Mobikwik,Merchant Payment,488.66,Success,NA,Ahmedabad,iOS,864,False
UPI100001766,2025-10-07,17:08:04,IndusInd Bank,HDFC,Paytm,Fund Transfer,2329.62,Failed,Daily Limit Exceeded,Pune,iOS,868,False
UPI100001767,2025-10-13,17:15:10,Punjab National Bank,Yes Bank,WhatsApp Pay,Recharge,978.81,Success,NA,Ahmedabad,iOS,631,False
UPI100001768,2025-01-15,00:29:13,Yes Bank,SBI,Paytm,Recharge,486.16,Success,NA,Lucknow,iOS,199,False
UPI100001769,2025-12-02,11:35:33,ICICI,HDFC,PhonePe,P2M,3137.02,Failed,Insufficient Balance,Lucknow,iOS,79,False
UPI100001770,2025-11-10,13:25:02,HDFC,Axis Bank,BHIM,P2P,3099.7,Success,NA,Lucknow,iOS,1059,False
UPI100001771,2025-12-10,09:35:05,Bank of Baroda,Bank of Baroda,Paytm,Fund Transfer,2158.64,Reversed,Bank Server Down,Pune,Android,187,False
UPI100001772,2025-03-03,20:27:42,Punjab National Bank,Canara Bank,WhatsApp Pay,Merchant Payment,511.19,Failed,Transaction Timeout,Lucknow,iOS,59,False
UPI100001773,2025-05-22,08:24:40,Kotak Mahindra,Punjab National Bank,Google Pay,P2P,747.26,Failed,Duplicate Transaction,Lucknow,iOS,96,False
UPI100001774,2025-03-03,11:33:16,Union Bank,Canara Bank,Amazon Pay,P2M,1154.08,Failed,Insufficient Balance,Ahmedabad,iOS,1310,False
UPI100001775,2025-09-18,04:25:00,IndusInd Bank,HDFC,Mobikwik,P2P,3716.8,Pending,NA,Jalandhar,Android,637,False
UPI100001776,2025-04-04,15:10:41,Punjab National Bank,HDFC,Mobikwik,Merchant Payment,272.53,Success,NA,Pune,Android,64,False
UPI100001777,2025-05-16,09:07:43,Bank of Baroda,Kotak Mahindra,PhonePe,Fund Transfer,673.05,Pending,NA,Patiala,iOS,1361,False
UPI100001778,2025-12-28,22:47:31,IDBI Bank,Union Bank,Mobikwik,Merchant Payment,3494.22,Reversed,NPCI Switch Error,Jaipur,iOS,591,True
UPI100001779,2025-08-20,08:39:07,Union Bank,Axis Bank,WhatsApp Pay,Fund Transfer,2641.65,Success,NA,Mumbai,Android,307,False
UPI100001780,2025-05-25,10:21:44,Kotak Mahindra,Union Bank,BHIM,Fund Transfer,3920.15,Success,NA,Patiala,iOS,3243,True
UPI100001781,2025-07-13,10:16:13,Axis Bank,Bank of Baroda,Amazon Pay,Fund Transfer,4340.82,Success,NA,Kolkata,iOS,3104,True
UPI100001782,2025-01-28,08:23:29,SBI,Union Bank,BHIM,Recharge,4829.05,Reversed,Duplicate Transaction,Amritsar,Android,744,False
UPI100001783,2025-02-04,23:10:57,SBI,IDBI Bank,WhatsApp Pay,Merchant Payment,1168.75,Failed,Daily Limit Exceeded,Jaipur,Android,534,False
UPI100001784,2025-07-07,11:44:22,Union Bank,Bank of Baroda,BHIM,Merchant Payment,523.6,Failed,Beneficiary Bank Unavailable,Lucknow,Android,254,False
UPI100001785,2025-03-10,19:14:13,ICICI,SBI,Paytm,Recharge,120.76,Success,NA,Lucknow,Android,1458,False
UPI100001786,2025-03-27,04:11:03,Axis Bank,Kotak Mahindra,WhatsApp Pay,Bill Payment,1053.45,Failed,Transaction Timeout,Patiala,Android,1939,False
UPI100001787,2025-09-29,13:39:11,IDBI Bank,Axis Bank,BHIM,P2P,11.98,Failed,Invalid VPA,Amritsar,iOS,240,False
UPI100001788,2025-06-03,09:46:31,IndusInd Bank,Kotak Mahindra,Mobikwik,P2P,2452.59,Success,NA,Ludhiana,Android,1380,False
UPI100001789,2025-09-12,23:36:03,Axis Bank,Union Bank,CRED,P2M,2014.11,Success,NA,Chandigarh,iOS,926,False
UPI100001790,2025-02-21,03:29:10,Punjab National Bank,HDFC,Google Pay,Fund Transfer,3345.55,Failed,Incorrect UPI PIN,Ahmedabad,Android,457,False
UPI100001791,2025-08-23,03:43:52,ICICI,HDFC,Amazon Pay,P2P,3357.88,Success,NA,Mumbai,Android,238,True
UPI100001792,2025-08-19,15:00:56,IDBI Bank,SBI,Paytm,Fund Transfer,584.26,Failed,NPCI Switch Error,Ludhiana,Android,85,False
UPI100001793,2025-08-30,20:38:30,ICICI,Bank of Baroda,BHIM,P2P,815.65,Success,NA,Ahmedabad,Android,1240,True
UPI100001794,2025-07-30,04:03:40,Axis Bank,Axis Bank,CRED,P2M,1748.66,Failed,Transaction Timeout,Jaipur,Android,314,False
UPI100001795,2025-01-04,23:04:46,Canara Bank,IndusInd Bank,CRED,P2M,872.68,Failed,Incorrect UPI PIN,Delhi,Android,313,True
UPI100001796,2025-11-30,07:39:23,SBI,ICICI,WhatsApp Pay,Recharge,1166.29,Failed,Transaction Timeout,Bengaluru,iOS,168,True
UPI100001797,2025-08-02,07:33:55,SBI,Union Bank,CRED,P2M,527.82,Success,NA,Bengaluru,iOS,690,True
UPI100001798,2025-12-06,16:52:30,Bank of Baroda,Bank of Baroda,PhonePe,Merchant Payment,601.42,Success,NA,Amritsar,Android,936,True
UPI100001799,2025-07-31,00:39:24,Yes Bank,IDBI Bank,Mobikwik,Fund Transfer,3577.41,Pending,NA,Hyderabad,Android,623,False
UPI100001800,2025-10-04,07:56:44,IndusInd Bank,Kotak Mahindra,WhatsApp Pay,Fund Transfer,441.24,Success,NA,Patiala,Android,1967,True
UPI100001801,2025-03-19,21:08:17,Kotak Mahindra,ICICI,WhatsApp Pay,P2M,2236.54,Success,NA,Chandigarh,iOS,1194,False
UPI100001802,2025-11-07,03:46:22,SBI,Kotak Mahindra,BHIM,P2P,85.66,Success,NA,Lucknow,Android,336,False
UPI100001803,2025-06-13,08:42:05,Yes Bank,Axis Bank,CRED,Merchant Payment,616.21,Success,NA,Hyderabad,Android,1808,False
UPI100001804,2025-03-24,05:38:45,IDBI Bank,HDFC,BHIM,Recharge,2206.29,Pending,NA,Kolkata,iOS,438,False
UPI100001805,2025-09-19,13:17:10,ICICI,Punjab National Bank,Google Pay,Bill Payment,2782.04,Failed,Beneficiary Bank Unavailable,Amritsar,Android,1094,False
UPI100001806,2025-05-06,11:45:37,IndusInd Bank,IDBI Bank,Amazon Pay,Merchant Payment,1792.79,Success,NA,Pune,iOS,387,False
UPI100001807,2025-11-15,07:09:17,Union Bank,Axis Bank,Google Pay,Recharge,289.68,Failed,Transaction Timeout,Pune,iOS,1593,True
UPI100001808,2025-05-11,13:52:42,SBI,SBI,WhatsApp Pay,Merchant Payment,1588.52,Failed,Account Blocked/Frozen,Lucknow,iOS,453,True
UPI100001809,2025-10-05,14:30:04,Axis Bank,Axis Bank,WhatsApp Pay,Bill Payment,2046.8,Success,NA,Ahmedabad,Android,939,True
UPI100001810,2025-02-02,16:48:50,ICICI,Axis Bank,Paytm,Fund Transfer,958.21,Pending,NA,Amritsar,iOS,623,True
UPI100001811,2025-03-16,03:33:42,SBI,Yes Bank,WhatsApp Pay,Merchant Payment,309.98,Pending,NA,Ludhiana,iOS,676,True
UPI100001812,2025-07-12,06:19:26,IndusInd Bank,Axis Bank,Mobikwik,P2M,694.28,Success,NA,Patiala,Android,83,True
UPI100001813,2025-07-15,23:03:37,Bank of Baroda,SBI,Paytm,Fund Transfer,736.46,Success,NA,Amritsar,Android,478,False
UPI100001814,2025-09-15,06:54:46,Union Bank,ICICI,Google Pay,P2M,1549.52,Success,NA,Mumbai,Android,173,False
UPI100001815,2025-09-14,19:14:14,Axis Bank,Union Bank,CRED,Fund Transfer,3074.13,Success,NA,Mumbai,Android,1818,True
UPI100001816,2025-12-22,07:24:51,Union Bank,ICICI,CRED,P2M,875.4,Failed,Incorrect UPI PIN,Pune,iOS,744,False
UPI100001817,2025-04-02,14:17:53,Canara Bank,IndusInd Bank,Mobikwik,Merchant Payment,1795.42,Success,NA,Amritsar,Android,426,False
UPI100001818,2025-10-11,10:24:22,Punjab National Bank,IDBI Bank,Mobikwik,Fund Transfer,4037.71,Success,NA,Delhi,iOS,385,True
UPI100001819,2025-01-16,00:46:32,Punjab National Bank,Yes Bank,CRED,P2P,962.01,Success,NA,Jalandhar,iOS,240,False
UPI100001820,2025-11-20,04:18:55,Axis Bank,Kotak Mahindra,Paytm,P2M,1275.62,Success,NA,Pune,Android,113,False
UPI100001821,2025-10-09,20:55:24,Canara Bank,Union Bank,Mobikwik,Recharge,1238.27,Success,NA,Bengaluru,Android,4068,False
UPI100001822,2025-10-28,04:50:00,ICICI,IndusInd Bank,CRED,Merchant Payment,393.75,Success,NA,Kolkata,Android,749,False
UPI100001823,2025-05-19,03:40:17,SBI,ICICI,BHIM,Fund Transfer,464.95,Pending,NA,Bengaluru,Android,1646,False
UPI100001824,2025-09-22,11:29:01,Punjab National Bank,IndusInd Bank,WhatsApp Pay,Bill Payment,1090.85,Success,NA,Amritsar,iOS,868,False
UPI100001825,2025-02-04,14:15:02,SBI,Canara Bank,Mobikwik,P2P,6296.21,Pending,NA,Hyderabad,Android,1228,False
UPI100001826,2025-03-18,13:57:09,Punjab National Bank,Union Bank,PhonePe,Fund Transfer,2576.53,Success,NA,Kolkata,Android,1044,False
UPI100001827,2025-10-31,16:48:26,Canara Bank,Canara Bank,Google Pay,Merchant Payment,63.73,Failed,NPCI Switch Error,Mumbai,iOS,776,False
UPI100001828,2025-06-19,02:50:24,IndusInd Bank,ICICI,BHIM,P2P,1721.75,Failed,Insufficient Balance,Pune,Android,2800,False
UPI100001829,2025-06-08,18:14:31,HDFC,HDFC,Paytm,Merchant Payment,2095.6,Success,NA,Chandigarh,iOS,441,True
UPI100001830,2025-08-31,16:37:50,Axis Bank,Axis Bank,Mobikwik,P2M,1889.31,Failed,Daily Limit Exceeded,Pune,iOS,706,True
UPI100001831,2025-01-25,18:36:28,IDBI Bank,ICICI,CRED,Recharge,496.9,Failed,Beneficiary Bank Unavailable,Patiala,iOS,242,True
UPI100001832,2025-10-04,23:08:45,IDBI Bank,Union Bank,WhatsApp Pay,Merchant Payment,2315.6,Pending,NA,Hyderabad,iOS,397,True
UPI100001833,2025-03-28,13:58:13,Canara Bank,Kotak Mahindra,BHIM,P2M,863.94,Failed,Duplicate Transaction,Delhi,Android,814,False
UPI100001834,2025-04-29,22:28:02,ICICI,Yes Bank,Google Pay,Recharge,3591.46,Success,NA,Ahmedabad,Android,97,False
UPI100001835,2025-02-22,00:16:15,Canara Bank,IndusInd Bank,CRED,Recharge,470.32,Success,NA,Kolkata,iOS,466,True
UPI100001836,2025-01-09,21:12:57,Canara Bank,IDBI Bank,BHIM,Recharge,249.56,Failed,Incorrect UPI PIN,Pune,Android,645,False
UPI100001837,2025-02-22,20:26:26,Canara Bank,Axis Bank,Mobikwik,P2M,4905.24,Reversed,Bank Server Down,Mumbai,Android,4142,True
UPI100001838,2025-09-19,23:15:44,Bank of Baroda,Punjab National Bank,BHIM,P2P,463.34,Success,NA,Delhi,iOS,366,False
UPI100001839,2025-11-05,00:46:14,SBI,Punjab National Bank,WhatsApp Pay,P2M,1676.34,Success,NA,Ludhiana,Android,717,False
UPI100001840,2025-12-22,07:33:02,Punjab National Bank,Axis Bank,BHIM,Merchant Payment,951.05,Success,NA,Kolkata,Android,211,False
UPI100001841,2025-12-08,14:41:46,IDBI Bank,ICICI,WhatsApp Pay,P2M,766.09,Reversed,NPCI Switch Error,Bengaluru,iOS,426,False
UPI100001842,2025-07-17,23:32:32,IDBI Bank,HDFC,CRED,Recharge,670.41,Reversed,Bank Server Down,Ludhiana,Android,426,False
UPI100001843,2025-10-16,05:50:37,SBI,Punjab National Bank,WhatsApp Pay,P2P,9247.84,Failed,Invalid VPA,Bengaluru,iOS,1847,False
UPI100001844,2025-07-21,19:48:30,Axis Bank,Axis Bank,Amazon Pay,Recharge,379.9,Success,NA,Ahmedabad,Android,356,False
UPI100001845,2025-12-22,21:40:40,Yes Bank,SBI,Amazon Pay,P2P,272.18,Success,NA,Ludhiana,iOS,1569,False
UPI100001846,2025-07-27,14:33:00,SBI,ICICI,CRED,Fund Transfer,28.74,Failed,Insufficient Balance,Delhi,Android,74,True
UPI100001847,2025-11-30,14:11:35,Union Bank,Yes Bank,BHIM,P2P,2066.52,Failed,Incorrect UPI PIN,Ludhiana,Android,694,True
UPI100001848,2025-04-12,22:11:04,IDBI Bank,Yes Bank,PhonePe,P2M,1537.81,Failed,Beneficiary Bank Unavailable,Jaipur,iOS,645,True
UPI100001849,2025-08-18,23:34:39,Yes Bank,Canara Bank,CRED,Merchant Payment,129.55,Success,NA,Bengaluru,Android,304,False
UPI100001850,2025-05-22,09:35:51,Bank of Baroda,Bank of Baroda,Mobikwik,P2M,397.55,Success,NA,Amritsar,iOS,586,False
UPI100001851,2025-05-21,19:13:45,IDBI Bank,Canara Bank,Mobikwik,Fund Transfer,2183.47,Success,NA,Pune,Android,456,False
UPI100001852,2025-12-01,22:09:26,Canara Bank,Axis Bank,Google Pay,Fund Transfer,6523.64,Success,NA,Amritsar,iOS,1084,False
UPI100001853,2025-11-21,03:58:32,Canara Bank,ICICI,PhonePe,Fund Transfer,1012.76,Failed,PSP Server Error,Amritsar,iOS,490,False
UPI100001854,2025-11-19,20:57:07,Axis Bank,Union Bank,Google Pay,P2P,593.34,Failed,PSP Server Error,Ahmedabad,iOS,902,False
UPI100001855,2025-04-01,12:03:08,IDBI Bank,Kotak Mahindra,Mobikwik,Merchant Payment,1509.06,Success,NA,Patiala,Android,174,False
UPI100001856,2025-10-01,16:15:42,Axis Bank,Union Bank,WhatsApp Pay,P2M,2440.91,Success,NA,Bengaluru,Android,830,False
UPI100001857,2025-10-16,03:17:30,IndusInd Bank,Bank of Baroda,CRED,Recharge,442.67,Success,NA,Lucknow,Android,355,False
UPI100001858,2025-01-27,04:26:46,SBI,IndusInd Bank,Amazon Pay,Fund Transfer,41.45,Failed,Incorrect UPI PIN,Pune,Android,459,False
UPI100001859,2025-02-11,05:59:13,HDFC,Kotak Mahindra,Paytm,P2P,374.76,Success,NA,Delhi,iOS,716,False
UPI100001860,2025-03-17,21:10:03,Canara Bank,Axis Bank,BHIM,P2M,514.15,Success,NA,Chandigarh,iOS,774,False
UPI100001861,2025-10-04,08:29:28,Canara Bank,SBI,Mobikwik,Bill Payment,63.44,Success,NA,Jaipur,iOS,1636,True
UPI100001862,2025-08-26,23:36:11,Kotak Mahindra,Axis Bank,Amazon Pay,P2P,601.25,Reversed,NPCI Switch Error,Lucknow,iOS,405,False
UPI100001863,2025-06-09,10:52:57,Canara Bank,SBI,PhonePe,Fund Transfer,283.04,Pending,NA,Ludhiana,Android,218,False
UPI100001864,2025-08-11,22:54:33,Axis Bank,Axis Bank,BHIM,P2P,719.9,Pending,NA,Jaipur,Android,1160,False
UPI100001865,2025-08-06,05:35:50,HDFC,SBI,Google Pay,Merchant Payment,94.44,Success,NA,Bengaluru,iOS,107,False
UPI100001866,2025-08-14,18:51:31,Kotak Mahindra,IDBI Bank,BHIM,Bill Payment,1683.95,Success,NA,Hyderabad,Android,442,False
UPI100001867,2025-04-29,18:32:21,HDFC,Canara Bank,PhonePe,P2P,611.72,Success,NA,Hyderabad,Android,671,False
UPI100001868,2025-09-26,02:31:36,Yes Bank,Axis Bank,BHIM,Fund Transfer,751.54,Success,NA,Patiala,Android,826,False
UPI100001869,2025-08-25,14:44:14,SBI,Yes Bank,WhatsApp Pay,Bill Payment,1345.02,Pending,NA,Amritsar,Android,884,False
UPI100001870,2025-02-18,00:17:26,Union Bank,Yes Bank,WhatsApp Pay,P2P,670.96,Success,NA,Kolkata,Android,988,False
UPI100001871,2025-06-05,02:33:43,IndusInd Bank,Yes Bank,CRED,Recharge,523.84,Reversed,Duplicate Transaction,Kolkata,iOS,411,False
UPI100001872,2025-12-04,16:06:05,ICICI,SBI,BHIM,Merchant Payment,2406.01,Success,NA,Chandigarh,iOS,628,False
UPI100001873,2025-02-16,22:40:06,IDBI Bank,Yes Bank,BHIM,Merchant Payment,354.94,Failed,Network Timeout,Mumbai,iOS,2070,True
UPI100001874,2025-04-30,16:51:33,IndusInd Bank,Canara Bank,Amazon Pay,Fund Transfer,84.63,Success,NA,Chandigarh,Android,938,False
UPI100001875,2025-09-22,05:24:37,HDFC,Canara Bank,PhonePe,Fund Transfer,762.16,Success,NA,Amritsar,iOS,393,False
UPI100001876,2025-02-12,01:25:36,Axis Bank,Bank of Baroda,CRED,Recharge,350.05,Failed,Bank Server Down,Mumbai,Android,242,False
UPI100001877,2025-02-23,10:06:37,IndusInd Bank,Axis Bank,Paytm,P2P,4640.3,Success,NA,Bengaluru,iOS,110,True
UPI100001878,2025-02-06,11:39:46,ICICI,HDFC,Mobikwik,P2P,168.06,Success,NA,Kolkata,iOS,603,False
UPI100001879,2025-05-26,00:30:33,Yes Bank,Kotak Mahindra,Google Pay,Merchant Payment,1517.16,Pending,NA,Pune,iOS,610,False
UPI100001880,2025-12-20,21:50:47,Axis Bank,SBI,PhonePe,Recharge,1614.14,Success,NA,Jaipur,Android,913,True
UPI100001881,2025-05-10,00:08:50,Union Bank,IDBI Bank,Google Pay,P2P,1274.77,Success,NA,Lucknow,iOS,1353,True
UPI100001882,2025-10-02,15:04:09,HDFC,Canara Bank,Mobikwik,P2M,1746.93,Success,NA,Pune,iOS,713,False
UPI100001883,2025-02-26,16:04:01,Kotak Mahindra,Yes Bank,Amazon Pay,Fund Transfer,5912.87,Success,NA,Ahmedabad,Android,546,False
UPI100001884,2025-07-21,22:48:18,Yes Bank,IndusInd Bank,BHIM,Recharge,3931.61,Success,NA,Chandigarh,Android,565,False
UPI100001885,2025-09-26,03:05:16,ICICI,IDBI Bank,WhatsApp Pay,Merchant Payment,848.84,Success,NA,Mumbai,Android,956,False
UPI100001886,2025-09-27,01:56:46,IDBI Bank,IDBI Bank,BHIM,Recharge,161.51,Success,NA,Pune,Android,543,True
UPI100001887,2025-07-07,07:24:01,SBI,ICICI,CRED,P2P,2587.42,Failed,Account Blocked/Frozen,Jaipur,Android,80,False
UPI100001888,2025-09-21,02:47:02,Union Bank,HDFC,WhatsApp Pay,Bill Payment,74.42,Reversed,Duplicate Transaction,Amritsar,iOS,576,True
UPI100001889,2025-07-12,06:58:10,Kotak Mahindra,Canara Bank,Mobikwik,P2M,899.6,Pending,NA,Jalandhar,iOS,76,True
UPI100001890,2025-01-10,13:59:34,Union Bank,IndusInd Bank,Paytm,Recharge,1742.92,Failed,Insufficient Balance,Jaipur,Android,425,False
UPI100001891,2025-10-22,00:32:07,Yes Bank,HDFC,PhonePe,Merchant Payment,15.07,Failed,Duplicate Transaction,Ahmedabad,iOS,3453,False
UPI100001892,2025-02-08,07:26:39,Union Bank,ICICI,Mobikwik,P2P,1440.31,Success,NA,Amritsar,Android,300,True
UPI100001893,2025-03-11,18:55:06,Union Bank,Canara Bank,PhonePe,Bill Payment,1203.21,Failed,Daily Limit Exceeded,Ahmedabad,Android,151,False
UPI100001894,2025-08-13,17:59:26,Kotak Mahindra,HDFC,Paytm,P2P,4500.68,Failed,Duplicate Transaction,Ahmedabad,iOS,115,False
UPI100001895,2025-03-14,20:55:48,IDBI Bank,Axis Bank,Mobikwik,Recharge,39.88,Success,NA,Lucknow,iOS,975,False
UPI100001896,2025-04-04,18:36:13,ICICI,Yes Bank,CRED,P2P,1167.42,Pending,NA,Pune,Android,1176,False
UPI100001897,2025-09-16,21:59:09,Canara Bank,Axis Bank,PhonePe,P2M,2310.76,Pending,NA,Ahmedabad,iOS,614,False
UPI100001898,2025-03-20,02:05:09,HDFC,HDFC,Amazon Pay,Fund Transfer,307.21,Success,NA,Hyderabad,Android,560,False
UPI100001899,2025-06-06,12:40:52,Yes Bank,Axis Bank,Paytm,P2M,385.52,Failed,Network Timeout,Ahmedabad,Android,925,False
UPI100001900,2025-10-02,12:58:16,ICICI,Axis Bank,Google Pay,Recharge,475.51,Failed,Beneficiary Bank Unavailable,Bengaluru,Android,326,False
UPI100001901,2025-10-07,23:51:44,Axis Bank,Kotak Mahindra,WhatsApp Pay,Fund Transfer,1509.44,Success,NA,Mumbai,iOS,280,False
UPI100001902,2025-11-07,19:36:25,IndusInd Bank,SBI,Google Pay,Fund Transfer,5855.09,Success,NA,Lucknow,iOS,873,False
UPI100001903,2025-05-30,02:42:21,HDFC,HDFC,PhonePe,P2P,759.54,Success,NA,Jaipur,Android,1295,False
UPI100001904,2025-12-02,04:15:30,SBI,Bank of Baroda,Mobikwik,P2M,930.25,Failed,Duplicate Transaction,Jaipur,iOS,249,False
UPI100001905,2025-01-02,09:05:34,ICICI,SBI,Amazon Pay,Recharge,1031.75,Failed,Invalid VPA,Bengaluru,iOS,1012,False
UPI100001906,2025-01-31,04:44:45,Bank of Baroda,IDBI Bank,BHIM,P2P,569.42,Success,NA,Mumbai,iOS,387,False
UPI100001907,2025-03-21,20:39:39,SBI,SBI,WhatsApp Pay,P2M,731.83,Pending,NA,Lucknow,Android,233,False
UPI100001908,2025-12-10,18:03:17,IDBI Bank,Kotak Mahindra,CRED,Merchant Payment,2531.42,Success,NA,Hyderabad,iOS,1193,False
UPI100001909,2025-08-16,22:32:12,Axis Bank,IndusInd Bank,BHIM,P2P,433.42,Success,NA,Chandigarh,Android,850,True
UPI100001910,2025-07-28,22:17:32,Bank of Baroda,Union Bank,Paytm,Recharge,377.25,Success,NA,Kolkata,iOS,381,False
UPI100001911,2025-08-21,02:48:34,Union Bank,IndusInd Bank,Google Pay,P2P,1144.15,Success,NA,Amritsar,iOS,471,False
UPI100001912,2025-04-15,23:08:39,Axis Bank,HDFC,Paytm,P2M,2864.77,Success,NA,Kolkata,iOS,595,False
UPI100001913,2025-06-28,17:27:07,Canara Bank,SBI,BHIM,Recharge,129.97,Success,NA,Pune,Android,1710,True
UPI100001914,2025-09-19,16:51:06,Kotak Mahindra,IDBI Bank,WhatsApp Pay,Bill Payment,2670.45,Failed,NPCI Switch Error,Delhi,iOS,398,False
UPI100001915,2025-10-28,15:50:52,Axis Bank,SBI,Paytm,P2P,730.96,Failed,Network Timeout,Patiala,iOS,232,False
UPI100001916,2025-12-15,02:24:33,Union Bank,SBI,Amazon Pay,Merchant Payment,67.1,Success,NA,Jalandhar,Android,759,False
UPI100001917,2025-05-05,06:07:48,Canara Bank,HDFC,PhonePe,Fund Transfer,1143.09,Success,NA,Ahmedabad,iOS,3255,False
UPI100001918,2025-01-18,09:17:23,Canara Bank,HDFC,BHIM,P2M,241.18,Failed,Bank Server Down,Pune,Android,273,True
UPI100001919,2025-02-19,01:08:19,Bank of Baroda,Axis Bank,Amazon Pay,Recharge,632.92,Success,NA,Kolkata,Android,71,False
UPI100001920,2025-01-23,06:30:30,Canara Bank,Axis Bank,Google Pay,Fund Transfer,3320.88,Pending,NA,Delhi,iOS,491,False
UPI100001921,2025-03-04,14:47:56,Punjab National Bank,Yes Bank,PhonePe,Bill Payment,609.35,Success,NA,Ahmedabad,iOS,594,False
UPI100001922,2025-12-12,04:59:46,SBI,Yes Bank,Amazon Pay,P2P,5456.32,Success,NA,Jaipur,Android,1024,False
UPI100001923,2025-01-28,16:46:39,ICICI,Punjab National Bank,Amazon Pay,Bill Payment,239.91,Failed,Invalid VPA,Bengaluru,iOS,69,False
UPI100001924,2025-07-01,06:48:27,Punjab National Bank,Bank of Baroda,Amazon Pay,Recharge,621.2,Failed,PSP Server Error,Chandigarh,iOS,120,False
UPI100001925,2025-10-23,23:48:17,Axis Bank,HDFC,BHIM,Recharge,3769.14,Success,NA,Ludhiana,iOS,218,False
UPI100001926,2025-09-10,08:04:36,IDBI Bank,Punjab National Bank,BHIM,P2P,1012.87,Success,NA,Ahmedabad,iOS,1772,False
UPI100001927,2025-06-03,06:27:17,IDBI Bank,Bank of Baroda,PhonePe,Merchant Payment,530.32,Failed,Invalid VPA,Bengaluru,iOS,188,False
UPI100001928,2025-10-21,21:01:04,Punjab National Bank,Bank of Baroda,Google Pay,Merchant Payment,1558.14,Success,NA,Bengaluru,Android,249,False
UPI100001929,2025-03-26,17:51:01,ICICI,Yes Bank,CRED,Merchant Payment,5031.05,Success,NA,Lucknow,iOS,56,False
UPI100001930,2025-01-03,21:56:16,ICICI,Yes Bank,Amazon Pay,Bill Payment,5049.88,Reversed,NPCI Switch Error,Ludhiana,iOS,654,False
UPI100001931,2025-01-31,23:00:04,HDFC,Union Bank,WhatsApp Pay,P2M,726.95,Failed,PSP Server Error,Lucknow,Android,3727,False
UPI100001932,2025-02-15,12:19:43,Yes Bank,Yes Bank,Google Pay,Fund Transfer,7533.66,Reversed,NPCI Switch Error,Ludhiana,iOS,463,True
UPI100001933,2025-04-14,20:33:59,Kotak Mahindra,Yes Bank,Paytm,P2M,1626.9,Success,NA,Ahmedabad,Android,286,False
UPI100001934,2025-02-23,17:17:21,Bank of Baroda,Canara Bank,BHIM,Recharge,2211.04,Success,NA,Delhi,Android,441,True
UPI100001935,2025-08-08,23:40:22,HDFC,ICICI,Google Pay,Merchant Payment,64.17,Pending,NA,Jaipur,Android,865,False
UPI100001936,2025-12-05,04:27:38,Union Bank,Axis Bank,CRED,Recharge,8241.99,Success,NA,Jaipur,iOS,1896,False
UPI100001937,2025-12-26,00:51:12,ICICI,Punjab National Bank,Amazon Pay,Recharge,8592.8,Success,NA,Kolkata,iOS,410,False
UPI100001938,2025-02-02,01:54:15,IndusInd Bank,IndusInd Bank,PhonePe,P2M,92.28,Success,NA,Chandigarh,iOS,231,True
UPI100001939,2025-05-31,15:16:27,Kotak Mahindra,ICICI,BHIM,Bill Payment,143.12,Success,NA,Ahmedabad,iOS,396,True
UPI100001940,2025-11-11,16:01:59,Kotak Mahindra,Yes Bank,Paytm,Merchant Payment,118.56,Success,NA,Lucknow,Android,273,False
UPI100001941,2025-02-02,01:43:32,Punjab National Bank,Punjab National Bank,Amazon Pay,P2M,3082.08,Success,NA,Kolkata,iOS,1412,True
UPI100001942,2025-07-03,12:43:33,Union Bank,IndusInd Bank,BHIM,Bill Payment,5863.34,Success,NA,Ahmedabad,iOS,560,False
UPI100001943,2025-05-24,18:13:58,IDBI Bank,Canara Bank,CRED,P2P,286.63,Success,NA,Jalandhar,iOS,1561,True
UPI100001944,2025-05-18,01:16:10,ICICI,Canara Bank,Paytm,Recharge,1243.14,Failed,Transaction Timeout,Delhi,Android,557,True
UPI100001945,2025-11-14,14:47:15,Punjab National Bank,SBI,CRED,P2P,409.98,Success,NA,Amritsar,Android,265,False
UPI100001946,2025-09-13,03:23:47,Canara Bank,Axis Bank,Google Pay,Fund Transfer,1908.35,Failed,Beneficiary Bank Unavailable,Lucknow,Android,2180,True
UPI100001947,2025-09-26,08:26:04,IndusInd Bank,Union Bank,CRED,Bill Payment,857.27,Success,NA,Hyderabad,Android,145,False
UPI100001948,2025-04-19,15:45:24,ICICI,IndusInd Bank,CRED,Fund Transfer,2852.43,Reversed,Duplicate Transaction,Ahmedabad,iOS,2763,True
UPI100001949,2025-05-27,03:24:51,Union Bank,Union Bank,Paytm,Merchant Payment,114.32,Failed,Transaction Timeout,Jaipur,iOS,884,False
UPI100001950,2025-12-18,22:37:31,IndusInd Bank,IndusInd Bank,Paytm,P2P,1528.6,Failed,Invalid VPA,Lucknow,iOS,888,False
UPI100001951,2025-09-10,23:15:32,Punjab National Bank,Canara Bank,Google Pay,Fund Transfer,4292.86,Reversed,Bank Server Down,Pune,iOS,529,False
UPI100001952,2025-01-17,15:14:16,IDBI Bank,Kotak Mahindra,Paytm,Recharge,63.55,Success,NA,Kolkata,Android,976,False
UPI100001953,2025-04-27,07:45:06,HDFC,Canara Bank,PhonePe,P2P,1566.35,Success,NA,Jaipur,iOS,2199,True
UPI100001954,2025-08-21,02:58:39,Axis Bank,HDFC,Paytm,P2P,1867.39,Failed,Insufficient Balance,Jalandhar,Android,751,False
UPI100001955,2025-09-13,00:40:38,HDFC,Canara Bank,WhatsApp Pay,Recharge,8013.13,Failed,NPCI Switch Error,Chandigarh,Android,985,True
UPI100001956,2025-02-10,13:36:20,IDBI Bank,Yes Bank,WhatsApp Pay,Bill Payment,848.05,Failed,Beneficiary Bank Unavailable,Delhi,iOS,1058,False
UPI100001957,2025-12-09,02:50:44,Punjab National Bank,Canara Bank,WhatsApp Pay,P2P,599.31,Success,NA,Bengaluru,Android,2375,False
UPI100001958,2025-08-14,12:43:05,ICICI,IndusInd Bank,BHIM,Bill Payment,2604.23,Failed,Beneficiary Bank Unavailable,Delhi,Android,374,False
UPI100001959,2025-03-11,15:59:04,Axis Bank,IDBI Bank,CRED,Fund Transfer,4045.24,Success,NA,Mumbai,Android,606,False
UPI100001960,2025-09-28,10:22:52,SBI,Punjab National Bank,Amazon Pay,Fund Transfer,880.31,Success,NA,Amritsar,Android,988,True
UPI100001961,2025-07-10,02:36:42,Kotak Mahindra,Punjab National Bank,PhonePe,P2P,413.59,Failed,Invalid VPA,Pune,Android,364,False
UPI100001962,2025-06-17,19:21:14,Yes Bank,ICICI,Paytm,P2P,1514.93,Success,NA,Amritsar,iOS,215,False
UPI100001963,2025-03-27,16:38:58,Punjab National Bank,ICICI,Mobikwik,Merchant Payment,627.54,Success,NA,Hyderabad,iOS,2152,False
UPI100001964,2025-01-13,04:57:37,IndusInd Bank,Canara Bank,Amazon Pay,Bill Payment,3240.85,Success,NA,Jalandhar,iOS,1955,False
UPI100001965,2025-03-10,22:59:49,HDFC,Canara Bank,Amazon Pay,Fund Transfer,7407.81,Success,NA,Delhi,Android,63,False
UPI100001966,2025-02-03,16:09:29,Punjab National Bank,IDBI Bank,BHIM,Merchant Payment,3516.44,Failed,Insufficient Balance,Ahmedabad,iOS,608,False
UPI100001967,2025-08-14,00:42:14,ICICI,HDFC,Amazon Pay,Recharge,10.26,Failed,Incorrect UPI PIN,Pune,iOS,145,False
UPI100001968,2025-08-19,18:58:30,IndusInd Bank,Punjab National Bank,Google Pay,Recharge,2816.1,Failed,Daily Limit Exceeded,Hyderabad,Android,83,False
UPI100001969,2025-05-01,17:38:57,ICICI,IDBI Bank,BHIM,P2M,3633.26,Reversed,Duplicate Transaction,Hyderabad,iOS,424,False
UPI100001970,2025-11-22,12:06:14,Union Bank,Axis Bank,WhatsApp Pay,Fund Transfer,1834.85,Failed,Duplicate Transaction,Jaipur,iOS,1147,True
UPI100001971,2025-04-18,11:29:08,Yes Bank,Kotak Mahindra,BHIM,P2M,656.01,Success,NA,Hyderabad,iOS,51,False
UPI100001972,2025-11-17,12:08:46,Canara Bank,Axis Bank,CRED,Fund Transfer,6360.65,Success,NA,Patiala,iOS,206,False
UPI100001973,2025-03-06,18:23:44,Kotak Mahindra,ICICI,Google Pay,Recharge,1096.2,Reversed,Bank Server Down,Pune,iOS,393,False
UPI100001974,2025-12-24,19:53:42,IDBI Bank,SBI,WhatsApp Pay,Recharge,676.26,Success,NA,Ahmedabad,iOS,429,False
UPI100001975,2025-07-22,15:39:59,Kotak Mahindra,ICICI,BHIM,P2P,1340.44,Success,NA,Lucknow,Android,486,False
UPI100001976,2025-06-03,07:13:33,SBI,Union Bank,Amazon Pay,P2P,1140.16,Reversed,Bank Server Down,Lucknow,Android,538,False
UPI100001977,2025-11-21,03:02:15,IndusInd Bank,Axis Bank,PhonePe,Recharge,72.44,Success,NA,Jaipur,iOS,64,False
UPI100001978,2025-01-15,00:43:10,Kotak Mahindra,Punjab National Bank,WhatsApp Pay,P2P,275.77,Failed,Transaction Timeout,Delhi,iOS,2967,False
UPI100001979,2025-04-10,02:08:54,IndusInd Bank,Kotak Mahindra,WhatsApp Pay,Recharge,24.9,Failed,Transaction Timeout,Ahmedabad,Android,1860,False
UPI100001980,2025-08-20,08:33:16,HDFC,Kotak Mahindra,Mobikwik,P2P,3468.04,Failed,NPCI Switch Error,Lucknow,iOS,1256,False
UPI100001981,2025-04-07,18:28:01,Punjab National Bank,Kotak Mahindra,Google Pay,Bill Payment,2181.22,Success,NA,Bengaluru,Android,274,False
UPI100001982,2025-07-29,18:48:53,Axis Bank,Yes Bank,WhatsApp Pay,Bill Payment,109.14,Success,NA,Amritsar,iOS,467,False
UPI100001983,2025-01-05,00:53:05,Yes Bank,IDBI Bank,Amazon Pay,Merchant Payment,1633.32,Success,NA,Pune,iOS,968,True
UPI100001984,2025-06-14,20:34:59,Bank of Baroda,Axis Bank,PhonePe,P2M,3116.3,Failed,Account Blocked/Frozen,Patiala,Android,1452,True
UPI100001985,2025-09-19,04:58:58,Union Bank,Kotak Mahindra,Google Pay,P2M,1421.92,Success,NA,Mumbai,Android,185,False
UPI100001986,2025-01-17,20:22:11,Canara Bank,IndusInd Bank,BHIM,Fund Transfer,1690.67,Failed,Incorrect UPI PIN,Hyderabad,Android,433,False
UPI100001987,2025-12-30,17:24:54,Union Bank,Canara Bank,Amazon Pay,Recharge,1125.22,Success,NA,Jalandhar,iOS,459,False
UPI100001988,2025-07-18,07:42:09,Canara Bank,Kotak Mahindra,PhonePe,Bill Payment,306.23,Failed,Invalid VPA,Chandigarh,Android,580,False
UPI100001989,2025-08-06,04:59:17,Union Bank,Axis Bank,Amazon Pay,Recharge,732.52,Success,NA,Ludhiana,iOS,621,False
UPI100001990,2025-01-12,12:45:39,Union Bank,Bank of Baroda,Amazon Pay,P2M,764.1,Failed,Insufficient Balance,Lucknow,Android,890,True
UPI100001991,2025-12-07,04:42:47,IndusInd Bank,Bank of Baroda,Mobikwik,P2M,965.03,Success,NA,Mumbai,iOS,101,True
UPI100001992,2025-01-04,19:11:26,Axis Bank,Union Bank,PhonePe,P2P,372.91,Failed,Insufficient Balance,Bengaluru,iOS,242,True
UPI100001993,2025-06-24,09:26:58,Bank of Baroda,Kotak Mahindra,CRED,Fund Transfer,3887.44,Success,NA,Lucknow,Android,206,False
UPI100001994,2025-03-26,00:10:20,Union Bank,Axis Bank,CRED,Recharge,1222.69,Success,NA,Kolkata,iOS,962,False
UPI100001995,2025-04-22,07:12:58,IndusInd Bank,Axis Bank,Amazon Pay,P2P,580.4,Failed,Insufficient Balance,Chandigarh,iOS,64,False
UPI100001996,2025-11-23,06:08:18,Bank of Baroda,IDBI Bank,WhatsApp Pay,Merchant Payment,908.45,Success,NA,Bengaluru,iOS,893,True
UPI100001997,2025-12-18,20:16:04,HDFC,Yes Bank,WhatsApp Pay,P2P,218.91,Success,NA,Pune,Android,1084,False
UPI100001998,2025-04-16,09:12:39,Canara Bank,Yes Bank,Paytm,Fund Transfer,1083.72,Failed,Duplicate Transaction,Kolkata,iOS,51,False
UPI100001999,2025-05-23,08:40:32,HDFC,Canara Bank,Paytm,Fund Transfer,8501.98,Failed,Invalid VPA,Amritsar,iOS,193,False
UPI100002000,2025-02-10,20:06:57,Union Bank,Punjab National Bank,Google Pay,P2P,1124.24,Failed,Beneficiary Bank Unavailable,Lucknow,Android,1412,False
UPI100002001,2025-08-14,06:22:50,Axis Bank,Union Bank,Google Pay,Fund Transfer,1482.83,Success,NA,Kolkata,Android,3280,False
UPI100002002,2025-06-04,19:06:16,IDBI Bank,ICICI,BHIM,Bill Payment,6577.84,Success,NA,Mumbai,iOS,97,False
UPI100002003,2025-03-04,21:25:25,Kotak Mahindra,ICICI,Paytm,P2M,1213.37,Success,NA,Patiala,iOS,229,False
UPI100002004,2025-10-07,15:48:39,SBI,SBI,Google Pay,Recharge,83.17,Success,NA,Kolkata,iOS,210,False
UPI100002005,2025-08-21,03:19:15,Yes Bank,Punjab National Bank,Amazon Pay,Bill Payment,254.33,Failed,Invalid VPA,Jaipur,Android,885,False
UPI100002006,2025-02-07,06:46:59,Axis Bank,ICICI,BHIM,P2P,398.76,Success,NA,Lucknow,Android,2509,False
UPI100002007,2025-10-19,23:12:32,SBI,HDFC,BHIM,Fund Transfer,2604.5,Success,NA,Pune,iOS,1543,True
UPI100002008,2025-08-22,01:51:54,Yes Bank,Kotak Mahindra,BHIM,Recharge,676.0,Failed,Insufficient Balance,Pune,Android,66,False
UPI100002009,2025-03-18,12:17:30,Punjab National Bank,HDFC,Mobikwik,P2M,290.05,Success,NA,Ahmedabad,Android,632,False
UPI100002010,2025-03-04,18:59:05,HDFC,IndusInd Bank,Paytm,Fund Transfer,2081.8,Success,NA,Ludhiana,Android,451,False
UPI100002011,2025-05-31,10:59:26,Kotak Mahindra,IDBI Bank,Mobikwik,Bill Payment,568.25,Reversed,NPCI Switch Error,Kolkata,Android,1391,True
UPI100002012,2025-01-23,22:21:25,HDFC,HDFC,Mobikwik,P2M,291.56,Success,NA,Delhi,Android,3381,False
UPI100002013,2025-03-12,17:08:33,Axis Bank,SBI,Amazon Pay,Merchant Payment,538.79,Success,NA,Jalandhar,iOS,897,False
UPI100002014,2025-08-30,11:13:51,IDBI Bank,IndusInd Bank,BHIM,Bill Payment,2299.17,Success,NA,Jaipur,iOS,575,True
UPI100002015,2025-08-02,03:34:23,SBI,Yes Bank,BHIM,Recharge,251.56,Success,NA,Bengaluru,Android,113,True
UPI100002016,2025-02-23,06:23:07,IndusInd Bank,HDFC,Mobikwik,Fund Transfer,2038.68,Failed,Account Blocked/Frozen,Ludhiana,iOS,363,True
UPI100002017,2025-07-29,06:41:22,Bank of Baroda,Axis Bank,WhatsApp Pay,Bill Payment,540.02,Success,NA,Bengaluru,iOS,424,False
UPI100002018,2025-03-04,16:04:12,IDBI Bank,Punjab National Bank,WhatsApp Pay,Fund Transfer,981.13,Success,NA,Kolkata,iOS,428,False
UPI100002019,2025-03-25,06:03:08,IDBI Bank,Union Bank,WhatsApp Pay,P2P,3743.07,Success,NA,Patiala,iOS,1482,False
UPI100002020,2025-01-18,21:16:33,HDFC,Bank of Baroda,Paytm,Merchant Payment,2350.49,Pending,NA,Pune,Android,644,True
UPI100002021,2025-08-28,13:47:21,IDBI Bank,Yes Bank,Paytm,Merchant Payment,2473.07,Failed,Incorrect UPI PIN,Ahmedabad,Android,562,False
UPI100002022,2025-03-20,21:27:08,Bank of Baroda,Canara Bank,Amazon Pay,P2M,3454.41,Success,NA,Jaipur,Android,101,False
UPI100002023,2025-08-20,13:03:51,Punjab National Bank,SBI,WhatsApp Pay,P2P,373.97,Success,NA,Ludhiana,iOS,1190,False
UPI100002024,2025-01-19,22:27:45,Union Bank,Axis Bank,Paytm,Bill Payment,153.69,Reversed,NPCI Switch Error,Ahmedabad,iOS,137,True
UPI100002025,2025-06-29,21:23:47,Yes Bank,Union Bank,Paytm,P2P,124.61,Success,NA,Kolkata,iOS,760,True
UPI100002026,2025-01-31,03:09:16,Yes Bank,Kotak Mahindra,Paytm,P2P,4677.42,Success,NA,Delhi,iOS,2835,False
UPI100002027,2025-03-15,16:43:37,Bank of Baroda,IndusInd Bank,Mobikwik,Recharge,567.11,Success,NA,Amritsar,Android,105,True
UPI100002028,2025-12-22,07:50:59,IDBI Bank,Yes Bank,Amazon Pay,Recharge,877.24,Reversed,NPCI Switch Error,Hyderabad,iOS,2370,False
UPI100002029,2025-04-26,12:04:12,IndusInd Bank,Kotak Mahindra,Amazon Pay,Merchant Payment,1105.75,Success,NA,Chandigarh,Android,655,True
UPI100002030,2025-06-21,04:40:02,SBI,Kotak Mahindra,Mobikwik,Merchant Payment,2341.78,Success,NA,Ludhiana,iOS,497,True
UPI100002031,2025-10-31,15:53:43,IDBI Bank,IndusInd Bank,BHIM,Recharge,3586.12,Failed,Duplicate Transaction,Bengaluru,iOS,242,False
UPI100002032,2025-04-09,07:37:26,IDBI Bank,Punjab National Bank,CRED,Recharge,566.38,Success,NA,Mumbai,iOS,1917,False
UPI100002033,2025-01-28,10:57:17,Bank of Baroda,Canara Bank,Mobikwik,Fund Transfer,1143.24,Reversed,Duplicate Transaction,Amritsar,iOS,1010,False
UPI100002034,2025-11-01,04:55:52,HDFC,Yes Bank,WhatsApp Pay,P2P,198.32,Success,NA,Lucknow,iOS,522,True
UPI100002035,2025-12-24,04:52:45,HDFC,HDFC,Mobikwik,P2P,1078.97,Success,NA,Pune,Android,701,False
UPI100002036,2025-05-31,02:39:34,IDBI Bank,Union Bank,PhonePe,Bill Payment,4137.8,Success,NA,Jaipur,iOS,444,True
UPI100002037,2025-04-07,16:13:34,IDBI Bank,Bank of Baroda,CRED,Bill Payment,2052.58,Success,NA,Chandigarh,iOS,495,False
UPI100002038,2025-11-18,14:11:09,IndusInd Bank,IndusInd Bank,CRED,Recharge,636.31,Success,NA,Lucknow,Android,1467,False
UPI100002039,2025-07-31,10:42:27,Union Bank,Canara Bank,CRED,P2M,684.26,Reversed,Duplicate Transaction,Patiala,Android,186,False
UPI100002040,2025-06-22,04:25:21,Yes Bank,SBI,WhatsApp Pay,Merchant Payment,686.48,Failed,Daily Limit Exceeded,Hyderabad,Android,727,True
UPI100002041,2025-06-01,23:39:11,Union Bank,Union Bank,Mobikwik,P2M,1014.76,Success,NA,Pune,Android,2579,True
UPI100002042,2025-09-03,18:00:02,Union Bank,IndusInd Bank,CRED,P2M,1957.49,Success,NA,Kolkata,iOS,196,False
UPI100002043,2025-01-03,03:49:43,ICICI,Kotak Mahindra,PhonePe,Bill Payment,577.37,Failed,Beneficiary Bank Unavailable,Ludhiana,iOS,533,False
UPI100002044,2025-05-10,02:06:25,Union Bank,Punjab National Bank,CRED,Fund Transfer,64.55,Success,NA,Kolkata,iOS,215,True
UPI100002045,2025-09-04,04:09:19,Yes Bank,Punjab National Bank,CRED,P2M,140.24,Success,NA,Hyderabad,iOS,3111,False
UPI100002046,2025-10-17,21:24:50,Bank of Baroda,Kotak Mahindra,WhatsApp Pay,Bill Payment,1041.8,Success,NA,Pune,Android,917,False
UPI100002047,2025-02-24,09:56:17,IDBI Bank,IDBI Bank,Mobikwik,Recharge,415.66,Success,NA,Chandigarh,Android,329,False
UPI100002048,2025-03-11,12:28:49,Canara Bank,Union Bank,BHIM,Bill Payment,2631.8,Success,NA,Jalandhar,Android,357,False
UPI100002049,2025-03-21,10:48:41,Axis Bank,IDBI Bank,PhonePe,P2M,2863.0,Failed,Account Blocked/Frozen,Ludhiana,iOS,202,False
UPI100002050,2025-04-08,15:04:14,SBI,Bank of Baroda,Google Pay,Bill Payment,174.54,Failed,Insufficient Balance,Kolkata,iOS,355,False
UPI100002051,2025-11-08,13:41:29,Bank of Baroda,Axis Bank,PhonePe,Bill Payment,1712.33,Pending,NA,Jalandhar,Android,1844,True
UPI100002052,2025-01-31,04:21:29,Punjab National Bank,HDFC,Google Pay,P2M,1893.77,Pending,NA,Chandigarh,Android,801,False
UPI100002053,2025-09-17,04:14:30,IndusInd Bank,Kotak Mahindra,BHIM,Recharge,1854.21,Success,NA,Bengaluru,iOS,332,False
UPI100002054,2025-08-14,01:39:43,Axis Bank,Kotak Mahindra,WhatsApp Pay,P2P,582.09,Pending,NA,Delhi,Android,916,False
UPI100002055,2025-02-09,04:26:46,IDBI Bank,Yes Bank,BHIM,Bill Payment,2313.05,Failed,Invalid VPA,Ludhiana,Android,171,True
UPI100002056,2025-08-09,04:50:01,Punjab National Bank,Bank of Baroda,WhatsApp Pay,Bill Payment,2150.9,Failed,Incorrect UPI PIN,Patiala,Android,126,True
UPI100002057,2025-06-23,21:07:03,IDBI Bank,HDFC,Google Pay,Fund Transfer,351.85,Failed,PSP Server Error,Ludhiana,Android,556,False
UPI100002058,2025-03-30,05:28:09,Canara Bank,Bank of Baroda,WhatsApp Pay,Merchant Payment,390.81,Success,NA,Jaipur,iOS,76,True
UPI100002059,2025-02-28,09:17:44,IDBI Bank,Union Bank,Google Pay,Merchant Payment,416.93,Failed,Bank Server Down,Ahmedabad,iOS,86,False
UPI100002060,2025-03-03,07:53:06,Axis Bank,IDBI Bank,Amazon Pay,Recharge,712.54,Success,NA,Kolkata,Android,539,False
UPI100002061,2025-10-25,11:40:44,IndusInd Bank,Axis Bank,Amazon Pay,P2P,36.12,Success,NA,Mumbai,Android,86,True
UPI100002062,2025-02-06,06:31:11,ICICI,IDBI Bank,Paytm,P2P,1148.36,Success,NA,Hyderabad,iOS,878,False
UPI100002063,2025-02-11,19:16:44,HDFC,IDBI Bank,Google Pay,P2P,2851.8,Success,NA,Ahmedabad,iOS,113,False
UPI100002064,2025-03-01,21:17:17,ICICI,ICICI,BHIM,P2M,2656.46,Success,NA,Chandigarh,iOS,495,True
UPI100002065,2025-09-13,00:02:26,Axis Bank,IndusInd Bank,WhatsApp Pay,P2M,1187.0,Failed,Transaction Timeout,Hyderabad,Android,251,True
UPI100002066,2025-05-09,18:19:31,Canara Bank,Kotak Mahindra,PhonePe,Bill Payment,249.17,Failed,Network Timeout,Delhi,Android,1580,False
UPI100002067,2025-12-10,21:02:48,Punjab National Bank,SBI,BHIM,Fund Transfer,88.26,Failed,Daily Limit Exceeded,Mumbai,iOS,1012,False
UPI100002068,2025-10-21,15:26:51,Kotak Mahindra,IDBI Bank,Mobikwik,Bill Payment,1990.38,Failed,Invalid VPA,Jalandhar,iOS,2492,False
UPI100002069,2025-01-19,10:02:06,Axis Bank,ICICI,PhonePe,Bill Payment,619.73,Success,NA,Kolkata,Android,209,True
UPI100002070,2025-01-17,16:08:04,Axis Bank,IndusInd Bank,Paytm,P2M,3711.08,Pending,NA,Lucknow,Android,930,False
UPI100002071,2025-12-18,23:16:02,Punjab National Bank,Bank of Baroda,CRED,Bill Payment,861.98,Reversed,NPCI Switch Error,Bengaluru,iOS,53,False
UPI100002072,2025-11-29,16:20:12,ICICI,HDFC,Google Pay,Fund Transfer,5561.4,Success,NA,Delhi,Android,341,True
UPI100002073,2025-05-14,18:50:03,ICICI,Union Bank,Mobikwik,P2P,7212.94,Failed,Incorrect UPI PIN,Hyderabad,iOS,1060,False
UPI100002074,2025-05-03,03:38:11,Bank of Baroda,Punjab National Bank,PhonePe,Merchant Payment,788.27,Failed,Network Timeout,Ludhiana,Android,1300,True
UPI100002075,2025-05-26,19:19:39,ICICI,Kotak Mahindra,CRED,P2P,1093.87,Success,NA,Delhi,iOS,1479,False
UPI100002076,2025-05-21,07:01:01,SBI,IDBI Bank,CRED,Bill Payment,418.55,Failed,Network Timeout,Jalandhar,iOS,268,False
UPI100002077,2025-02-24,21:12:48,Kotak Mahindra,HDFC,Mobikwik,Fund Transfer,1247.81,Failed,Duplicate Transaction,Ludhiana,Android,455,False
UPI100002078,2025-02-09,15:34:23,Union Bank,SBI,CRED,P2P,2219.56,Success,NA,Pune,iOS,464,True
UPI100002079,2025-02-12,13:02:01,SBI,Yes Bank,WhatsApp Pay,Fund Transfer,776.93,Success,NA,Jalandhar,Android,1009,False
UPI100002080,2025-03-30,05:15:34,IndusInd Bank,Kotak Mahindra,WhatsApp Pay,Fund Transfer,622.3,Success,NA,Ahmedabad,Android,68,True
UPI100002081,2025-09-21,19:45:29,Union Bank,HDFC,CRED,P2P,2723.07,Success,NA,Lucknow,Android,905,True
UPI100002082,2025-11-13,08:07:10,ICICI,Bank of Baroda,CRED,P2P,638.22,Reversed,NPCI Switch Error,Delhi,Android,756,False
UPI100002083,2025-05-10,18:00:13,Union Bank,IDBI Bank,CRED,Merchant Payment,1893.07,Success,NA,Bengaluru,iOS,143,True
UPI100002084,2025-01-30,03:49:10,Axis Bank,Axis Bank,WhatsApp Pay,Fund Transfer,1476.88,Failed,Transaction Timeout,Hyderabad,iOS,333,False
UPI100002085,2025-11-02,07:45:55,Punjab National Bank,Axis Bank,CRED,Merchant Payment,3129.87,Success,NA,Amritsar,iOS,1169,True
UPI100002086,2025-06-27,05:40:28,SBI,IDBI Bank,CRED,P2M,151.23,Success,NA,Jalandhar,Android,198,False
UPI100002087,2025-05-08,22:10:17,Union Bank,Kotak Mahindra,Google Pay,Fund Transfer,1325.74,Success,NA,Kolkata,iOS,614,False
UPI100002088,2025-11-12,19:37:36,Bank of Baroda,Yes Bank,PhonePe,Recharge,248.18,Success,NA,Patiala,iOS,61,False
UPI100002089,2025-07-06,00:52:20,HDFC,Canara Bank,WhatsApp Pay,Fund Transfer,1648.1,Success,NA,Ahmedabad,iOS,590,True
UPI100002090,2025-04-18,04:07:50,Punjab National Bank,Canara Bank,BHIM,Fund Transfer,2085.42,Failed,Incorrect UPI PIN,Lucknow,Android,61,False
UPI100002091,2025-05-01,16:53:40,ICICI,Kotak Mahindra,Amazon Pay,P2P,1754.13,Success,NA,Jaipur,iOS,510,False
UPI100002092,2025-08-15,01:28:32,Kotak Mahindra,IndusInd Bank,WhatsApp Pay,Recharge,1177.11,Success,NA,Chandigarh,Android,556,False
UPI100002093,2025-12-23,21:38:24,Punjab National Bank,Kotak Mahindra,PhonePe,Merchant Payment,1008.78,Failed,Insufficient Balance,Ahmedabad,Android,2771,False
UPI100002094,2025-12-15,23:24:17,Punjab National Bank,IndusInd Bank,Google Pay,Recharge,700.06,Success,NA,Delhi,Android,1494,False
UPI100002095,2025-05-26,22:41:04,Punjab National Bank,Kotak Mahindra,Mobikwik,Merchant Payment,5068.43,Failed,Account Blocked/Frozen,Pune,iOS,93,False
UPI100002096,2025-08-05,14:50:41,Bank of Baroda,Punjab National Bank,Google Pay,Bill Payment,1471.21,Success,NA,Amritsar,Android,374,False
UPI100002097,2025-01-27,21:19:09,HDFC,Punjab National Bank,BHIM,Recharge,251.46,Success,NA,Amritsar,iOS,509,False
UPI100002098,2025-12-26,02:52:07,Axis Bank,Kotak Mahindra,BHIM,P2P,5646.42,Success,NA,Ludhiana,iOS,670,False
UPI100002099,2025-06-19,23:37:34,Yes Bank,ICICI,Google Pay,Recharge,801.87,Success,NA,Hyderabad,Android,430,False
UPI100002100,2025-04-29,00:02:48,IDBI Bank,Kotak Mahindra,Paytm,Merchant Payment,768.12,Success,NA,Jalandhar,iOS,2089,False
UPI100002101,2025-03-15,09:09:52,Bank of Baroda,Kotak Mahindra,WhatsApp Pay,P2M,50.04,Reversed,Bank Server Down,Chandigarh,Android,683,True
UPI100002102,2025-03-31,21:57:46,Union Bank,IDBI Bank,BHIM,Fund Transfer,791.75,Success,NA,Jalandhar,Android,2225,False
UPI100002103,2025-07-28,00:33:59,Canara Bank,HDFC,BHIM,P2P,995.02,Failed,Network Timeout,Pune,iOS,484,False
UPI100002104,2025-01-24,08:15:56,Bank of Baroda,Axis Bank,Google Pay,P2M,585.18,Success,NA,Mumbai,Android,447,False
UPI100002105,2025-06-23,09:59:09,IndusInd Bank,IDBI Bank,Paytm,P2P,678.44,Failed,Network Timeout,Ahmedabad,iOS,429,False
UPI100002106,2025-08-18,18:08:18,Kotak Mahindra,Canara Bank,PhonePe,Fund Transfer,3261.88,Success,NA,Chandigarh,iOS,231,False
UPI100002107,2025-11-18,21:14:53,Axis Bank,Punjab National Bank,WhatsApp Pay,Bill Payment,3351.65,Success,NA,Ludhiana,iOS,1668,False
UPI100002108,2025-09-16,14:17:37,Axis Bank,Kotak Mahindra,Google Pay,P2P,149.22,Success,NA,Ludhiana,iOS,170,False
UPI100002109,2025-03-01,05:32:45,Axis Bank,ICICI,CRED,Fund Transfer,2494.51,Success,NA,Pune,Android,635,True
UPI100002110,2025-06-22,11:05:35,SBI,HDFC,PhonePe,P2M,2518.02,Failed,Beneficiary Bank Unavailable,Jalandhar,iOS,613,True
UPI100002111,2025-02-13,09:57:31,Canara Bank,Yes Bank,PhonePe,Fund Transfer,3498.5,Success,NA,Mumbai,Android,312,False
UPI100002112,2025-04-27,16:12:33,Punjab National Bank,Union Bank,Amazon Pay,Bill Payment,4056.04,Success,NA,Kolkata,iOS,775,True
UPI100002113,2025-05-06,14:35:13,Bank of Baroda,IDBI Bank,PhonePe,P2P,1982.28,Reversed,NPCI Switch Error,Ludhiana,Android,874,False
UPI100002114,2025-03-01,09:03:44,SBI,SBI,WhatsApp Pay,Recharge,3396.62,Failed,Insufficient Balance,Chandigarh,Android,329,True
UPI100002115,2025-07-27,00:18:03,Kotak Mahindra,Union Bank,Mobikwik,Merchant Payment,1021.74,Success,NA,Mumbai,Android,235,True
UPI100002116,2025-08-07,14:19:48,Punjab National Bank,Bank of Baroda,Mobikwik,P2M,1139.41,Success,NA,Patiala,iOS,60,False
UPI100002117,2025-09-24,13:01:13,Punjab National Bank,HDFC,Mobikwik,Fund Transfer,4845.4,Success,NA,Jaipur,iOS,695,False
UPI100002118,2025-10-07,05:15:30,Axis Bank,Axis Bank,Mobikwik,Recharge,3446.15,Success,NA,Ludhiana,iOS,2145,False
UPI100002119,2025-05-12,17:12:00,SBI,Axis Bank,Paytm,Bill Payment,132.58,Success,NA,Lucknow,iOS,1091,False
UPI100002120,2025-08-10,03:26:06,Canara Bank,IndusInd Bank,Paytm,P2M,177.43,Success,NA,Jalandhar,Android,296,True
UPI100002121,2025-02-21,17:10:50,Yes Bank,Kotak Mahindra,Mobikwik,Merchant Payment,442.85,Pending,NA,Lucknow,Android,772,False
UPI100002122,2025-02-02,07:30:11,IDBI Bank,IndusInd Bank,BHIM,Merchant Payment,2743.94,Success,NA,Pune,Android,908,True
UPI100002123,2025-03-22,22:37:48,HDFC,HDFC,PhonePe,P2P,755.39,Failed,Beneficiary Bank Unavailable,Kolkata,Android,520,True
UPI100002124,2025-10-10,16:10:15,ICICI,SBI,Google Pay,Merchant Payment,37.35,Success,NA,Patiala,iOS,266,False
UPI100002125,2025-04-01,05:03:43,HDFC,IndusInd Bank,WhatsApp Pay,P2M,3943.92,Failed,Duplicate Transaction,Jaipur,iOS,2474,False
UPI100002126,2025-11-07,17:39:05,Punjab National Bank,Kotak Mahindra,Amazon Pay,P2P,1540.82,Success,NA,Ludhiana,Android,63,False
UPI100002127,2025-05-18,22:23:07,HDFC,ICICI,WhatsApp Pay,Merchant Payment,1119.24,Failed,Daily Limit Exceeded,Ludhiana,iOS,1593,True
UPI100002128,2025-03-24,18:08:47,Bank of Baroda,Union Bank,Amazon Pay,P2P,1268.61,Success,NA,Amritsar,iOS,1038,False
UPI100002129,2025-06-15,13:34:59,IDBI Bank,HDFC,PhonePe,Bill Payment,3580.35,Failed,PSP Server Error,Amritsar,iOS,890,True
UPI100002130,2025-06-30,06:36:03,SBI,Yes Bank,Paytm,Merchant Payment,2163.46,Success,NA,Lucknow,Android,1381,False
UPI100002131,2025-09-02,02:40:51,IDBI Bank,Punjab National Bank,WhatsApp Pay,Bill Payment,143.9,Success,NA,Patiala,Android,615,False
UPI100002132,2025-03-16,22:03:48,HDFC,HDFC,CRED,Recharge,4506.83,Success,NA,Amritsar,Android,211,True
UPI100002133,2025-12-02,19:49:44,IndusInd Bank,Kotak Mahindra,BHIM,Fund Transfer,1386.68,Failed,Duplicate Transaction,Amritsar,Android,549,False
UPI100002134,2025-08-20,19:54:51,IndusInd Bank,Yes Bank,BHIM,P2M,772.37,Reversed,NPCI Switch Error,Hyderabad,Android,1114,False
UPI100002135,2025-01-01,21:01:32,Kotak Mahindra,HDFC,CRED,P2P,2742.02,Success,NA,Delhi,iOS,329,False
UPI100002136,2025-05-13,21:24:40,Union Bank,Canara Bank,PhonePe,P2M,3469.97,Failed,NPCI Switch Error,Ludhiana,Android,163,False
UPI100002137,2025-07-08,17:03:16,IDBI Bank,Kotak Mahindra,Mobikwik,P2P,1179.46,Success,NA,Amritsar,Android,780,False
UPI100002138,2025-03-08,13:43:41,Bank of Baroda,IDBI Bank,WhatsApp Pay,Fund Transfer,618.8,Failed,Invalid VPA,Amritsar,iOS,1004,True
UPI100002139,2025-12-03,18:26:16,IDBI Bank,Kotak Mahindra,CRED,Fund Transfer,469.17,Failed,Account Blocked/Frozen,Kolkata,iOS,328,False
UPI100002140,2025-06-30,20:16:08,Kotak Mahindra,Yes Bank,Paytm,Recharge,1545.54,Success,NA,Kolkata,iOS,773,False
UPI100002141,2025-04-02,16:51:03,ICICI,Canara Bank,WhatsApp Pay,Recharge,2203.31,Success,NA,Ahmedabad,Android,1035,False
UPI100002142,2025-03-02,16:51:46,IndusInd Bank,Axis Bank,Amazon Pay,P2P,1905.2,Success,NA,Jaipur,Android,400,True
UPI100002143,2025-01-13,16:30:16,Union Bank,SBI,Google Pay,P2M,7809.85,Success,NA,Delhi,iOS,1083,False
UPI100002144,2025-08-20,07:20:14,Union Bank,Axis Bank,Google Pay,Merchant Payment,1012.42,Pending,NA,Bengaluru,Android,2884,False
UPI100002145,2025-12-26,08:11:33,ICICI,Yes Bank,Paytm,Recharge,1332.86,Pending,NA,Ahmedabad,iOS,694,False
UPI100002146,2025-12-13,08:17:45,HDFC,Kotak Mahindra,CRED,Fund Transfer,1023.88,Success,NA,Lucknow,iOS,170,True
UPI100002147,2025-10-16,05:06:49,Kotak Mahindra,IDBI Bank,WhatsApp Pay,P2P,109.84,Failed,Daily Limit Exceeded,Patiala,Android,528,False
UPI100002148,2025-10-29,15:03:31,Yes Bank,Yes Bank,Google Pay,Bill Payment,411.64,Success,NA,Ludhiana,Android,147,False
UPI100002149,2025-04-07,23:29:57,Axis Bank,SBI,CRED,P2M,692.55,Success,NA,Pune,Android,537,False
UPI100002150,2025-05-21,18:57:17,Union Bank,Kotak Mahindra,Mobikwik,P2P,851.22,Success,NA,Patiala,iOS,1627,False
UPI100002151,2025-07-29,22:51:45,Kotak Mahindra,HDFC,Paytm,Merchant Payment,21.55,Failed,Network Timeout,Jaipur,iOS,1734,False
UPI100002152,2025-01-16,23:52:48,Axis Bank,IndusInd Bank,WhatsApp Pay,P2M,3852.52,Failed,Transaction Timeout,Jalandhar,iOS,1014,False
UPI100002153,2025-08-26,19:57:39,HDFC,Bank of Baroda,Mobikwik,P2M,528.76,Failed,Incorrect UPI PIN,Chandigarh,iOS,1794,False
UPI100002154,2025-10-12,02:00:28,Punjab National Bank,ICICI,PhonePe,Merchant Payment,1694.79,Success,NA,Ludhiana,Android,136,True
UPI100002155,2025-10-27,22:59:17,Union Bank,ICICI,WhatsApp Pay,P2M,924.87,Failed,Incorrect UPI PIN,Mumbai,iOS,325,False
UPI100002156,2025-04-30,21:00:14,SBI,Union Bank,PhonePe,Recharge,584.04,Success,NA,Lucknow,Android,1221,False
UPI100002157,2025-08-08,19:41:11,Union Bank,IDBI Bank,Mobikwik,P2M,250.98,Success,NA,Bengaluru,Android,1695,False
UPI100002158,2025-06-29,10:36:57,ICICI,Kotak Mahindra,BHIM,Recharge,1899.8,Pending,NA,Bengaluru,iOS,378,True
UPI100002159,2025-05-21,05:27:17,Yes Bank,Kotak Mahindra,PhonePe,Merchant Payment,202.4,Failed,Invalid VPA,Pune,Android,802,False
UPI100002160,2025-10-06,10:33:56,Kotak Mahindra,Axis Bank,BHIM,P2P,842.78,Success,NA,Ahmedabad,iOS,95,False
UPI100002161,2025-04-15,02:25:38,SBI,Yes Bank,Google Pay,Bill Payment,697.56,Success,NA,Pune,iOS,90,False
UPI100002162,2025-10-30,16:06:33,Canara Bank,IndusInd Bank,Amazon Pay,P2M,1134.81,Failed,Incorrect UPI PIN,Amritsar,iOS,904,False
UPI100002163,2025-03-25,14:36:39,Punjab National Bank,ICICI,Mobikwik,P2P,707.35,Success,NA,Bengaluru,iOS,451,False
UPI100002164,2025-12-25,05:28:13,SBI,Bank of Baroda,Google Pay,Merchant Payment,848.28,Failed,Network Timeout,Patiala,Android,1392,False
UPI100002165,2025-07-15,06:48:40,SBI,Punjab National Bank,CRED,Recharge,4185.37,Failed,Beneficiary Bank Unavailable,Lucknow,Android,303,False
UPI100002166,2025-10-27,11:04:00,SBI,Axis Bank,BHIM,Fund Transfer,131.4,Failed,Account Blocked/Frozen,Kolkata,Android,341,False
UPI100002167,2025-11-03,12:07:14,Kotak Mahindra,SBI,CRED,Bill Payment,1171.83,Failed,PSP Server Error,Amritsar,Android,512,False
UPI100002168,2025-02-19,12:35:35,Canara Bank,HDFC,Mobikwik,Bill Payment,1940.1,Failed,Duplicate Transaction,Bengaluru,Android,533,False
UPI100002169,2025-04-18,17:21:36,ICICI,Union Bank,CRED,P2P,3080.99,Failed,NPCI Switch Error,Ludhiana,iOS,1004,False
UPI100002170,2025-10-08,23:59:24,Canara Bank,HDFC,BHIM,Merchant Payment,16.54,Success,NA,Kolkata,Android,375,False
UPI100002171,2025-06-19,06:16:44,Punjab National Bank,Kotak Mahindra,Google Pay,P2M,772.25,Success,NA,Ahmedabad,iOS,612,False
UPI100002172,2025-04-03,16:13:40,Axis Bank,SBI,Amazon Pay,P2M,6534.46,Failed,Duplicate Transaction,Kolkata,Android,566,False
UPI100002173,2025-06-04,23:03:46,IndusInd Bank,Punjab National Bank,Paytm,Bill Payment,4035.35,Success,NA,Bengaluru,iOS,950,False
UPI100002174,2025-05-22,03:53:07,IDBI Bank,Canara Bank,Google Pay,P2M,447.7,Success,NA,Bengaluru,iOS,550,False
UPI100002175,2025-08-09,19:22:21,IndusInd Bank,Canara Bank,Google Pay,P2M,676.8,Reversed,Duplicate Transaction,Jalandhar,iOS,946,True
UPI100002176,2025-03-20,09:50:11,IDBI Bank,Axis Bank,WhatsApp Pay,Merchant Payment,1284.89,Success,NA,Pune,iOS,162,False
UPI100002177,2025-08-20,09:46:36,Kotak Mahindra,ICICI,Amazon Pay,Merchant Payment,1739.93,Failed,Network Timeout,Amritsar,iOS,1677,False
UPI100002178,2025-02-09,10:14:15,IDBI Bank,Punjab National Bank,Mobikwik,Fund Transfer,2379.78,Success,NA,Delhi,Android,3118,True
UPI100002179,2025-10-05,06:02:27,Axis Bank,ICICI,WhatsApp Pay,P2P,108.77,Success,NA,Amritsar,Android,433,True
UPI100002180,2025-01-27,09:51:40,SBI,SBI,PhonePe,Merchant Payment,956.04,Success,NA,Bengaluru,iOS,1446,False
UPI100002181,2025-11-19,20:36:55,ICICI,SBI,BHIM,Bill Payment,708.84,Failed,Daily Limit Exceeded,Hyderabad,iOS,159,False
UPI100002182,2025-05-21,16:06:27,Yes Bank,SBI,Amazon Pay,Merchant Payment,4529.04,Failed,PSP Server Error,Patiala,Android,229,False
UPI100002183,2025-11-02,08:39:42,IDBI Bank,HDFC,BHIM,Merchant Payment,187.9,Failed,Incorrect UPI PIN,Pune,iOS,75,True
UPI100002184,2025-11-11,10:45:18,HDFC,ICICI,WhatsApp Pay,Fund Transfer,437.32,Failed,Invalid VPA,Pune,iOS,1613,False
UPI100002185,2025-01-31,03:43:36,Canara Bank,Canara Bank,WhatsApp Pay,Merchant Payment,2171.1,Success,NA,Bengaluru,Android,210,False
UPI100002186,2025-10-08,12:22:30,HDFC,Axis Bank,Amazon Pay,P2M,1332.44,Success,NA,Chandigarh,Android,267,False
UPI100002187,2025-03-04,15:55:00,Canara Bank,Bank of Baroda,Google Pay,P2M,107.72,Reversed,Bank Server Down,Bengaluru,Android,384,False
UPI100002188,2025-04-12,12:27:47,Punjab National Bank,Punjab National Bank,Amazon Pay,P2P,1466.36,Success,NA,Hyderabad,iOS,357,True
UPI100002189,2025-05-27,13:33:17,Canara Bank,Punjab National Bank,CRED,Fund Transfer,283.06,Failed,Transaction Timeout,Amritsar,iOS,92,False
UPI100002190,2025-07-14,23:51:53,IDBI Bank,Kotak Mahindra,WhatsApp Pay,Merchant Payment,1983.7,Success,NA,Mumbai,iOS,967,False
UPI100002191,2025-04-07,04:10:14,Axis Bank,Axis Bank,Amazon Pay,Recharge,1346.82,Failed,PSP Server Error,Amritsar,Android,207,False
UPI100002192,2025-09-05,14:26:05,Kotak Mahindra,IDBI Bank,WhatsApp Pay,P2M,495.23,Success,NA,Jalandhar,Android,370,False
UPI100002193,2025-10-01,21:45:47,Kotak Mahindra,Union Bank,Mobikwik,P2P,6689.38,Success,NA,Mumbai,Android,206,False
UPI100002194,2025-02-08,01:57:56,IDBI Bank,IndusInd Bank,Google Pay,P2P,422.29,Success,NA,Jalandhar,Android,1221,True
UPI100002195,2025-02-20,03:30:51,Kotak Mahindra,ICICI,PhonePe,Recharge,187.55,Success,NA,Bengaluru,Android,400,False
UPI100002196,2025-10-18,08:08:08,IDBI Bank,ICICI,BHIM,P2P,2323.58,Failed,Bank Server Down,Delhi,iOS,1335,True
UPI100002197,2025-11-24,01:03:36,ICICI,Yes Bank,WhatsApp Pay,Fund Transfer,46.29,Failed,Duplicate Transaction,Amritsar,Android,940,False
UPI100002198,2025-09-06,22:00:11,Punjab National Bank,Punjab National Bank,Mobikwik,Bill Payment,1009.13,Success,NA,Pune,Android,1278,True
UPI100002199,2025-06-14,15:38:04,Kotak Mahindra,Axis Bank,WhatsApp Pay,Recharge,586.6,Failed,Network Timeout,Amritsar,iOS,177,True
UPI100002200,2025-12-15,04:32:08,Bank of Baroda,Kotak Mahindra,PhonePe,P2P,2546.14,Success,NA,Hyderabad,Android,103,False
UPI100002201,2025-07-06,07:41:17,Union Bank,Yes Bank,BHIM,Recharge,1934.82,Success,NA,Ludhiana,Android,971,True
UPI100002202,2025-10-05,22:10:04,IndusInd Bank,IDBI Bank,Mobikwik,P2P,1916.26,Success,NA,Patiala,Android,492,True
UPI100002203,2025-04-05,13:08:44,Punjab National Bank,Kotak Mahindra,Amazon Pay,Bill Payment,1245.75,Failed,Bank Server Down,Lucknow,iOS,185,True
UPI100002204,2025-12-01,18:29:16,Kotak Mahindra,Punjab National Bank,WhatsApp Pay,Fund Transfer,380.92,Failed,Incorrect UPI PIN,Jaipur,Android,389,False
UPI100002205,2025-04-20,12:17:13,Axis Bank,SBI,WhatsApp Pay,Merchant Payment,97.78,Failed,Insufficient Balance,Chandigarh,iOS,88,True
UPI100002206,2025-02-14,07:17:41,Union Bank,Axis Bank,WhatsApp Pay,P2P,1219.13,Failed,Transaction Timeout,Hyderabad,Android,1922,False
UPI100002207,2025-01-07,15:07:50,Union Bank,Canara Bank,Paytm,P2P,1526.46,Failed,Incorrect UPI PIN,Ahmedabad,iOS,272,False
UPI100002208,2025-12-17,05:56:40,HDFC,IndusInd Bank,PhonePe,P2M,1094.62,Success,NA,Ludhiana,Android,525,False
UPI100002209,2025-01-11,20:25:24,HDFC,Canara Bank,BHIM,Recharge,2177.71,Success,NA,Jalandhar,Android,1187,True
UPI100002210,2025-12-12,18:35:17,ICICI,Punjab National Bank,WhatsApp Pay,Recharge,387.4,Failed,Transaction Timeout,Ahmedabad,Android,779,False
UPI100002211,2025-10-27,05:36:33,Axis Bank,Axis Bank,Google Pay,P2P,2275.05,Success,NA,Amritsar,iOS,502,False
UPI100002212,2025-01-27,00:00:16,Union Bank,Bank of Baroda,CRED,P2M,737.22,Success,NA,Patiala,iOS,555,False
UPI100002213,2025-06-26,00:32:26,Canara Bank,Yes Bank,Amazon Pay,Fund Transfer,546.22,Success,NA,Bengaluru,Android,508,False
UPI100002214,2025-02-09,06:50:01,ICICI,Bank of Baroda,Amazon Pay,P2M,107.82,Success,NA,Chandigarh,Android,610,True
UPI100002215,2025-09-06,12:45:52,Canara Bank,Punjab National Bank,CRED,Recharge,3668.61,Success,NA,Jaipur,Android,146,True
UPI100002216,2025-10-08,17:00:40,Bank of Baroda,Canara Bank,Google Pay,Recharge,1524.83,Failed,Account Blocked/Frozen,Jaipur,Android,3660,False
UPI100002217,2025-12-12,16:31:21,SBI,Union Bank,Amazon Pay,Recharge,1101.6,Failed,Incorrect UPI PIN,Lucknow,iOS,430,False
UPI100002218,2025-12-22,11:34:04,ICICI,Punjab National Bank,CRED,Bill Payment,570.95,Pending,NA,Mumbai,iOS,1003,False
UPI100002219,2025-06-25,12:55:46,SBI,Axis Bank,BHIM,P2M,1272.93,Success,NA,Kolkata,Android,192,False
UPI100002220,2025-03-22,15:24:10,ICICI,Canara Bank,BHIM,Bill Payment,560.61,Success,NA,Ahmedabad,iOS,1605,True
UPI100002221,2025-05-10,01:09:23,Union Bank,IDBI Bank,Google Pay,Recharge,890.79,Success,NA,Amritsar,iOS,73,True
UPI100002222,2025-05-20,11:25:19,Kotak Mahindra,Yes Bank,Google Pay,P2M,143.52,Success,NA,Hyderabad,iOS,249,False
UPI100002223,2025-12-17,19:57:06,Punjab National Bank,IndusInd Bank,BHIM,Recharge,1955.01,Failed,Account Blocked/Frozen,Ludhiana,Android,50,False
UPI100002224,2025-06-30,21:56:01,Bank of Baroda,Yes Bank,Amazon Pay,P2P,914.28,Success,NA,Bengaluru,iOS,183,False
UPI100002225,2025-04-08,06:03:23,Yes Bank,Axis Bank,Paytm,Bill Payment,1066.07,Failed,Account Blocked/Frozen,Patiala,iOS,186,False
UPI100002226,2025-12-30,07:52:35,Punjab National Bank,Bank of Baroda,WhatsApp Pay,Fund Transfer,134.21,Reversed,NPCI Switch Error,Mumbai,Android,369,False
UPI100002227,2025-07-05,13:55:39,Axis Bank,IDBI Bank,BHIM,Recharge,5032.62,Failed,Duplicate Transaction,Mumbai,iOS,2846,True
UPI100002228,2025-06-18,05:46:00,HDFC,Yes Bank,Google Pay,P2M,3991.73,Success,NA,Jaipur,iOS,1201,False
UPI100002229,2025-09-20,16:08:46,Yes Bank,Kotak Mahindra,Paytm,Bill Payment,1413.68,Success,NA,Chandigarh,Android,3791,True
UPI100002230,2025-11-11,02:39:53,Punjab National Bank,IDBI Bank,Paytm,Fund Transfer,940.01,Failed,Transaction Timeout,Hyderabad,iOS,961,False
UPI100002231,2025-10-28,18:50:52,Axis Bank,Bank of Baroda,WhatsApp Pay,Fund Transfer,1129.69,Failed,Transaction Timeout,Jalandhar,iOS,161,False
UPI100002232,2025-12-17,12:03:40,Axis Bank,Bank of Baroda,BHIM,P2P,372.57,Success,NA,Delhi,iOS,187,False
UPI100002233,2025-01-13,02:11:47,Punjab National Bank,SBI,CRED,Fund Transfer,1015.86,Success,NA,Delhi,Android,5924,False
UPI100002234,2025-04-19,22:50:03,Yes Bank,SBI,Google Pay,Fund Transfer,936.34,Reversed,Duplicate Transaction,Kolkata,Android,907,True
UPI100002235,2025-04-16,16:09:04,Canara Bank,ICICI,WhatsApp Pay,P2P,5863.73,Failed,Incorrect UPI PIN,Mumbai,iOS,223,False
UPI100002236,2025-11-28,01:49:46,Canara Bank,Canara Bank,WhatsApp Pay,P2M,2280.62,Reversed,Bank Server Down,Hyderabad,iOS,1033,False
UPI100002237,2025-07-07,21:04:48,Punjab National Bank,Bank of Baroda,WhatsApp Pay,Fund Transfer,82.43,Failed,NPCI Switch Error,Pune,Android,1578,False
UPI100002238,2025-01-03,08:22:53,Kotak Mahindra,ICICI,Google Pay,P2P,1230.15,Failed,PSP Server Error,Ahmedabad,iOS,1933,False
UPI100002239,2025-05-24,21:18:07,ICICI,Bank of Baroda,BHIM,Merchant Payment,1069.56,Success,NA,Pune,Android,407,True
UPI100002240,2025-04-19,05:08:55,HDFC,Bank of Baroda,Paytm,P2P,3035.47,Success,NA,Jalandhar,Android,75,True
UPI100002241,2025-04-02,15:28:24,Yes Bank,ICICI,Google Pay,Merchant Payment,227.94,Failed,Daily Limit Exceeded,Ahmedabad,iOS,330,False
UPI100002242,2025-02-21,14:22:27,Kotak Mahindra,Union Bank,PhonePe,Recharge,729.2,Success,NA,Ahmedabad,iOS,552,False
UPI100002243,2025-04-09,03:54:19,Bank of Baroda,ICICI,CRED,Recharge,150.82,Failed,Bank Server Down,Chandigarh,iOS,312,False
UPI100002244,2025-07-13,02:56:45,Axis Bank,SBI,CRED,Merchant Payment,920.22,Failed,Beneficiary Bank Unavailable,Amritsar,iOS,725,True
UPI100002245,2025-03-16,11:15:58,Punjab National Bank,HDFC,Amazon Pay,Fund Transfer,1406.76,Success,NA,Ahmedabad,Android,428,True
UPI100002246,2025-08-27,01:35:31,Union Bank,Bank of Baroda,Google Pay,P2P,275.06,Success,NA,Hyderabad,Android,3019,False
UPI100002247,2025-03-15,07:13:58,Union Bank,Yes Bank,WhatsApp Pay,Fund Transfer,1887.66,Failed,Incorrect UPI PIN,Delhi,iOS,633,True
UPI100002248,2025-10-23,21:14:48,Canara Bank,Union Bank,PhonePe,P2M,2680.13,Success,NA,Patiala,iOS,616,False
UPI100002249,2025-09-20,23:32:46,SBI,Kotak Mahindra,Amazon Pay,Merchant Payment,1983.79,Failed,Daily Limit Exceeded,Jalandhar,Android,1511,True
UPI100002250,2025-08-25,22:27:26,ICICI,Bank of Baroda,Mobikwik,Bill Payment,4317.08,Success,NA,Ludhiana,Android,154,False
UPI100002251,2025-10-31,10:54:40,IndusInd Bank,SBI,WhatsApp Pay,Bill Payment,2259.95,Pending,NA,Jaipur,iOS,340,False
UPI100002252,2025-09-12,13:34:08,Union Bank,Kotak Mahindra,Paytm,Merchant Payment,2168.05,Success,NA,Pune,Android,1124,False
UPI100002253,2025-11-17,11:11:25,ICICI,ICICI,CRED,Fund Transfer,190.13,Failed,Network Timeout,Delhi,Android,306,False
UPI100002254,2025-05-31,21:06:38,Canara Bank,ICICI,CRED,Bill Payment,1741.45,Success,NA,Jalandhar,Android,455,True
UPI100002255,2025-12-22,12:48:43,Bank of Baroda,Union Bank,PhonePe,P2P,678.88,Success,NA,Bengaluru,iOS,1018,False
UPI100002256,2025-06-12,04:31:58,Union Bank,Bank of Baroda,BHIM,P2P,3341.77,Failed,Incorrect UPI PIN,Amritsar,Android,1012,False
UPI100002257,2025-01-21,14:41:59,Punjab National Bank,SBI,Paytm,Recharge,1160.19,Failed,NPCI Switch Error,Mumbai,Android,1190,False
UPI100002258,2025-12-26,08:11:51,Bank of Baroda,ICICI,Paytm,P2M,519.17,Failed,Incorrect UPI PIN,Mumbai,Android,274,False
UPI100002259,2025-12-25,04:02:05,Axis Bank,Union Bank,PhonePe,P2M,3960.3,Success,NA,Kolkata,iOS,534,False
UPI100002260,2025-02-23,00:40:22,Punjab National Bank,Yes Bank,PhonePe,P2M,2119.55,Pending,NA,Amritsar,iOS,346,True
UPI100002261,2025-03-24,15:26:54,ICICI,Punjab National Bank,PhonePe,Fund Transfer,949.68,Failed,Account Blocked/Frozen,Amritsar,iOS,329,False
UPI100002262,2025-06-29,19:54:16,Kotak Mahindra,IDBI Bank,PhonePe,Merchant Payment,1335.61,Success,NA,Hyderabad,Android,271,True
UPI100002263,2025-08-13,08:02:29,ICICI,SBI,WhatsApp Pay,Merchant Payment,317.47,Success,NA,Amritsar,Android,226,False
UPI100002264,2025-08-13,14:37:26,Kotak Mahindra,Punjab National Bank,Mobikwik,Recharge,3739.18,Failed,Duplicate Transaction,Hyderabad,Android,1259,False
UPI100002265,2025-06-29,01:34:38,HDFC,Bank of Baroda,Amazon Pay,Bill Payment,619.34,Failed,Duplicate Transaction,Lucknow,iOS,891,True
UPI100002266,2025-05-08,22:14:31,SBI,IDBI Bank,Paytm,P2M,862.1,Success,NA,Ahmedabad,iOS,1116,False
UPI100002267,2025-08-01,01:35:25,IndusInd Bank,Axis Bank,Mobikwik,P2M,1776.15,Pending,NA,Ludhiana,iOS,3103,False
UPI100002268,2025-07-19,05:05:54,IndusInd Bank,Union Bank,WhatsApp Pay,P2M,833.09,Failed,NPCI Switch Error,Delhi,Android,1098,True
UPI100002269,2025-01-21,01:24:20,Bank of Baroda,Axis Bank,WhatsApp Pay,Bill Payment,839.26,Success,NA,Jalandhar,iOS,288,False
UPI100002270,2025-08-28,12:37:20,Canara Bank,SBI,Mobikwik,Recharge,3443.2,Success,NA,Patiala,iOS,1028,False
UPI100002271,2025-01-26,16:59:26,IndusInd Bank,SBI,Google Pay,Recharge,572.93,Success,NA,Patiala,Android,372,True
UPI100002272,2025-02-23,11:31:12,SBI,Bank of Baroda,PhonePe,Bill Payment,4625.49,Pending,NA,Patiala,Android,882,True
UPI100002273,2025-02-19,06:33:32,ICICI,IDBI Bank,Amazon Pay,Merchant Payment,57.28,Failed,Transaction Timeout,Ahmedabad,Android,169,False
UPI100002274,2025-05-23,18:02:43,SBI,Union Bank,WhatsApp Pay,Merchant Payment,1906.8,Failed,Beneficiary Bank Unavailable,Kolkata,Android,306,False
UPI100002275,2025-05-20,22:22:53,HDFC,Kotak Mahindra,Google Pay,P2M,412.83,Success,NA,Amritsar,iOS,510,False
UPI100002276,2025-12-24,14:24:54,HDFC,SBI,WhatsApp Pay,Recharge,1017.06,Failed,PSP Server Error,Chandigarh,iOS,3794,False
UPI100002277,2025-10-21,13:42:02,Bank of Baroda,Bank of Baroda,CRED,Fund Transfer,663.55,Failed,Transaction Timeout,Hyderabad,iOS,394,False
UPI100002278,2025-07-01,20:44:41,Kotak Mahindra,IndusInd Bank,PhonePe,Fund Transfer,1043.7,Success,NA,Amritsar,iOS,930,False
UPI100002279,2025-01-28,22:42:41,ICICI,IDBI Bank,CRED,Fund Transfer,982.17,Success,NA,Patiala,iOS,2089,False
UPI100002280,2025-03-02,04:28:08,IndusInd Bank,ICICI,Google Pay,Recharge,2548.62,Failed,Beneficiary Bank Unavailable,Lucknow,iOS,713,True
UPI100002281,2025-10-05,03:22:50,Kotak Mahindra,Punjab National Bank,Paytm,P2M,1261.69,Failed,Beneficiary Bank Unavailable,Hyderabad,iOS,4240,True
UPI100002282,2025-05-31,15:35:53,IDBI Bank,Bank of Baroda,Paytm,P2P,81.65,Failed,Beneficiary Bank Unavailable,Ahmedabad,iOS,1176,True
UPI100002283,2025-06-27,14:31:30,Yes Bank,Punjab National Bank,CRED,Merchant Payment,1048.41,Success,NA,Ahmedabad,Android,1194,False
UPI100002284,2025-08-18,22:26:13,HDFC,ICICI,BHIM,Bill Payment,899.95,Success,NA,Jaipur,iOS,472,False
UPI100002285,2025-10-11,22:45:51,ICICI,Yes Bank,BHIM,Recharge,1560.83,Failed,Bank Server Down,Lucknow,iOS,161,True
UPI100002286,2025-04-03,20:36:14,IDBI Bank,Kotak Mahindra,PhonePe,Recharge,226.62,Success,NA,Lucknow,iOS,1756,False
UPI100002287,2025-02-06,02:17:30,Canara Bank,Union Bank,Mobikwik,Merchant Payment,328.57,Success,NA,Mumbai,Android,69,False
UPI100002288,2025-04-26,00:49:36,ICICI,Canara Bank,CRED,Recharge,1743.54,Success,NA,Jaipur,iOS,1754,True
UPI100002289,2025-05-16,12:45:39,Kotak Mahindra,HDFC,BHIM,Recharge,1120.21,Success,NA,Ludhiana,Android,276,False
UPI100002290,2025-09-17,13:24:56,HDFC,Bank of Baroda,Amazon Pay,P2P,143.29,Failed,Daily Limit Exceeded,Ludhiana,iOS,1566,False
UPI100002291,2025-01-23,20:50:45,IDBI Bank,Punjab National Bank,BHIM,Bill Payment,753.41,Success,NA,Ludhiana,Android,120,False
UPI100002292,2025-05-03,08:15:30,IndusInd Bank,IDBI Bank,Mobikwik,Recharge,1729.91,Failed,Duplicate Transaction,Mumbai,iOS,1072,True
UPI100002293,2025-01-23,15:34:28,HDFC,Canara Bank,PhonePe,Bill Payment,402.19,Success,NA,Ludhiana,Android,138,False
UPI100002294,2025-04-27,02:45:33,IDBI Bank,Canara Bank,PhonePe,Recharge,32.7,Success,NA,Mumbai,Android,294,True
UPI100002295,2025-07-09,15:48:09,Union Bank,Union Bank,BHIM,Fund Transfer,1567.99,Success,NA,Delhi,iOS,1133,False
UPI100002296,2025-10-27,08:48:32,Canara Bank,IndusInd Bank,Amazon Pay,Merchant Payment,4925.9,Failed,Account Blocked/Frozen,Pune,iOS,167,False
UPI100002297,2025-06-22,07:53:56,Punjab National Bank,Kotak Mahindra,WhatsApp Pay,Merchant Payment,16.57,Reversed,Bank Server Down,Jalandhar,iOS,82,True
UPI100002298,2025-11-17,11:06:14,SBI,ICICI,PhonePe,Bill Payment,103.36,Failed,Beneficiary Bank Unavailable,Mumbai,iOS,74,False
UPI100002299,2025-08-08,20:45:55,Union Bank,SBI,PhonePe,Recharge,802.8,Failed,Beneficiary Bank Unavailable,Ludhiana,iOS,382,False
UPI100002300,2025-12-13,23:50:39,SBI,Union Bank,PhonePe,P2M,181.21,Failed,Incorrect UPI PIN,Chandigarh,iOS,548,True
UPI100002301,2025-05-06,22:04:09,Punjab National Bank,Axis Bank,Amazon Pay,Fund Transfer,3394.91,Success,NA,Pune,Android,79,False
UPI100002302,2025-07-14,09:36:48,HDFC,Yes Bank,PhonePe,Merchant Payment,514.9,Failed,Transaction Timeout,Kolkata,Android,141,False
UPI100002303,2025-03-21,05:37:23,HDFC,Kotak Mahindra,BHIM,P2P,637.52,Success,NA,Delhi,iOS,399,False
UPI100002304,2025-06-15,17:44:43,Bank of Baroda,Axis Bank,BHIM,Bill Payment,2107.48,Success,NA,Ahmedabad,Android,683,True
UPI100002305,2025-12-04,09:41:45,Punjab National Bank,IndusInd Bank,CRED,Merchant Payment,1229.94,Success,NA,Chandigarh,iOS,76,False
UPI100002306,2025-07-28,21:48:33,HDFC,Punjab National Bank,Google Pay,P2P,254.48,Success,NA,Jalandhar,iOS,332,False
UPI100002307,2025-05-08,12:43:08,HDFC,Punjab National Bank,BHIM,Bill Payment,1100.89,Success,NA,Mumbai,iOS,299,False
UPI100002308,2025-02-14,17:38:55,HDFC,SBI,BHIM,Bill Payment,1731.96,Success,NA,Ludhiana,Android,217,False
UPI100002309,2025-12-28,22:11:10,Union Bank,Axis Bank,CRED,Merchant Payment,1119.68,Success,NA,Amritsar,Android,2596,True
UPI100002310,2025-11-12,15:25:35,Union Bank,Union Bank,Amazon Pay,P2M,1694.02,Failed,Duplicate Transaction,Amritsar,Android,154,False
UPI100002311,2025-08-19,07:50:10,Yes Bank,Axis Bank,BHIM,Bill Payment,1537.81,Reversed,Duplicate Transaction,Jalandhar,iOS,1908,False
UPI100002312,2025-03-19,12:11:01,Union Bank,Punjab National Bank,Paytm,Recharge,92.21,Success,NA,Hyderabad,Android,1462,False
UPI100002313,2025-02-27,01:30:56,Kotak Mahindra,HDFC,BHIM,Merchant Payment,2107.55,Success,NA,Mumbai,Android,980,False
UPI100002314,2025-05-25,09:47:51,ICICI,Punjab National Bank,CRED,Bill Payment,1983.58,Success,NA,Bengaluru,Android,3155,True
UPI100002315,2025-01-31,10:54:26,HDFC,Axis Bank,Paytm,Recharge,626.43,Pending,NA,Bengaluru,Android,1241,False
UPI100002316,2025-06-04,02:06:30,ICICI,Bank of Baroda,BHIM,Bill Payment,64.09,Success,NA,Patiala,Android,279,False
UPI100002317,2025-01-27,23:23:14,IDBI Bank,Punjab National Bank,Google Pay,Fund Transfer,1485.43,Failed,Duplicate Transaction,Jaipur,iOS,412,False
UPI100002318,2025-05-14,01:35:20,IDBI Bank,Axis Bank,Amazon Pay,P2M,1058.95,Success,NA,Ludhiana,iOS,1107,False
UPI100002319,2025-11-12,15:42:57,Axis Bank,Kotak Mahindra,Amazon Pay,Recharge,5561.5,Pending,NA,Delhi,iOS,1501,False
UPI100002320,2025-03-21,15:48:58,IDBI Bank,ICICI,Google Pay,Fund Transfer,1578.59,Failed,PSP Server Error,Jalandhar,iOS,918,False
UPI100002321,2025-03-17,07:31:40,Bank of Baroda,Yes Bank,Mobikwik,Fund Transfer,587.76,Success,NA,Bengaluru,iOS,403,False
UPI100002322,2025-01-09,22:19:56,Bank of Baroda,SBI,Google Pay,Bill Payment,210.5,Success,NA,Jaipur,Android,202,False
UPI100002323,2025-03-12,19:53:07,Yes Bank,Axis Bank,Google Pay,Fund Transfer,365.14,Failed,Daily Limit Exceeded,Chandigarh,Android,2943,False
UPI100002324,2025-08-02,02:18:58,Punjab National Bank,Canara Bank,WhatsApp Pay,Fund Transfer,3824.45,Success,NA,Ludhiana,Android,319,True
UPI100002325,2025-01-06,17:51:02,SBI,Canara Bank,BHIM,P2P,2214.77,Success,NA,Pune,Android,1300,False
UPI100002326,2025-02-16,22:17:00,Yes Bank,HDFC,CRED,Bill Payment,4546.37,Failed,Beneficiary Bank Unavailable,Amritsar,Android,1611,True
UPI100002327,2025-05-01,20:42:08,Punjab National Bank,Canara Bank,Google Pay,P2M,460.4,Success,NA,Delhi,Android,350,False
UPI100002328,2025-05-26,11:42:34,Yes Bank,Canara Bank,Amazon Pay,Fund Transfer,1192.32,Failed,Duplicate Transaction,Jalandhar,iOS,745,False
UPI100002329,2025-05-13,21:31:21,Kotak Mahindra,IDBI Bank,PhonePe,Bill Payment,95.82,Pending,NA,Bengaluru,iOS,160,False
UPI100002330,2025-10-12,14:52:17,Bank of Baroda,SBI,Amazon Pay,P2M,3025.93,Success,NA,Patiala,Android,123,True
UPI100002331,2025-11-25,11:16:55,Axis Bank,Bank of Baroda,Google Pay,Fund Transfer,1079.65,Success,NA,Amritsar,iOS,579,False
UPI100002332,2025-10-14,15:49:54,Canara Bank,Canara Bank,WhatsApp Pay,Merchant Payment,1585.43,Failed,Account Blocked/Frozen,Ahmedabad,iOS,243,False
UPI100002333,2025-09-18,22:49:18,SBI,Punjab National Bank,CRED,P2P,401.79,Failed,PSP Server Error,Kolkata,Android,361,False
UPI100002334,2025-06-11,20:20:06,Bank of Baroda,Bank of Baroda,Amazon Pay,P2P,1809.05,Failed,Account Blocked/Frozen,Ahmedabad,Android,62,False
UPI100002335,2025-10-27,23:21:16,Punjab National Bank,Union Bank,BHIM,Bill Payment,2045.51,Failed,Incorrect UPI PIN,Ahmedabad,iOS,662,False
UPI100002336,2025-08-30,16:30:32,Punjab National Bank,Punjab National Bank,Google Pay,Merchant Payment,1997.04,Success,NA,Jalandhar,Android,1905,True
UPI100002337,2025-07-15,14:54:09,SBI,IDBI Bank,WhatsApp Pay,P2P,1829.72,Failed,Insufficient Balance,Chandigarh,iOS,1854,False
UPI100002338,2025-03-14,02:40:07,Yes Bank,Bank of Baroda,PhonePe,P2P,1367.84,Success,NA,Jaipur,iOS,460,False
UPI100002339,2025-02-15,19:31:18,IndusInd Bank,IndusInd Bank,Amazon Pay,Merchant Payment,1881.92,Success,NA,Jalandhar,Android,177,True
UPI100002340,2025-01-10,10:26:29,Axis Bank,Union Bank,WhatsApp Pay,Merchant Payment,249.32,Failed,Bank Server Down,Ahmedabad,iOS,1925,False
UPI100002341,2025-01-20,16:21:36,IDBI Bank,IDBI Bank,PhonePe,Bill Payment,3146.16,Failed,NPCI Switch Error,Chandigarh,Android,1489,False
UPI100002342,2025-03-09,01:38:42,Canara Bank,Yes Bank,Amazon Pay,P2P,605.08,Success,NA,Ahmedabad,iOS,1242,True
UPI100002343,2025-07-18,14:33:04,Bank of Baroda,Punjab National Bank,PhonePe,Merchant Payment,3252.02,Success,NA,Jaipur,iOS,192,False
UPI100002344,2025-06-17,19:25:15,Axis Bank,Canara Bank,CRED,Recharge,1116.54,Failed,Duplicate Transaction,Ludhiana,Android,1369,False
UPI100002345,2025-05-02,00:13:52,ICICI,IndusInd Bank,Amazon Pay,Recharge,1288.85,Reversed,Duplicate Transaction,Kolkata,Android,126,False
UPI100002346,2025-02-09,17:42:17,IndusInd Bank,ICICI,CRED,Recharge,2885.47,Success,NA,Mumbai,Android,314,True
UPI100002347,2025-06-22,20:26:48,Punjab National Bank,Bank of Baroda,Google Pay,P2M,706.82,Failed,PSP Server Error,Mumbai,Android,1341,True
UPI100002348,2025-02-18,18:35:11,IndusInd Bank,Union Bank,Paytm,P2P,208.06,Success,NA,Delhi,Android,219,False
UPI100002349,2025-07-16,05:09:00,IDBI Bank,IDBI Bank,Mobikwik,Bill Payment,2452.73,Success,NA,Lucknow,iOS,2000,False
UPI100002350,2025-05-04,17:23:32,HDFC,Canara Bank,Amazon Pay,P2M,1142.04,Failed,Incorrect UPI PIN,Pune,iOS,895,True
UPI100002351,2025-02-28,09:00:01,Canara Bank,Bank of Baroda,PhonePe,P2P,200.73,Failed,Insufficient Balance,Delhi,iOS,762,False
UPI100002352,2025-09-20,07:18:48,Kotak Mahindra,Axis Bank,Amazon Pay,Bill Payment,322.43,Reversed,Bank Server Down,Chandigarh,Android,975,True
UPI100002353,2025-06-29,16:24:11,Axis Bank,Canara Bank,BHIM,Merchant Payment,1105.82,Success,NA,Mumbai,iOS,2623,True
UPI100002354,2025-02-01,22:02:27,HDFC,ICICI,WhatsApp Pay,Bill Payment,118.55,Failed,Daily Limit Exceeded,Chandigarh,iOS,2134,True
UPI100002355,2025-03-13,14:52:45,ICICI,ICICI,Paytm,Bill Payment,10131.08,Failed,Beneficiary Bank Unavailable,Pune,iOS,260,False
UPI100002356,2025-06-03,15:31:18,Axis Bank,Canara Bank,Mobikwik,Fund Transfer,1036.4,Success,NA,Bengaluru,Android,1143,False
UPI100002357,2025-04-21,14:35:45,SBI,HDFC,CRED,P2M,2677.2,Success,NA,Chandigarh,iOS,167,False
UPI100002358,2025-04-08,07:47:02,IndusInd Bank,Kotak Mahindra,Mobikwik,Merchant Payment,996.36,Reversed,Duplicate Transaction,Ludhiana,iOS,970,False
UPI100002359,2025-01-20,17:58:05,Union Bank,IndusInd Bank,Mobikwik,P2M,174.62,Failed,NPCI Switch Error,Hyderabad,iOS,588,False
UPI100002360,2025-02-15,07:18:48,Canara Bank,Bank of Baroda,WhatsApp Pay,Bill Payment,329.42,Success,NA,Bengaluru,Android,374,True
UPI100002361,2025-03-17,05:48:17,Canara Bank,ICICI,WhatsApp Pay,Merchant Payment,120.28,Failed,PSP Server Error,Jalandhar,Android,1086,False
UPI100002362,2025-05-19,16:54:34,Bank of Baroda,IDBI Bank,Amazon Pay,Merchant Payment,676.18,Pending,NA,Patiala,iOS,985,False
UPI100002363,2025-07-06,09:37:06,Canara Bank,ICICI,Amazon Pay,Merchant Payment,41.47,Success,NA,Hyderabad,iOS,201,True
UPI100002364,2025-01-02,11:14:19,Punjab National Bank,IndusInd Bank,BHIM,P2P,277.13,Success,NA,Bengaluru,iOS,325,False
UPI100002365,2025-09-16,05:13:02,IDBI Bank,Union Bank,Mobikwik,Merchant Payment,1692.25,Success,NA,Kolkata,Android,858,False
UPI100002366,2025-10-22,07:27:30,Union Bank,Union Bank,BHIM,Merchant Payment,679.76,Success,NA,Lucknow,iOS,3205,False
UPI100002367,2025-04-01,20:40:23,Canara Bank,HDFC,WhatsApp Pay,Merchant Payment,173.94,Pending,NA,Pune,Android,730,False
UPI100002368,2025-06-29,09:29:21,Axis Bank,Canara Bank,PhonePe,P2P,1820.67,Success,NA,Chandigarh,iOS,272,True
UPI100002369,2025-12-30,11:39:01,Bank of Baroda,Canara Bank,Paytm,Bill Payment,1849.16,Success,NA,Kolkata,Android,112,False
UPI100002370,2025-12-09,07:24:09,Punjab National Bank,Axis Bank,WhatsApp Pay,P2P,1347.89,Failed,Invalid VPA,Jalandhar,iOS,349,False
UPI100002371,2025-11-22,11:11:13,Axis Bank,Kotak Mahindra,Amazon Pay,Fund Transfer,523.94,Failed,Daily Limit Exceeded,Bengaluru,iOS,666,True
UPI100002372,2025-03-21,06:24:51,SBI,IDBI Bank,Mobikwik,P2P,2717.6,Success,NA,Bengaluru,iOS,73,False
UPI100002373,2025-04-09,20:39:58,Canara Bank,Union Bank,BHIM,Merchant Payment,4347.46,Failed,Daily Limit Exceeded,Jaipur,Android,1063,False
UPI100002374,2025-09-06,17:29:47,Union Bank,Canara Bank,CRED,Fund Transfer,217.97,Success,NA,Bengaluru,iOS,929,True
UPI100002375,2025-06-15,03:23:48,Axis Bank,HDFC,Google Pay,Fund Transfer,1389.13,Success,NA,Jalandhar,iOS,804,True
UPI100002376,2025-01-28,10:57:21,Axis Bank,Axis Bank,BHIM,Merchant Payment,854.65,Success,NA,Pune,Android,911,False
UPI100002377,2025-12-18,04:50:28,IDBI Bank,Kotak Mahindra,Mobikwik,Bill Payment,3003.24,Failed,NPCI Switch Error,Jaipur,Android,93,False
UPI100002378,2025-05-22,07:06:19,Bank of Baroda,Union Bank,CRED,P2P,297.59,Failed,Beneficiary Bank Unavailable,Patiala,iOS,604,False
UPI100002379,2025-11-07,09:17:15,SBI,Punjab National Bank,Google Pay,P2P,810.48,Success,NA,Kolkata,Android,1514,False
UPI100002380,2025-03-13,13:19:55,HDFC,Bank of Baroda,PhonePe,Merchant Payment,2834.44,Failed,Network Timeout,Pune,Android,368,False
UPI100002381,2025-04-06,10:35:48,Yes Bank,SBI,BHIM,Recharge,1115.78,Success,NA,Mumbai,Android,1053,True
UPI100002382,2025-06-30,12:47:52,Punjab National Bank,Union Bank,PhonePe,P2M,867.62,Failed,Beneficiary Bank Unavailable,Hyderabad,iOS,1198,False
UPI100002383,2025-09-20,00:36:54,IndusInd Bank,Bank of Baroda,WhatsApp Pay,Merchant Payment,283.7,Pending,NA,Ludhiana,Android,761,True
UPI100002384,2025-03-16,11:01:48,IndusInd Bank,ICICI,Google Pay,P2P,1465.81,Failed,Incorrect UPI PIN,Amritsar,iOS,741,True
UPI100002385,2025-03-22,02:15:27,Union Bank,Bank of Baroda,CRED,Recharge,285.04,Failed,Invalid VPA,Ludhiana,Android,850,True
UPI100002386,2025-05-05,18:03:14,Punjab National Bank,ICICI,Paytm,Bill Payment,322.64,Failed,Account Blocked/Frozen,Jaipur,Android,582,False
UPI100002387,2025-06-20,21:20:03,HDFC,IDBI Bank,Google Pay,Fund Transfer,1136.63,Failed,Beneficiary Bank Unavailable,Mumbai,iOS,4418,False
UPI100002388,2025-08-11,23:30:44,IndusInd Bank,Canara Bank,Paytm,Bill Payment,2940.5,Failed,Invalid VPA,Hyderabad,Android,601,False
UPI100002389,2025-03-04,00:57:43,IDBI Bank,Yes Bank,Google Pay,Merchant Payment,955.01,Success,NA,Ahmedabad,iOS,364,False
UPI100002390,2025-04-04,10:21:55,Bank of Baroda,Kotak Mahindra,Paytm,P2P,1925.09,Success,NA,Ahmedabad,Android,261,False
UPI100002391,2025-01-08,12:07:34,Union Bank,Union Bank,CRED,Bill Payment,655.72,Success,NA,Mumbai,iOS,254,False
UPI100002392,2025-12-01,13:03:13,SBI,ICICI,Amazon Pay,Fund Transfer,2147.9,Success,NA,Patiala,Android,120,False
UPI100002393,2025-04-01,04:38:42,SBI,Yes Bank,Paytm,Merchant Payment,2782.75,Reversed,Bank Server Down,Lucknow,iOS,783,False
UPI100002394,2025-01-28,08:21:33,Punjab National Bank,ICICI,PhonePe,P2M,193.17,Failed,Duplicate Transaction,Lucknow,Android,530,False
UPI100002395,2025-06-02,01:48:31,Kotak Mahindra,Union Bank,Google Pay,P2M,1870.28,Success,NA,Mumbai,Android,1051,False
UPI100002396,2025-05-07,17:57:22,HDFC,HDFC,CRED,P2P,3892.89,Failed,Insufficient Balance,Ludhiana,Android,301,False
UPI100002397,2025-07-29,15:38:30,ICICI,Union Bank,BHIM,P2M,165.23,Failed,PSP Server Error,Pune,iOS,156,False
UPI100002398,2025-03-03,21:29:24,Punjab National Bank,IDBI Bank,Paytm,Fund Transfer,1091.54,Failed,Beneficiary Bank Unavailable,Jaipur,iOS,123,False
UPI100002399,2025-03-15,00:39:13,Bank of Baroda,IDBI Bank,Paytm,Fund Transfer,1144.57,Failed,Incorrect UPI PIN,Jaipur,Android,121,True
UPI100002400,2025-09-13,09:38:43,Union Bank,HDFC,BHIM,Recharge,630.94,Success,NA,Lucknow,Android,1107,True
UPI100002401,2025-12-15,16:14:46,Axis Bank,Axis Bank,Google Pay,Merchant Payment,4508.66,Failed,Beneficiary Bank Unavailable,Amritsar,Android,1120,False
UPI100002402,2025-10-09,17:12:37,Union Bank,IDBI Bank,WhatsApp Pay,P2M,2517.8,Success,NA,Lucknow,iOS,127,False
UPI100002403,2025-10-03,11:37:22,ICICI,IDBI Bank,Mobikwik,Bill Payment,185.03,Success,NA,Patiala,iOS,260,False
UPI100002404,2025-03-07,21:52:15,Bank of Baroda,ICICI,Paytm,P2P,228.08,Success,NA,Ahmedabad,Android,774,False
UPI100002405,2025-07-04,07:15:11,Canara Bank,Union Bank,Amazon Pay,Merchant Payment,1773.3,Failed,Invalid VPA,Bengaluru,iOS,193,False
UPI100002406,2025-03-24,12:37:54,IndusInd Bank,Bank of Baroda,Amazon Pay,Merchant Payment,3802.04,Success,NA,Kolkata,iOS,1611,False
UPI100002407,2025-07-19,13:34:06,Punjab National Bank,Union Bank,Google Pay,Bill Payment,3961.46,Pending,NA,Patiala,iOS,300,True
UPI100002408,2025-07-28,07:46:01,Yes Bank,IDBI Bank,PhonePe,Recharge,2138.2,Success,NA,Jalandhar,iOS,2418,False
UPI100002409,2025-08-18,12:13:43,Punjab National Bank,IDBI Bank,Mobikwik,P2P,2481.93,Failed,Duplicate Transaction,Pune,Android,1900,False
UPI100002410,2025-05-30,12:24:56,ICICI,Union Bank,Paytm,Fund Transfer,888.65,Failed,Invalid VPA,Ludhiana,iOS,1506,False
UPI100002411,2025-11-07,13:50:23,Union Bank,Kotak Mahindra,Google Pay,Bill Payment,2228.77,Success,NA,Chandigarh,iOS,1182,False
UPI100002412,2025-12-19,20:52:25,HDFC,ICICI,Mobikwik,Fund Transfer,118.46,Failed,PSP Server Error,Pune,iOS,315,False
UPI100002413,2025-05-14,13:39:45,SBI,ICICI,Google Pay,Merchant Payment,588.13,Failed,Bank Server Down,Chandigarh,iOS,439,False
UPI100002414,2025-12-14,23:06:16,Canara Bank,IndusInd Bank,Google Pay,Bill Payment,180.55,Success,NA,Hyderabad,iOS,1080,True
UPI100002415,2025-10-24,23:19:04,ICICI,Yes Bank,PhonePe,Recharge,1309.93,Failed,Invalid VPA,Jalandhar,iOS,230,False
UPI100002416,2025-11-06,21:17:09,SBI,HDFC,Google Pay,Fund Transfer,463.09,Pending,NA,Ahmedabad,iOS,893,False
UPI100002417,2025-07-18,15:31:23,IndusInd Bank,Union Bank,Paytm,P2P,2054.34,Reversed,NPCI Switch Error,Chandigarh,Android,2944,False
UPI100002418,2025-03-13,13:47:42,Punjab National Bank,ICICI,Mobikwik,P2M,584.01,Failed,Transaction Timeout,Mumbai,iOS,866,False
UPI100002419,2025-07-12,04:54:34,Union Bank,HDFC,WhatsApp Pay,Fund Transfer,1771.22,Success,NA,Kolkata,iOS,194,True
UPI100002420,2025-11-24,14:14:59,Union Bank,Yes Bank,WhatsApp Pay,Fund Transfer,1071.52,Failed,Beneficiary Bank Unavailable,Bengaluru,Android,561,False
UPI100002421,2025-12-20,04:07:56,Bank of Baroda,IndusInd Bank,CRED,Recharge,4335.39,Reversed,Bank Server Down,Jalandhar,Android,885,True
UPI100002422,2025-03-06,15:14:00,SBI,Canara Bank,PhonePe,Fund Transfer,92.41,Failed,NPCI Switch Error,Jaipur,iOS,957,False
UPI100002423,2025-01-26,00:13:17,HDFC,Bank of Baroda,Paytm,Bill Payment,2674.54,Success,NA,Hyderabad,iOS,719,True
UPI100002424,2025-09-28,14:03:35,ICICI,Bank of Baroda,Mobikwik,Bill Payment,1046.71,Success,NA,Lucknow,iOS,164,True
UPI100002425,2025-05-13,06:43:47,Punjab National Bank,Union Bank,Google Pay,Recharge,4537.8,Success,NA,Jaipur,iOS,374,False
UPI100002426,2025-09-03,05:15:04,Yes Bank,Kotak Mahindra,Mobikwik,Recharge,304.05,Success,NA,Pune,Android,1356,False
UPI100002427,2025-04-28,21:52:11,ICICI,Axis Bank,WhatsApp Pay,P2M,3891.84,Failed,Insufficient Balance,Chandigarh,iOS,866,False
UPI100002428,2025-09-29,12:37:27,ICICI,Punjab National Bank,Paytm,Fund Transfer,2982.73,Failed,Account Blocked/Frozen,Ahmedabad,iOS,810,False
UPI100002429,2025-03-23,01:46:17,Canara Bank,Kotak Mahindra,WhatsApp Pay,Bill Payment,1557.28,Success,NA,Mumbai,iOS,697,True
UPI100002430,2025-02-26,00:58:18,IndusInd Bank,Bank of Baroda,WhatsApp Pay,Merchant Payment,79.71,Failed,Bank Server Down,Ahmedabad,Android,750,False
UPI100002431,2025-05-10,16:37:09,Canara Bank,Canara Bank,Paytm,P2M,870.08,Success,NA,Delhi,iOS,415,True
UPI100002432,2025-02-01,06:08:25,ICICI,Yes Bank,PhonePe,Merchant Payment,1859.55,Failed,Beneficiary Bank Unavailable,Pune,Android,70,True
UPI100002433,2025-02-16,12:13:17,Punjab National Bank,Canara Bank,CRED,Bill Payment,2921.36,Success,NA,Lucknow,Android,3407,True
UPI100002434,2025-02-28,20:48:18,ICICI,Kotak Mahindra,BHIM,Bill Payment,1526.5,Success,NA,Jaipur,Android,264,False
UPI100002435,2025-03-24,04:59:02,Union Bank,Union Bank,Amazon Pay,Recharge,565.53,Success,NA,Lucknow,iOS,1255,False
UPI100002436,2025-07-11,12:58:25,Bank of Baroda,Kotak Mahindra,PhonePe,Recharge,5621.62,Failed,Daily Limit Exceeded,Chandigarh,iOS,116,False
UPI100002437,2025-12-25,06:04:23,Axis Bank,IDBI Bank,Mobikwik,Recharge,317.98,Success,NA,Jaipur,iOS,440,False
UPI100002438,2025-08-11,14:23:12,Bank of Baroda,IndusInd Bank,CRED,Fund Transfer,506.17,Failed,Duplicate Transaction,Delhi,iOS,832,False
UPI100002439,2025-10-30,21:06:19,Yes Bank,Canara Bank,PhonePe,P2M,4174.59,Success,NA,Mumbai,Android,326,False
UPI100002440,2025-08-31,18:52:46,Kotak Mahindra,Punjab National Bank,Mobikwik,P2P,2700.92,Success,NA,Delhi,iOS,1586,True
UPI100002441,2025-02-10,06:43:08,Kotak Mahindra,ICICI,BHIM,Merchant Payment,729.94,Success,NA,Ludhiana,iOS,770,False
UPI100002442,2025-05-19,19:22:06,Bank of Baroda,Canara Bank,PhonePe,Bill Payment,1372.44,Success,NA,Lucknow,Android,368,False
UPI100002443,2025-01-07,17:18:55,Canara Bank,IndusInd Bank,WhatsApp Pay,P2M,239.71,Pending,NA,Ahmedabad,Android,899,False
UPI100002444,2025-02-04,05:53:18,Punjab National Bank,IndusInd Bank,Google Pay,P2M,395.92,Failed,Account Blocked/Frozen,Ahmedabad,Android,286,False
UPI100002445,2025-09-27,21:21:55,Punjab National Bank,Axis Bank,BHIM,Merchant Payment,2532.34,Success,NA,Delhi,iOS,365,True
UPI100002446,2025-02-06,11:36:53,Union Bank,Canara Bank,CRED,Recharge,483.59,Failed,Daily Limit Exceeded,Jalandhar,Android,1400,False
UPI100002447,2025-10-27,11:06:10,Punjab National Bank,Canara Bank,CRED,P2M,899.04,Pending,NA,Delhi,iOS,371,False
UPI100002448,2025-08-27,05:32:38,IDBI Bank,IDBI Bank,Paytm,Bill Payment,671.87,Pending,NA,Amritsar,Android,310,False
UPI100002449,2025-09-14,12:27:54,Kotak Mahindra,Bank of Baroda,Google Pay,Recharge,1058.88,Success,NA,Kolkata,Android,219,True
UPI100002450,2025-06-09,10:16:03,Yes Bank,SBI,Amazon Pay,Bill Payment,1589.75,Success,NA,Patiala,iOS,1342,False
UPI100002451,2025-09-14,06:01:56,ICICI,Union Bank,BHIM,P2P,5246.35,Reversed,Bank Server Down,Delhi,iOS,176,True
UPI100002452,2025-10-14,23:35:35,Bank of Baroda,HDFC,Google Pay,P2P,246.22,Failed,NPCI Switch Error,Delhi,Android,302,False
UPI100002453,2025-10-29,22:10:52,Canara Bank,Kotak Mahindra,PhonePe,P2P,935.34,Success,NA,Bengaluru,iOS,282,False
UPI100002454,2025-10-23,09:19:06,Axis Bank,Axis Bank,Paytm,P2M,4128.93,Success,NA,Delhi,iOS,426,False
UPI100002455,2025-09-19,17:23:14,SBI,IDBI Bank,Mobikwik,P2M,876.28,Success,NA,Patiala,Android,971,False
UPI100002456,2025-11-22,06:57:20,HDFC,Kotak Mahindra,PhonePe,Recharge,546.15,Failed,Network Timeout,Lucknow,Android,296,True
UPI100002457,2025-10-22,17:50:37,Bank of Baroda,IDBI Bank,Paytm,P2P,572.17,Success,NA,Chandigarh,iOS,456,False
UPI100002458,2025-09-27,08:18:27,Canara Bank,IDBI Bank,Mobikwik,Recharge,390.31,Success,NA,Kolkata,Android,1191,True
UPI100002459,2025-01-17,00:27:26,Canara Bank,Canara Bank,Mobikwik,Fund Transfer,843.9,Pending,NA,Jaipur,iOS,912,False
UPI100002460,2025-06-05,06:09:48,Axis Bank,Axis Bank,WhatsApp Pay,Bill Payment,360.33,Success,NA,Jalandhar,iOS,1823,False
UPI100002461,2025-09-02,23:19:45,IDBI Bank,HDFC,Amazon Pay,Recharge,1200.83,Pending,NA,Bengaluru,iOS,628,False
UPI100002462,2025-08-25,18:52:37,HDFC,IDBI Bank,CRED,P2P,157.74,Success,NA,Hyderabad,iOS,441,False
UPI100002463,2025-02-27,05:24:19,IDBI Bank,HDFC,Paytm,Recharge,1066.55,Failed,Transaction Timeout,Lucknow,Android,1336,False
UPI100002464,2025-05-09,07:58:55,Axis Bank,Union Bank,PhonePe,P2P,2954.54,Reversed,NPCI Switch Error,Ludhiana,iOS,2060,False
UPI100002465,2025-07-20,19:18:33,Punjab National Bank,Yes Bank,Paytm,Recharge,591.62,Pending,NA,Bengaluru,Android,330,True
UPI100002466,2025-12-04,04:11:32,Punjab National Bank,Axis Bank,Mobikwik,Bill Payment,458.67,Pending,NA,Jalandhar,Android,166,False
UPI100002467,2025-06-10,20:48:21,Kotak Mahindra,SBI,BHIM,Fund Transfer,2814.22,Success,NA,Amritsar,iOS,1531,False
UPI100002468,2025-08-23,07:52:39,Punjab National Bank,Bank of Baroda,PhonePe,Recharge,2937.16,Success,NA,Delhi,iOS,356,True
UPI100002469,2025-11-12,13:49:01,IDBI Bank,IDBI Bank,Amazon Pay,Fund Transfer,142.41,Failed,Duplicate Transaction,Jaipur,iOS,162,False
UPI100002470,2025-12-03,23:24:53,IDBI Bank,Axis Bank,PhonePe,P2P,1015.52,Failed,Incorrect UPI PIN,Amritsar,iOS,116,False
UPI100002471,2025-06-27,06:34:25,Bank of Baroda,IndusInd Bank,Amazon Pay,Fund Transfer,450.71,Failed,PSP Server Error,Jalandhar,Android,4202,False
UPI100002472,2025-04-16,18:52:47,Yes Bank,HDFC,CRED,Recharge,1778.49,Reversed,NPCI Switch Error,Kolkata,iOS,1226,False
UPI100002473,2025-02-16,03:54:00,Bank of Baroda,Union Bank,CRED,P2P,1148.99,Failed,Duplicate Transaction,Mumbai,iOS,485,True
UPI100002474,2025-09-11,02:24:59,HDFC,Punjab National Bank,WhatsApp Pay,Bill Payment,120.33,Failed,Bank Server Down,Jalandhar,iOS,1810,False
UPI100002475,2025-04-30,23:19:16,ICICI,Kotak Mahindra,Google Pay,P2P,12.13,Success,NA,Lucknow,Android,79,False
UPI100002476,2025-04-17,05:35:10,Canara Bank,SBI,PhonePe,P2M,4608.78,Failed,Daily Limit Exceeded,Pune,iOS,463,False
UPI100002477,2025-12-06,11:06:32,IndusInd Bank,Yes Bank,CRED,Fund Transfer,696.82,Failed,Transaction Timeout,Lucknow,Android,804,True
UPI100002478,2025-03-28,20:10:19,Yes Bank,Union Bank,Mobikwik,Recharge,1246.76,Failed,Incorrect UPI PIN,Kolkata,Android,2333,False
UPI100002479,2025-04-05,17:29:37,Kotak Mahindra,Kotak Mahindra,Google Pay,Recharge,5869.88,Failed,Incorrect UPI PIN,Ludhiana,Android,252,True
UPI100002480,2025-12-18,04:29:46,Canara Bank,Union Bank,PhonePe,P2P,713.73,Pending,NA,Mumbai,Android,663,False
UPI100002481,2025-03-24,21:07:31,HDFC,IndusInd Bank,Google Pay,Merchant Payment,959.31,Success,NA,Jaipur,Android,469,False
UPI100002482,2025-06-25,11:22:43,Canara Bank,SBI,Google Pay,Merchant Payment,4997.53,Success,NA,Ahmedabad,Android,1017,False
UPI100002483,2025-04-27,07:09:38,Kotak Mahindra,Kotak Mahindra,WhatsApp Pay,Merchant Payment,689.29,Success,NA,Ludhiana,Android,848,True
UPI100002484,2025-05-25,01:16:56,Axis Bank,Punjab National Bank,PhonePe,Fund Transfer,1411.25,Success,NA,Kolkata,Android,308,True
UPI100002485,2025-05-04,14:53:23,IndusInd Bank,IndusInd Bank,Amazon Pay,Merchant Payment,134.98,Success,NA,Chandigarh,Android,388,True
UPI100002486,2025-07-26,23:09:24,Punjab National Bank,ICICI,Paytm,P2P,1386.49,Failed,PSP Server Error,Kolkata,iOS,338,True
UPI100002487,2025-04-02,12:52:03,Union Bank,IndusInd Bank,CRED,Merchant Payment,89.47,Failed,NPCI Switch Error,Chandigarh,iOS,118,False
UPI100002488,2025-02-08,11:01:18,Kotak Mahindra,ICICI,WhatsApp Pay,Fund Transfer,819.36,Success,NA,Jaipur,iOS,1283,True
UPI100002489,2025-02-04,11:23:16,HDFC,SBI,Google Pay,Bill Payment,5389.41,Failed,NPCI Switch Error,Bengaluru,iOS,213,False
UPI100002490,2025-03-10,03:27:18,Yes Bank,SBI,WhatsApp Pay,Merchant Payment,719.25,Failed,Duplicate Transaction,Jalandhar,Android,200,False
UPI100002491,2025-07-22,23:27:34,Axis Bank,SBI,PhonePe,P2P,210.13,Success,NA,Pune,iOS,304,False
UPI100002492,2025-12-27,19:01:23,IDBI Bank,IndusInd Bank,CRED,Bill Payment,1630.67,Success,NA,Delhi,Android,849,True
UPI100002493,2025-11-02,20:41:39,Axis Bank,Canara Bank,Google Pay,Recharge,2021.31,Reversed,NPCI Switch Error,Kolkata,Android,94,True
UPI100002494,2025-05-21,21:48:21,Yes Bank,ICICI,CRED,P2P,2367.03,Failed,Invalid VPA,Jalandhar,iOS,3238,False
UPI100002495,2025-04-22,04:53:42,ICICI,Kotak Mahindra,Google Pay,Bill Payment,1213.26,Failed,Invalid VPA,Pune,Android,2502,False
UPI100002496,2025-09-21,11:06:29,Bank of Baroda,ICICI,Amazon Pay,Recharge,955.46,Success,NA,Delhi,iOS,2579,True
UPI100002497,2025-10-22,16:06:28,ICICI,Kotak Mahindra,BHIM,Fund Transfer,2102.72,Failed,Duplicate Transaction,Lucknow,iOS,1225,False
UPI100002498,2025-07-21,14:03:47,Union Bank,Kotak Mahindra,BHIM,Recharge,730.05,Success,NA,Pune,iOS,241,False
UPI100002499,2025-05-06,20:31:32,Kotak Mahindra,Canara Bank,Mobikwik,Bill Payment,1559.4,Reversed,NPCI Switch Error,Jalandhar,Android,58,False
UPI100002500,2025-03-14,05:38:56,SBI,ICICI,Amazon Pay,P2P,3567.19,Failed,Bank Server Down,Delhi,Android,737,False
UPI100002501,2025-09-14,18:58:54,Axis Bank,Axis Bank,Google Pay,P2P,720.01,Failed,Network Timeout,Lucknow,iOS,433,True
UPI100002502,2025-05-10,04:25:25,Punjab National Bank,Canara Bank,CRED,P2P,1177.8,Success,NA,Chandigarh,Android,366,True
UPI100002503,2025-06-03,23:47:23,Axis Bank,IndusInd Bank,Mobikwik,Merchant Payment,7445.29,Success,NA,Pune,Android,1044,False
UPI100002504,2025-04-15,17:05:13,Bank of Baroda,HDFC,WhatsApp Pay,Merchant Payment,1761.43,Failed,Incorrect UPI PIN,Ahmedabad,iOS,1237,False
UPI100002505,2025-11-07,12:51:33,Punjab National Bank,Bank of Baroda,BHIM,Merchant Payment,1444.96,Failed,PSP Server Error,Delhi,iOS,2223,False
UPI100002506,2025-10-08,17:21:25,Canara Bank,Union Bank,Amazon Pay,P2M,713.42,Failed,Bank Server Down,Bengaluru,Android,157,False
UPI100002507,2025-08-28,16:00:35,SBI,HDFC,Mobikwik,P2P,2538.68,Success,NA,Delhi,iOS,52,False
UPI100002508,2025-07-31,11:52:39,Kotak Mahindra,HDFC,Amazon Pay,Recharge,988.09,Failed,Daily Limit Exceeded,Chandigarh,iOS,314,False
UPI100002509,2025-08-08,20:56:46,Axis Bank,SBI,WhatsApp Pay,Bill Payment,2554.31,Success,NA,Bengaluru,iOS,1295,False
UPI100002510,2025-11-25,10:08:50,SBI,IndusInd Bank,Paytm,Bill Payment,637.24,Failed,Insufficient Balance,Ahmedabad,iOS,375,False
UPI100002511,2025-03-26,01:55:32,Kotak Mahindra,HDFC,Google Pay,P2M,68.26,Pending,NA,Jaipur,iOS,4717,False
UPI100002512,2025-08-16,09:32:46,IDBI Bank,Yes Bank,CRED,P2M,1150.96,Failed,Network Timeout,Amritsar,iOS,83,True
UPI100002513,2025-11-02,02:59:56,IndusInd Bank,Axis Bank,Mobikwik,P2P,855.28,Pending,NA,Kolkata,iOS,1193,True
UPI100002514,2025-02-13,13:00:03,Yes Bank,HDFC,WhatsApp Pay,Recharge,150.77,Pending,NA,Amritsar,Android,1692,False
UPI100002515,2025-01-27,18:24:14,Punjab National Bank,IDBI Bank,PhonePe,Recharge,1368.9,Failed,Duplicate Transaction,Mumbai,iOS,413,False
UPI100002516,2025-06-28,08:43:11,IDBI Bank,Yes Bank,Mobikwik,Fund Transfer,2160.88,Success,NA,Delhi,Android,82,True
UPI100002517,2025-01-21,00:21:23,Yes Bank,Canara Bank,CRED,Bill Payment,778.4,Success,NA,Jalandhar,iOS,204,False
UPI100002518,2025-04-10,22:12:22,SBI,SBI,WhatsApp Pay,Recharge,1777.54,Success,NA,Patiala,Android,687,False
UPI100002519,2025-09-20,18:39:26,Bank of Baroda,Yes Bank,PhonePe,Fund Transfer,2313.17,Success,NA,Pune,iOS,145,True
UPI100002520,2025-02-15,22:27:30,Union Bank,Punjab National Bank,CRED,Merchant Payment,35.28,Success,NA,Hyderabad,Android,1067,True
UPI100002521,2025-10-03,02:36:01,Punjab National Bank,Kotak Mahindra,BHIM,Fund Transfer,415.43,Failed,Duplicate Transaction,Delhi,iOS,450,False
UPI100002522,2025-02-02,09:08:30,Axis Bank,Kotak Mahindra,Mobikwik,Merchant Payment,3690.08,Success,NA,Chandigarh,iOS,1448,True
UPI100002523,2025-07-27,16:11:25,Union Bank,IDBI Bank,Google Pay,Bill Payment,127.46,Success,NA,Chandigarh,Android,1167,True
UPI100002524,2025-07-16,10:23:49,ICICI,Kotak Mahindra,CRED,Fund Transfer,485.73,Reversed,Bank Server Down,Hyderabad,Android,589,False
UPI100002525,2025-05-19,08:45:28,Axis Bank,IDBI Bank,PhonePe,P2P,1627.38,Failed,Bank Server Down,Amritsar,Android,2366,False
UPI100002526,2025-10-16,04:49:15,Bank of Baroda,Axis Bank,Amazon Pay,Recharge,5299.05,Success,NA,Amritsar,iOS,2887,False
UPI100002527,2025-10-29,19:42:33,Bank of Baroda,Bank of Baroda,Mobikwik,Fund Transfer,1062.9,Reversed,Duplicate Transaction,Chandigarh,iOS,2919,False
UPI100002528,2025-12-18,21:22:05,IDBI Bank,Canara Bank,Paytm,Merchant Payment,515.54,Failed,Daily Limit Exceeded,Jaipur,Android,352,False
UPI100002529,2025-10-24,08:12:30,Yes Bank,Kotak Mahindra,WhatsApp Pay,Fund Transfer,1960.85,Success,NA,Mumbai,Android,788,False
UPI100002530,2025-10-16,20:47:49,HDFC,IDBI Bank,BHIM,Merchant Payment,921.28,Failed,Insufficient Balance,Kolkata,Android,767,False
UPI100002531,2025-02-08,12:32:29,IndusInd Bank,Bank of Baroda,Mobikwik,Recharge,366.91,Pending,NA,Ahmedabad,iOS,1905,True
UPI100002532,2025-04-27,13:36:06,Canara Bank,Punjab National Bank,BHIM,Bill Payment,452.97,Success,NA,Jalandhar,iOS,224,True
UPI100002533,2025-08-15,18:55:40,Kotak Mahindra,IDBI Bank,Mobikwik,P2P,1901.2,Reversed,Bank Server Down,Amritsar,Android,251,False
UPI100002534,2025-11-28,04:27:36,Union Bank,Kotak Mahindra,Amazon Pay,Bill Payment,216.38,Failed,Daily Limit Exceeded,Lucknow,iOS,246,False
UPI100002535,2025-02-04,05:14:11,Yes Bank,IDBI Bank,PhonePe,P2P,351.68,Success,NA,Hyderabad,Android,741,False
UPI100002536,2025-07-12,22:57:47,Kotak Mahindra,IndusInd Bank,Mobikwik,Merchant Payment,2939.84,Pending,NA,Jaipur,iOS,95,True
UPI100002537,2025-04-15,13:25:02,Kotak Mahindra,Bank of Baroda,CRED,P2M,3067.22,Success,NA,Ahmedabad,iOS,2981,False
UPI100002538,2025-06-22,18:31:21,Axis Bank,Axis Bank,PhonePe,P2P,1311.92,Success,NA,Patiala,Android,353,True
UPI100002539,2025-12-11,22:21:08,IndusInd Bank,Canara Bank,Mobikwik,Merchant Payment,123.07,Failed,NPCI Switch Error,Mumbai,iOS,131,False
UPI100002540,2025-09-30,12:59:20,Yes Bank,Kotak Mahindra,Paytm,P2M,2360.18,Failed,PSP Server Error,Jaipur,iOS,1499,False
UPI100002541,2025-06-06,08:12:55,SBI,Bank of Baroda,BHIM,Merchant Payment,118.28,Success,NA,Hyderabad,Android,75,False
UPI100002542,2025-09-24,15:36:02,SBI,Union Bank,CRED,Bill Payment,1400.72,Failed,Bank Server Down,Delhi,iOS,978,False
UPI100002543,2025-11-15,02:44:17,IndusInd Bank,ICICI,PhonePe,Recharge,227.7,Success,NA,Kolkata,Android,191,True
UPI100002544,2025-05-13,03:46:22,Yes Bank,Axis Bank,PhonePe,Merchant Payment,10286.45,Success,NA,Mumbai,iOS,316,False
UPI100002545,2025-05-29,19:55:39,Kotak Mahindra,Bank of Baroda,CRED,Fund Transfer,410.51,Success,NA,Pune,iOS,1479,False
UPI100002546,2025-09-23,02:38:18,HDFC,Kotak Mahindra,Paytm,Recharge,299.04,Success,NA,Bengaluru,Android,514,False
UPI100002547,2025-07-01,03:47:18,Union Bank,HDFC,BHIM,Recharge,279.3,Failed,Incorrect UPI PIN,Lucknow,iOS,81,False
UPI100002548,2025-11-19,01:06:24,SBI,HDFC,WhatsApp Pay,Bill Payment,906.59,Success,NA,Ahmedabad,Android,302,False
UPI100002549,2025-09-04,02:13:08,Bank of Baroda,Axis Bank,Amazon Pay,Recharge,389.96,Success,NA,Ludhiana,iOS,1013,False
UPI100002550,2025-08-04,19:32:24,Kotak Mahindra,SBI,PhonePe,Recharge,131.73,Success,NA,Jaipur,Android,436,False
UPI100002551,2025-03-07,16:45:33,Axis Bank,HDFC,Google Pay,P2M,3004.73,Success,NA,Hyderabad,iOS,182,False
UPI100002552,2025-07-11,02:59:55,IDBI Bank,Axis Bank,PhonePe,Merchant Payment,3262.39,Success,NA,Delhi,Android,635,False
UPI100002553,2025-05-01,11:57:38,HDFC,Union Bank,Mobikwik,Recharge,27.66,Failed,Duplicate Transaction,Hyderabad,Android,306,False
UPI100002554,2025-01-21,07:48:26,Kotak Mahindra,Punjab National Bank,BHIM,Bill Payment,326.68,Pending,NA,Delhi,Android,1075,False
UPI100002555,2025-10-02,18:59:38,HDFC,Union Bank,Google Pay,Fund Transfer,800.17,Success,NA,Chandigarh,Android,83,False
UPI100002556,2025-01-01,05:47:36,IDBI Bank,Union Bank,Mobikwik,P2M,1320.99,Success,NA,Delhi,Android,804,False
UPI100002557,2025-02-10,17:33:34,ICICI,Union Bank,BHIM,P2M,549.67,Success,NA,Lucknow,iOS,957,False
UPI100002558,2025-06-18,08:26:07,SBI,Yes Bank,Amazon Pay,Fund Transfer,282.11,Success,NA,Lucknow,iOS,297,False
UPI100002559,2025-06-01,09:41:42,Bank of Baroda,IDBI Bank,PhonePe,P2M,348.96,Success,NA,Ahmedabad,iOS,341,True
UPI100002560,2025-08-19,03:43:29,Punjab National Bank,Bank of Baroda,Google Pay,P2P,661.6,Success,NA,Pune,Android,2314,False
UPI100002561,2025-07-29,06:02:55,IndusInd Bank,Axis Bank,WhatsApp Pay,Recharge,19.06,Failed,Transaction Timeout,Jaipur,iOS,186,False
UPI100002562,2025-10-18,08:32:33,Yes Bank,Kotak Mahindra,BHIM,Recharge,209.11,Success,NA,Ludhiana,Android,1725,True
UPI100002563,2025-03-10,13:27:20,Bank of Baroda,Union Bank,BHIM,Merchant Payment,1880.01,Reversed,Bank Server Down,Kolkata,Android,1020,False
UPI100002564,2025-08-31,16:20:28,Punjab National Bank,Punjab National Bank,BHIM,P2P,983.97,Pending,NA,Lucknow,Android,298,True
UPI100002565,2025-08-25,04:15:29,ICICI,IndusInd Bank,Amazon Pay,Fund Transfer,2813.89,Failed,Transaction Timeout,Lucknow,Android,408,False
UPI100002566,2025-03-24,21:44:14,SBI,ICICI,Google Pay,Merchant Payment,610.49,Failed,Incorrect UPI PIN,Jalandhar,iOS,370,False
UPI100002567,2025-10-15,19:57:08,HDFC,Canara Bank,Google Pay,Recharge,81.07,Failed,Account Blocked/Frozen,Patiala,iOS,156,False
UPI100002568,2025-04-20,18:27:16,Axis Bank,SBI,Mobikwik,Fund Transfer,3128.8,Reversed,Bank Server Down,Lucknow,Android,1030,True
UPI100002569,2025-10-25,12:39:27,HDFC,Yes Bank,WhatsApp Pay,P2P,4853.93,Failed,Daily Limit Exceeded,Mumbai,iOS,1007,True
UPI100002570,2025-10-06,15:12:55,Punjab National Bank,Yes Bank,CRED,Merchant Payment,4701.05,Success,NA,Delhi,iOS,278,False
UPI100002571,2025-04-03,02:37:57,Punjab National Bank,SBI,CRED,Fund Transfer,269.17,Failed,Transaction Timeout,Chandigarh,Android,373,False
UPI100002572,2025-03-09,07:07:09,IDBI Bank,Punjab National Bank,Google Pay,Recharge,1757.96,Failed,Account Blocked/Frozen,Lucknow,Android,1794,True
UPI100002573,2025-06-21,01:25:32,Punjab National Bank,SBI,Mobikwik,Recharge,1258.71,Failed,Daily Limit Exceeded,Patiala,iOS,101,True
UPI100002574,2025-09-12,10:58:33,ICICI,Canara Bank,Amazon Pay,P2M,642.35,Failed,NPCI Switch Error,Delhi,Android,937,False
UPI100002575,2025-05-28,22:19:49,IndusInd Bank,Yes Bank,PhonePe,Recharge,235.18,Failed,Account Blocked/Frozen,Ahmedabad,iOS,115,False
UPI100002576,2025-11-26,19:05:40,Kotak Mahindra,Yes Bank,Google Pay,Fund Transfer,264.43,Pending,NA,Bengaluru,Android,1239,False
UPI100002577,2025-11-04,18:15:49,ICICI,Punjab National Bank,Amazon Pay,Merchant Payment,506.23,Success,NA,Chandigarh,Android,565,False
UPI100002578,2025-12-05,08:30:01,Punjab National Bank,SBI,Paytm,P2P,3676.53,Failed,NPCI Switch Error,Patiala,Android,1556,False
UPI100002579,2025-09-09,11:55:50,Canara Bank,IndusInd Bank,Google Pay,Bill Payment,1138.25,Failed,Daily Limit Exceeded,Amritsar,Android,2640,False
UPI100002580,2025-09-27,01:10:58,Union Bank,Canara Bank,Google Pay,P2P,2445.3,Success,NA,Bengaluru,Android,426,True
UPI100002581,2025-01-31,14:38:00,Yes Bank,Kotak Mahindra,Amazon Pay,Merchant Payment,1005.54,Success,NA,Lucknow,Android,1256,False
UPI100002582,2025-04-21,17:06:20,Yes Bank,Bank of Baroda,CRED,Fund Transfer,3803.96,Pending,NA,Bengaluru,iOS,406,False
UPI100002583,2025-10-14,19:06:23,Union Bank,Bank of Baroda,Paytm,Recharge,816.99,Pending,NA,Lucknow,iOS,195,False
UPI100002584,2025-11-29,08:39:32,SBI,Punjab National Bank,WhatsApp Pay,Fund Transfer,404.59,Success,NA,Ludhiana,Android,261,True
UPI100002585,2025-04-04,09:52:44,HDFC,ICICI,Mobikwik,Bill Payment,454.96,Failed,Network Timeout,Mumbai,iOS,164,False
UPI100002586,2025-11-01,03:23:56,Yes Bank,HDFC,Google Pay,Merchant Payment,1626.1,Success,NA,Amritsar,Android,291,True
UPI100002587,2025-07-20,19:09:08,Union Bank,IndusInd Bank,BHIM,Recharge,845.71,Failed,PSP Server Error,Hyderabad,Android,3247,True
UPI100002588,2025-11-29,17:01:21,ICICI,Punjab National Bank,Paytm,Recharge,454.96,Failed,Insufficient Balance,Delhi,iOS,4144,True
UPI100002589,2025-01-21,18:26:54,SBI,Union Bank,WhatsApp Pay,Merchant Payment,2828.51,Failed,Transaction Timeout,Jaipur,Android,143,False
UPI100002590,2025-07-23,14:45:37,Kotak Mahindra,ICICI,CRED,P2M,4561.2,Success,NA,Delhi,iOS,292,False
UPI100002591,2025-01-30,23:32:41,Punjab National Bank,Punjab National Bank,Paytm,P2P,572.39,Failed,Insufficient Balance,Amritsar,iOS,1477,False
UPI100002592,2025-05-02,20:41:04,Axis Bank,Yes Bank,PhonePe,Bill Payment,695.15,Success,NA,Ahmedabad,iOS,352,False
UPI100002593,2025-06-18,15:22:32,IndusInd Bank,Punjab National Bank,CRED,P2P,160.94,Reversed,Duplicate Transaction,Mumbai,Android,2902,False
UPI100002594,2025-07-01,14:07:32,Canara Bank,Canara Bank,PhonePe,Bill Payment,1479.41,Success,NA,Lucknow,Android,874,False
UPI100002595,2025-12-03,03:26:14,IndusInd Bank,Punjab National Bank,BHIM,Recharge,300.55,Pending,NA,Kolkata,Android,1662,False
UPI100002596,2025-12-05,06:17:50,SBI,Union Bank,BHIM,P2M,1016.44,Pending,NA,Hyderabad,Android,1975,False
UPI100002597,2025-08-25,22:41:51,Kotak Mahindra,Canara Bank,PhonePe,P2P,470.71,Success,NA,Mumbai,iOS,288,False
UPI100002598,2025-06-24,02:50:09,Axis Bank,Axis Bank,Amazon Pay,Merchant Payment,2875.68,Success,NA,Lucknow,iOS,2389,False
UPI100002599,2025-10-31,21:58:55,Canara Bank,ICICI,WhatsApp Pay,Bill Payment,157.06,Failed,Insufficient Balance,Mumbai,Android,335,False
UPI100002600,2025-12-04,17:52:30,Kotak Mahindra,HDFC,Paytm,P2P,5873.56,Success,NA,Delhi,Android,499,False
UPI100002601,2025-03-01,16:49:59,Canara Bank,SBI,Google Pay,Fund Transfer,314.97,Success,NA,Kolkata,Android,64,True
UPI100002602,2025-10-01,18:16:36,Canara Bank,Kotak Mahindra,BHIM,Bill Payment,1397.35,Failed,NPCI Switch Error,Bengaluru,Android,740,False
UPI100002603,2025-09-17,02:03:46,Canara Bank,Yes Bank,WhatsApp Pay,Recharge,1156.26,Success,NA,Ahmedabad,Android,404,False
UPI100002604,2025-12-23,09:42:49,Axis Bank,IndusInd Bank,WhatsApp Pay,Recharge,2062.27,Success,NA,Jaipur,Android,643,False
UPI100002605,2025-10-04,15:31:50,Yes Bank,IndusInd Bank,Amazon Pay,P2P,533.3,Failed,Incorrect UPI PIN,Pune,iOS,88,True
UPI100002606,2025-07-14,23:24:55,Union Bank,Yes Bank,WhatsApp Pay,P2M,1652.19,Failed,Insufficient Balance,Jalandhar,Android,1461,False
UPI100002607,2025-02-04,17:19:56,IndusInd Bank,IndusInd Bank,Mobikwik,P2M,1350.21,Success,NA,Mumbai,iOS,823,False
UPI100002608,2025-11-01,16:22:03,Yes Bank,IndusInd Bank,Google Pay,Bill Payment,1473.64,Failed,Transaction Timeout,Bengaluru,iOS,777,True
UPI100002609,2025-09-12,20:27:28,Canara Bank,Punjab National Bank,Amazon Pay,Fund Transfer,754.68,Failed,Network Timeout,Mumbai,Android,517,False
UPI100002610,2025-01-22,16:39:29,Axis Bank,IDBI Bank,Mobikwik,P2P,713.24,Pending,NA,Jalandhar,iOS,233,False
UPI100002611,2025-01-01,06:54:22,Bank of Baroda,Axis Bank,Paytm,P2M,676.72,Success,NA,Ahmedabad,iOS,3491,False
UPI100002612,2025-02-18,16:10:19,IDBI Bank,Yes Bank,Google Pay,Bill Payment,1855.78,Failed,Account Blocked/Frozen,Delhi,Android,1822,False
UPI100002613,2025-02-05,16:36:12,Axis Bank,Bank of Baroda,Mobikwik,Merchant Payment,1842.88,Success,NA,Kolkata,iOS,60,False
UPI100002614,2025-06-03,13:09:43,SBI,Bank of Baroda,Google Pay,Recharge,194.38,Success,NA,Amritsar,Android,1129,False
UPI100002615,2025-06-21,06:58:03,Punjab National Bank,Bank of Baroda,PhonePe,Merchant Payment,1102.53,Pending,NA,Amritsar,iOS,1627,True
UPI100002616,2025-12-04,17:25:59,Union Bank,IndusInd Bank,Amazon Pay,Recharge,2245.63,Success,NA,Patiala,iOS,343,False
UPI100002617,2025-12-07,13:14:10,IDBI Bank,HDFC,CRED,P2P,2813.53,Failed,Transaction Timeout,Pune,Android,593,True
UPI100002618,2025-08-11,01:30:16,Axis Bank,ICICI,CRED,Merchant Payment,298.97,Success,NA,Pune,Android,613,False
UPI100002619,2025-01-05,12:07:35,IDBI Bank,Axis Bank,Google Pay,Recharge,79.79,Success,NA,Patiala,Android,561,True
UPI100002620,2025-05-30,11:17:20,Union Bank,Axis Bank,CRED,Merchant Payment,1276.28,Success,NA,Delhi,Android,456,False
UPI100002621,2025-11-30,20:24:20,Kotak Mahindra,Punjab National Bank,CRED,Fund Transfer,798.9,Failed,Bank Server Down,Bengaluru,iOS,137,True
UPI100002622,2025-12-06,11:52:16,Yes Bank,Kotak Mahindra,Google Pay,Bill Payment,658.66,Success,NA,Amritsar,Android,1513,True
UPI100002623,2025-05-23,03:53:40,SBI,Punjab National Bank,Amazon Pay,Bill Payment,756.44,Success,NA,Mumbai,iOS,775,False
UPI100002624,2025-10-23,05:54:05,SBI,Axis Bank,BHIM,Recharge,1033.11,Success,NA,Jalandhar,Android,1034,False
UPI100002625,2025-05-29,22:32:44,Punjab National Bank,Yes Bank,PhonePe,Recharge,312.12,Failed,Beneficiary Bank Unavailable,Hyderabad,Android,487,False
UPI100002626,2025-12-24,13:56:00,Union Bank,Axis Bank,Google Pay,Recharge,1349.91,Success,NA,Chandigarh,iOS,484,False
UPI100002627,2025-03-03,19:14:08,Union Bank,Axis Bank,Paytm,Fund Transfer,2721.86,Pending,NA,Delhi,Android,75,False
UPI100002628,2025-05-14,08:47:59,Punjab National Bank,SBI,Paytm,Bill Payment,420.23,Success,NA,Kolkata,iOS,378,False
UPI100002629,2025-03-30,01:06:06,Punjab National Bank,HDFC,PhonePe,Recharge,18.73,Success,NA,Lucknow,iOS,1063,True
UPI100002630,2025-08-19,10:40:26,IndusInd Bank,Punjab National Bank,BHIM,Recharge,1271.78,Failed,Transaction Timeout,Kolkata,iOS,2362,False
UPI100002631,2025-09-11,10:11:11,IDBI Bank,IndusInd Bank,Amazon Pay,Bill Payment,1121.13,Success,NA,Amritsar,iOS,275,False
UPI100002632,2025-03-14,12:37:57,ICICI,Kotak Mahindra,PhonePe,P2M,11973.65,Success,NA,Chandigarh,iOS,995,False
UPI100002633,2025-12-06,22:19:42,Axis Bank,ICICI,Google Pay,Fund Transfer,335.42,Success,NA,Bengaluru,Android,1304,True
UPI100002634,2025-06-16,17:06:19,Punjab National Bank,Axis Bank,WhatsApp Pay,Merchant Payment,54.44,Success,NA,Hyderabad,Android,1894,False
UPI100002635,2025-10-27,20:44:50,Union Bank,Axis Bank,Mobikwik,P2M,309.19,Failed,Transaction Timeout,Kolkata,iOS,629,False
UPI100002636,2025-12-25,14:39:51,HDFC,Punjab National Bank,BHIM,Merchant Payment,797.91,Failed,Transaction Timeout,Mumbai,iOS,555,False
UPI100002637,2025-09-16,16:04:12,Union Bank,Punjab National Bank,BHIM,P2P,2353.6,Reversed,Duplicate Transaction,Bengaluru,Android,720,False
UPI100002638,2025-02-01,21:52:43,Union Bank,Union Bank,Google Pay,Recharge,1605.28,Success,NA,Pune,Android,209,True
UPI100002639,2025-02-04,15:40:36,IndusInd Bank,Bank of Baroda,CRED,P2P,674.04,Success,NA,Mumbai,iOS,1734,False
UPI100002640,2025-08-03,16:29:42,Yes Bank,Yes Bank,BHIM,Merchant Payment,938.19,Failed,Duplicate Transaction,Lucknow,Android,896,True
UPI100002641,2025-09-06,16:40:47,Union Bank,Axis Bank,Google Pay,P2P,1333.84,Failed,Incorrect UPI PIN,Ahmedabad,Android,1011,True
UPI100002642,2025-09-24,01:51:44,Yes Bank,Axis Bank,CRED,Merchant Payment,2802.69,Reversed,Duplicate Transaction,Pune,iOS,1065,False
UPI100002643,2025-01-19,12:04:49,Bank of Baroda,ICICI,CRED,P2P,370.0,Failed,Incorrect UPI PIN,Patiala,Android,567,True
UPI100002644,2025-07-20,18:12:44,IDBI Bank,Punjab National Bank,CRED,Fund Transfer,2552.99,Success,NA,Jalandhar,Android,419,True
UPI100002645,2025-09-30,05:18:11,HDFC,Kotak Mahindra,WhatsApp Pay,P2P,724.71,Failed,Incorrect UPI PIN,Bengaluru,Android,1956,False
UPI100002646,2025-12-24,12:21:20,IndusInd Bank,HDFC,WhatsApp Pay,P2M,293.43,Failed,NPCI Switch Error,Ludhiana,iOS,2664,False
UPI100002647,2025-11-18,19:15:18,Bank of Baroda,ICICI,WhatsApp Pay,Recharge,1514.03,Success,NA,Ludhiana,Android,82,False
UPI100002648,2025-04-29,14:09:29,ICICI,IndusInd Bank,Amazon Pay,P2M,3280.39,Failed,Daily Limit Exceeded,Ahmedabad,Android,514,False
UPI100002649,2025-10-18,06:23:34,Bank of Baroda,Bank of Baroda,WhatsApp Pay,Recharge,455.99,Success,NA,Ahmedabad,Android,592,True
UPI100002650,2025-04-03,03:41:42,SBI,ICICI,CRED,P2M,732.62,Success,NA,Delhi,iOS,264,False
UPI100002651,2025-03-27,14:57:47,IndusInd Bank,Kotak Mahindra,PhonePe,Merchant Payment,2273.53,Success,NA,Jalandhar,Android,55,False
UPI100002652,2025-07-04,11:06:41,Punjab National Bank,ICICI,BHIM,Bill Payment,3571.86,Success,NA,Pune,iOS,3209,False
UPI100002653,2025-02-26,13:24:18,Punjab National Bank,Axis Bank,Mobikwik,P2P,1766.51,Failed,NPCI Switch Error,Amritsar,Android,638,False
UPI100002654,2025-06-24,08:07:52,Bank of Baroda,Yes Bank,PhonePe,Fund Transfer,2443.04,Failed,PSP Server Error,Chandigarh,iOS,425,False
UPI100002655,2025-08-13,03:16:59,Axis Bank,IndusInd Bank,Mobikwik,Merchant Payment,973.77,Success,NA,Amritsar,iOS,2471,False
UPI100002656,2025-09-28,10:30:07,HDFC,ICICI,CRED,P2M,212.81,Success,NA,Lucknow,iOS,418,True
UPI100002657,2025-09-14,17:38:00,IndusInd Bank,IDBI Bank,BHIM,P2P,467.25,Failed,Beneficiary Bank Unavailable,Kolkata,iOS,238,True
UPI100002658,2025-03-30,16:33:13,Axis Bank,SBI,Amazon Pay,Merchant Payment,3436.44,Success,NA,Pune,iOS,977,True
UPI100002659,2025-06-04,15:32:36,Bank of Baroda,Bank of Baroda,Amazon Pay,Recharge,3811.3,Failed,PSP Server Error,Kolkata,iOS,742,False
UPI100002660,2025-09-15,23:49:36,Union Bank,HDFC,Amazon Pay,Recharge,724.0,Failed,Incorrect UPI PIN,Lucknow,Android,2555,False
UPI100002661,2025-02-24,04:47:05,SBI,IDBI Bank,Google Pay,Merchant Payment,1477.48,Success,NA,Amritsar,Android,591,False
UPI100002662,2025-12-02,06:51:18,Bank of Baroda,IndusInd Bank,Mobikwik,P2P,4123.22,Failed,Network Timeout,Lucknow,Android,1284,False
UPI100002663,2025-11-10,22:16:51,Axis Bank,Axis Bank,WhatsApp Pay,Merchant Payment,739.81,Success,NA,Ahmedabad,Android,353,False
UPI100002664,2025-10-13,08:40:10,ICICI,Canara Bank,Mobikwik,P2P,1044.53,Success,NA,Mumbai,iOS,3342,False
UPI100002665,2025-06-21,10:50:07,HDFC,ICICI,Mobikwik,P2M,3438.92,Failed,Account Blocked/Frozen,Amritsar,iOS,753,True
UPI100002666,2025-11-24,06:51:25,Kotak Mahindra,Yes Bank,Google Pay,Merchant Payment,46.42,Success,NA,Jaipur,iOS,215,False
UPI100002667,2025-12-22,00:25:27,Punjab National Bank,Bank of Baroda,PhonePe,Fund Transfer,4359.35,Failed,Invalid VPA,Chandigarh,iOS,344,False
UPI100002668,2025-08-14,23:56:10,Bank of Baroda,IndusInd Bank,Mobikwik,Bill Payment,1890.28,Success,NA,Ahmedabad,Android,421,False
UPI100002669,2025-12-11,04:31:02,Yes Bank,HDFC,WhatsApp Pay,Merchant Payment,2249.68,Success,NA,Hyderabad,Android,1058,False
UPI100002670,2025-03-26,10:08:56,SBI,Axis Bank,Amazon Pay,Bill Payment,516.48,Failed,Beneficiary Bank Unavailable,Lucknow,Android,2707,False
UPI100002671,2025-10-17,13:32:22,Yes Bank,IDBI Bank,Amazon Pay,Recharge,703.35,Failed,Incorrect UPI PIN,Patiala,iOS,471,False
UPI100002672,2025-08-12,17:33:16,ICICI,SBI,PhonePe,P2P,1038.32,Success,NA,Ludhiana,iOS,193,False
UPI100002673,2025-05-31,05:57:20,SBI,Axis Bank,Amazon Pay,P2M,986.84,Failed,Duplicate Transaction,Lucknow,Android,1927,True
UPI100002674,2025-01-16,03:48:47,IndusInd Bank,HDFC,Google Pay,Recharge,303.82,Failed,Duplicate Transaction,Lucknow,iOS,259,False
UPI100002675,2025-05-01,10:21:42,IDBI Bank,SBI,Google Pay,Fund Transfer,3056.08,Success,NA,Kolkata,Android,635,False
UPI100002676,2025-01-26,21:15:52,ICICI,IDBI Bank,CRED,Merchant Payment,1304.27,Success,NA,Mumbai,iOS,352,True
UPI100002677,2025-06-06,00:00:51,ICICI,Bank of Baroda,WhatsApp Pay,Recharge,4337.65,Failed,Beneficiary Bank Unavailable,Ludhiana,Android,2401,False
UPI100002678,2025-07-24,06:34:27,SBI,IDBI Bank,Amazon Pay,P2P,658.13,Success,NA,Jalandhar,iOS,413,False
UPI100002679,2025-06-27,03:30:31,Canara Bank,ICICI,CRED,Fund Transfer,1897.0,Success,NA,Mumbai,Android,197,False
UPI100002680,2025-12-19,14:04:00,Yes Bank,Axis Bank,Google Pay,Merchant Payment,2560.94,Failed,Insufficient Balance,Lucknow,iOS,377,False
UPI100002681,2025-02-21,18:29:07,Union Bank,SBI,Paytm,Merchant Payment,76.46,Success,NA,Jaipur,Android,140,False
UPI100002682,2025-12-23,03:47:34,IDBI Bank,HDFC,Amazon Pay,P2P,2167.44,Success,NA,Kolkata,iOS,132,False
UPI100002683,2025-01-30,01:28:48,Yes Bank,Yes Bank,Mobikwik,P2P,864.35,Failed,Duplicate Transaction,Patiala,iOS,1056,False
UPI100002684,2025-04-18,04:50:53,Yes Bank,Yes Bank,WhatsApp Pay,P2P,8781.64,Success,NA,Hyderabad,Android,706,False
UPI100002685,2025-12-24,19:38:33,Kotak Mahindra,Punjab National Bank,Paytm,Fund Transfer,2618.74,Success,NA,Lucknow,iOS,441,False
UPI100002686,2025-02-05,15:47:30,Kotak Mahindra,SBI,Google Pay,Bill Payment,193.78,Failed,Account Blocked/Frozen,Chandigarh,Android,881,False
UPI100002687,2025-09-18,02:09:51,Canara Bank,ICICI,WhatsApp Pay,Bill Payment,701.06,Failed,Duplicate Transaction,Pune,Android,78,False
UPI100002688,2025-03-21,01:36:47,SBI,Punjab National Bank,Google Pay,Merchant Payment,404.22,Reversed,Duplicate Transaction,Pune,Android,264,False
UPI100002689,2025-09-02,05:10:04,Kotak Mahindra,Bank of Baroda,Paytm,P2M,963.63,Reversed,NPCI Switch Error,Lucknow,iOS,735,False
UPI100002690,2025-05-14,10:32:04,Union Bank,Axis Bank,CRED,Merchant Payment,2693.91,Failed,PSP Server Error,Mumbai,Android,1986,False
UPI100002691,2025-01-13,20:11:32,IndusInd Bank,Canara Bank,BHIM,Recharge,268.63,Pending,NA,Lucknow,iOS,428,False
UPI100002692,2025-07-25,10:45:41,HDFC,Union Bank,BHIM,P2P,2142.7,Failed,Duplicate Transaction,Lucknow,Android,315,False
UPI100002693,2025-03-26,00:43:59,Yes Bank,IndusInd Bank,CRED,P2P,3601.34,Success,NA,Hyderabad,Android,511,False
UPI100002694,2025-03-23,12:31:16,ICICI,HDFC,WhatsApp Pay,P2M,1330.41,Success,NA,Ahmedabad,Android,1176,True
UPI100002695,2025-09-29,14:06:02,Bank of Baroda,Yes Bank,CRED,Merchant Payment,1187.16,Failed,Daily Limit Exceeded,Patiala,iOS,1673,False
UPI100002696,2025-04-02,19:57:11,Axis Bank,ICICI,Amazon Pay,P2P,3448.82,Success,NA,Jaipur,Android,2813,False
UPI100002697,2025-02-28,22:27:03,Kotak Mahindra,IndusInd Bank,PhonePe,P2P,4199.72,Failed,Insufficient Balance,Mumbai,iOS,591,False
UPI100002698,2025-10-02,15:11:09,ICICI,ICICI,Google Pay,Merchant Payment,107.24,Failed,Invalid VPA,Ahmedabad,iOS,319,False
UPI100002699,2025-07-19,00:06:28,Punjab National Bank,Punjab National Bank,Paytm,Merchant Payment,1219.57,Failed,PSP Server Error,Pune,Android,117,True
UPI100002700,2025-08-22,16:08:37,Bank of Baroda,IDBI Bank,PhonePe,Bill Payment,250.5,Reversed,Duplicate Transaction,Delhi,Android,629,False
UPI100002701,2025-06-04,14:05:38,HDFC,IDBI Bank,Google Pay,Merchant Payment,1290.4,Success,NA,Patiala,iOS,1424,False
UPI100002702,2025-01-22,05:31:10,ICICI,IndusInd Bank,WhatsApp Pay,P2M,1099.44,Failed,Account Blocked/Frozen,Hyderabad,Android,1893,False
UPI100002703,2025-04-23,19:57:07,SBI,IDBI Bank,WhatsApp Pay,P2M,1829.02,Success,NA,Jaipur,Android,1328,False
UPI100002704,2025-12-21,21:19:19,Kotak Mahindra,Bank of Baroda,Google Pay,Merchant Payment,1444.74,Failed,Incorrect UPI PIN,Delhi,iOS,485,True
UPI100002705,2025-07-01,16:21:54,Bank of Baroda,Axis Bank,PhonePe,Bill Payment,152.08,Failed,Beneficiary Bank Unavailable,Jaipur,iOS,744,False
UPI100002706,2025-04-06,21:27:55,Axis Bank,Kotak Mahindra,Amazon Pay,P2M,2206.13,Reversed,Bank Server Down,Lucknow,Android,755,True
UPI100002707,2025-02-22,02:36:03,Union Bank,Punjab National Bank,PhonePe,P2P,5491.65,Success,NA,Delhi,iOS,935,True
UPI100002708,2025-12-05,21:17:33,Bank of Baroda,Punjab National Bank,WhatsApp Pay,P2M,7433.22,Success,NA,Kolkata,iOS,299,False
UPI100002709,2025-03-12,23:14:10,Axis Bank,Kotak Mahindra,CRED,Fund Transfer,1607.49,Failed,Account Blocked/Frozen,Pune,Android,1668,False
UPI100002710,2025-06-06,20:30:34,Axis Bank,IndusInd Bank,BHIM,P2M,284.33,Failed,Daily Limit Exceeded,Chandigarh,Android,927,False
UPI100002711,2025-06-05,00:27:52,IDBI Bank,HDFC,Paytm,P2M,902.23,Success,NA,Patiala,Android,1491,False
UPI100002712,2025-03-29,15:38:18,Canara Bank,IndusInd Bank,Mobikwik,Bill Payment,389.78,Success,NA,Ludhiana,Android,140,True
UPI100002713,2025-10-28,18:38:24,ICICI,SBI,WhatsApp Pay,Recharge,173.07,Success,NA,Jalandhar,Android,757,False
UPI100002714,2025-01-30,06:38:18,IndusInd Bank,HDFC,Amazon Pay,Recharge,1288.48,Reversed,NPCI Switch Error,Patiala,iOS,58,False
UPI100002715,2025-04-21,14:42:14,Bank of Baroda,Kotak Mahindra,Google Pay,P2P,2572.85,Success,NA,Delhi,Android,1326,False
UPI100002716,2025-08-24,07:11:59,Punjab National Bank,ICICI,CRED,P2M,2048.46,Success,NA,Bengaluru,Android,1143,True
UPI100002717,2025-09-18,23:26:52,Axis Bank,IDBI Bank,WhatsApp Pay,Merchant Payment,4411.64,Success,NA,Patiala,Android,149,False
UPI100002718,2025-11-06,22:38:19,Kotak Mahindra,Axis Bank,WhatsApp Pay,Recharge,522.99,Success,NA,Ahmedabad,iOS,999,False
UPI100002719,2025-12-09,01:25:50,Punjab National Bank,Punjab National Bank,BHIM,Merchant Payment,4446.28,Reversed,NPCI Switch Error,Pune,Android,633,False
UPI100002720,2025-09-29,15:18:04,HDFC,Axis Bank,BHIM,Merchant Payment,881.02,Failed,Transaction Timeout,Lucknow,Android,471,False
UPI100002721,2025-09-03,15:18:43,Punjab National Bank,IndusInd Bank,BHIM,Fund Transfer,1019.39,Failed,Transaction Timeout,Hyderabad,Android,1931,False
UPI100002722,2025-04-01,00:32:17,IndusInd Bank,IndusInd Bank,Amazon Pay,Recharge,933.88,Failed,Account Blocked/Frozen,Mumbai,Android,746,False
UPI100002723,2025-06-13,01:26:36,SBI,Yes Bank,PhonePe,P2M,138.93,Failed,Account Blocked/Frozen,Chandigarh,iOS,1241,False
UPI100002724,2025-02-06,09:54:50,SBI,IDBI Bank,Paytm,P2P,3128.1,Failed,Account Blocked/Frozen,Delhi,Android,456,False
UPI100002725,2025-02-09,18:14:29,ICICI,Canara Bank,Amazon Pay,Merchant Payment,604.67,Success,NA,Pune,iOS,1607,True
UPI100002726,2025-04-09,21:14:15,SBI,Canara Bank,CRED,Recharge,670.54,Success,NA,Jalandhar,Android,165,False
UPI100002727,2025-05-21,22:55:37,IDBI Bank,SBI,Paytm,Bill Payment,365.79,Failed,Incorrect UPI PIN,Amritsar,Android,2951,False
UPI100002728,2025-08-11,08:02:20,IndusInd Bank,Punjab National Bank,CRED,Fund Transfer,4676.24,Pending,NA,Bengaluru,iOS,394,False
UPI100002729,2025-12-05,21:14:39,ICICI,HDFC,Google Pay,Merchant Payment,342.92,Failed,Network Timeout,Chandigarh,iOS,113,False
UPI100002730,2025-12-07,13:31:43,Kotak Mahindra,HDFC,PhonePe,Fund Transfer,292.23,Failed,Bank Server Down,Chandigarh,Android,315,True
UPI100002731,2025-09-03,13:01:27,ICICI,ICICI,BHIM,Merchant Payment,501.36,Success,NA,Delhi,Android,185,False
UPI100002732,2025-08-01,22:02:44,Bank of Baroda,Canara Bank,Google Pay,P2M,919.09,Failed,Bank Server Down,Patiala,iOS,1200,False
UPI100002733,2025-01-01,05:01:30,Bank of Baroda,IndusInd Bank,PhonePe,Merchant Payment,3396.92,Failed,Duplicate Transaction,Jaipur,iOS,113,False
UPI100002734,2025-09-24,16:46:28,Kotak Mahindra,Canara Bank,CRED,Bill Payment,1336.87,Success,NA,Pune,iOS,247,False
UPI100002735,2025-03-05,18:39:11,Bank of Baroda,Union Bank,WhatsApp Pay,Bill Payment,3668.06,Failed,Insufficient Balance,Lucknow,iOS,244,False
UPI100002736,2025-05-25,06:04:19,Kotak Mahindra,Bank of Baroda,Amazon Pay,Fund Transfer,5873.56,Failed,Beneficiary Bank Unavailable,Lucknow,iOS,1451,True
UPI100002737,2025-02-07,02:18:12,HDFC,Yes Bank,Amazon Pay,Fund Transfer,954.86,Failed,Duplicate Transaction,Bengaluru,Android,124,False
UPI100002738,2025-05-05,12:58:07,IndusInd Bank,Canara Bank,Mobikwik,Merchant Payment,2391.49,Reversed,Duplicate Transaction,Bengaluru,iOS,483,False
UPI100002739,2025-12-12,03:57:25,Punjab National Bank,Punjab National Bank,Google Pay,P2P,450.22,Pending,NA,Chandigarh,Android,2035,False
UPI100002740,2025-09-18,18:15:02,IDBI Bank,Bank of Baroda,CRED,P2M,2095.78,Reversed,Duplicate Transaction,Pune,Android,2049,False
UPI100002741,2025-07-29,03:20:16,Canara Bank,Yes Bank,PhonePe,Merchant Payment,1166.27,Failed,Bank Server Down,Ahmedabad,Android,2661,False
UPI100002742,2025-08-04,16:50:31,Punjab National Bank,Union Bank,Mobikwik,Fund Transfer,2253.02,Failed,Network Timeout,Lucknow,iOS,541,False
UPI100002743,2025-11-25,15:58:12,IndusInd Bank,IndusInd Bank,BHIM,Fund Transfer,795.97,Success,NA,Lucknow,iOS,945,False
UPI100002744,2025-01-16,06:07:33,SBI,SBI,WhatsApp Pay,Bill Payment,348.35,Success,NA,Kolkata,iOS,270,False
UPI100002745,2025-09-12,21:13:38,SBI,Punjab National Bank,Mobikwik,Recharge,161.16,Failed,Network Timeout,Ludhiana,iOS,632,False
UPI100002746,2025-06-22,20:14:42,Bank of Baroda,SBI,Mobikwik,Merchant Payment,1184.69,Failed,Daily Limit Exceeded,Delhi,Android,216,True
UPI100002747,2025-08-23,23:32:07,Punjab National Bank,Union Bank,Amazon Pay,Merchant Payment,1375.62,Failed,Duplicate Transaction,Chandigarh,iOS,188,True
UPI100002748,2025-05-13,21:08:07,Yes Bank,Yes Bank,Google Pay,P2P,7289.9,Failed,Beneficiary Bank Unavailable,Bengaluru,Android,1125,False
UPI100002749,2025-07-15,05:47:25,Kotak Mahindra,Punjab National Bank,Google Pay,P2P,327.18,Success,NA,Mumbai,Android,2905,False
UPI100002750,2025-07-27,11:03:14,Kotak Mahindra,Union Bank,Mobikwik,Fund Transfer,334.99,Success,NA,Bengaluru,iOS,1051,True
UPI100002751,2025-12-20,23:21:57,HDFC,Punjab National Bank,Google Pay,Bill Payment,184.23,Success,NA,Pune,iOS,125,True
UPI100002752,2025-09-15,13:59:33,Punjab National Bank,Union Bank,CRED,P2P,66.72,Success,NA,Kolkata,Android,854,False
UPI100002753,2025-07-01,03:05:06,Union Bank,Punjab National Bank,Google Pay,Fund Transfer,1420.16,Success,NA,Kolkata,Android,1094,False
UPI100002754,2025-07-08,13:51:04,SBI,Axis Bank,CRED,Fund Transfer,1383.87,Reversed,Bank Server Down,Chandigarh,iOS,1669,False
UPI100002755,2025-01-17,16:41:49,Kotak Mahindra,Union Bank,Mobikwik,Bill Payment,1006.51,Failed,Daily Limit Exceeded,Hyderabad,iOS,156,False
UPI100002756,2025-11-26,02:56:07,Bank of Baroda,IndusInd Bank,WhatsApp Pay,Bill Payment,1737.92,Failed,Invalid VPA,Ludhiana,iOS,2546,False
UPI100002757,2025-04-07,13:29:04,SBI,Bank of Baroda,BHIM,P2P,2495.21,Success,NA,Delhi,Android,1289,False
UPI100002758,2025-06-07,02:21:53,Punjab National Bank,HDFC,BHIM,Recharge,1673.9,Pending,NA,Bengaluru,iOS,304,True
UPI100002759,2025-08-10,05:45:08,Kotak Mahindra,Axis Bank,WhatsApp Pay,P2M,2663.18,Pending,NA,Jalandhar,iOS,337,True
UPI100002760,2025-06-08,10:52:30,IDBI Bank,Punjab National Bank,Google Pay,P2M,320.62,Success,NA,Lucknow,iOS,1665,True
UPI100002761,2025-01-21,15:15:46,Bank of Baroda,HDFC,Paytm,Recharge,581.22,Success,NA,Patiala,iOS,469,False
UPI100002762,2025-06-01,01:01:27,IDBI Bank,Yes Bank,Mobikwik,P2M,2967.66,Success,NA,Amritsar,iOS,377,True
UPI100002763,2025-12-04,02:29:45,Punjab National Bank,Canara Bank,Google Pay,P2P,651.13,Failed,Duplicate Transaction,Hyderabad,iOS,1650,False
UPI100002764,2025-01-16,06:50:13,Union Bank,ICICI,Google Pay,Merchant Payment,2224.71,Failed,Duplicate Transaction,Patiala,iOS,87,False
UPI100002765,2025-09-21,17:10:04,Punjab National Bank,IDBI Bank,PhonePe,Merchant Payment,1170.47,Success,NA,Bengaluru,Android,776,True
UPI100002766,2025-05-14,20:16:52,IDBI Bank,Axis Bank,Amazon Pay,P2P,494.92,Success,NA,Pune,iOS,1516,False
UPI100002767,2025-03-12,15:25:57,ICICI,IndusInd Bank,CRED,Bill Payment,2397.4,Failed,Duplicate Transaction,Lucknow,Android,115,False
UPI100002768,2025-06-11,17:38:12,IndusInd Bank,IDBI Bank,BHIM,Merchant Payment,372.56,Pending,NA,Lucknow,Android,146,False
UPI100002769,2025-10-31,20:35:58,HDFC,Kotak Mahindra,Mobikwik,Recharge,1098.52,Success,NA,Kolkata,Android,914,False
UPI100002770,2025-05-10,00:14:20,ICICI,Yes Bank,PhonePe,Bill Payment,519.61,Success,NA,Ahmedabad,Android,282,True
UPI100002771,2025-02-26,06:16:24,Union Bank,Kotak Mahindra,WhatsApp Pay,Bill Payment,210.42,Failed,Duplicate Transaction,Delhi,iOS,272,False
UPI100002772,2025-08-21,09:03:44,Canara Bank,Yes Bank,Amazon Pay,Recharge,1284.03,Success,NA,Mumbai,Android,1124,False
UPI100002773,2025-06-18,18:50:16,IDBI Bank,Punjab National Bank,Mobikwik,Recharge,1290.91,Failed,Beneficiary Bank Unavailable,Hyderabad,Android,53,False
UPI100002774,2025-07-12,23:12:58,Yes Bank,Yes Bank,CRED,Recharge,595.84,Success,NA,Mumbai,Android,459,True
UPI100002775,2025-03-06,20:27:35,HDFC,Canara Bank,Mobikwik,P2M,1760.45,Failed,NPCI Switch Error,Hyderabad,iOS,2465,False
UPI100002776,2025-12-30,21:11:43,IDBI Bank,Axis Bank,Paytm,Bill Payment,783.78,Pending,NA,Patiala,iOS,658,False
UPI100002777,2025-01-30,20:59:27,Canara Bank,Union Bank,Paytm,Bill Payment,1690.92,Success,NA,Mumbai,iOS,1208,False
UPI100002778,2025-01-07,10:07:49,SBI,Punjab National Bank,WhatsApp Pay,Fund Transfer,2155.15,Success,NA,Mumbai,Android,1295,False
UPI100002779,2025-05-13,07:16:15,IDBI Bank,ICICI,Mobikwik,P2P,379.58,Success,NA,Ludhiana,iOS,53,False
UPI100002780,2025-09-15,21:13:12,IDBI Bank,Yes Bank,CRED,Fund Transfer,391.01,Failed,Daily Limit Exceeded,Hyderabad,iOS,601,False
UPI100002781,2025-09-28,06:14:34,Union Bank,Canara Bank,Google Pay,Bill Payment,765.65,Success,NA,Chandigarh,iOS,1304,True
UPI100002782,2025-10-31,08:00:22,IDBI Bank,SBI,Mobikwik,P2P,376.62,Pending,NA,Pune,Android,2471,False
UPI100002783,2025-01-24,05:49:31,Yes Bank,Kotak Mahindra,BHIM,Merchant Payment,1162.95,Success,NA,Kolkata,iOS,280,False
UPI100002784,2025-04-20,04:38:57,Canara Bank,ICICI,Mobikwik,Recharge,591.78,Success,NA,Delhi,Android,1514,True
UPI100002785,2025-07-04,23:10:21,Punjab National Bank,IDBI Bank,Paytm,P2M,1206.01,Failed,Daily Limit Exceeded,Delhi,Android,1885,False
UPI100002786,2025-04-24,01:02:30,IndusInd Bank,Bank of Baroda,BHIM,Fund Transfer,3357.01,Pending,NA,Patiala,Android,250,False
UPI100002787,2025-09-28,08:37:11,Kotak Mahindra,IndusInd Bank,CRED,Recharge,906.39,Success,NA,Jaipur,iOS,362,True
UPI100002788,2025-10-27,18:11:40,Punjab National Bank,Axis Bank,Google Pay,P2M,4211.43,Failed,Account Blocked/Frozen,Mumbai,Android,2163,False
UPI100002789,2025-07-01,00:39:47,Union Bank,IndusInd Bank,Paytm,Fund Transfer,1686.56,Failed,Beneficiary Bank Unavailable,Ludhiana,iOS,1129,False
UPI100002790,2025-09-08,13:21:08,Union Bank,IndusInd Bank,CRED,Merchant Payment,2025.08,Success,NA,Kolkata,iOS,480,False
UPI100002791,2025-05-19,04:40:20,Kotak Mahindra,Punjab National Bank,PhonePe,Bill Payment,1453.79,Success,NA,Chandigarh,Android,564,False
UPI100002792,2025-03-15,23:03:16,Yes Bank,Bank of Baroda,Paytm,P2M,405.96,Success,NA,Lucknow,iOS,654,True
UPI100002793,2025-04-16,20:03:52,Axis Bank,HDFC,Paytm,P2M,692.01,Failed,Incorrect UPI PIN,Lucknow,iOS,1086,False
UPI100002794,2025-04-24,09:44:48,IndusInd Bank,Canara Bank,Amazon Pay,Fund Transfer,1713.93,Failed,Duplicate Transaction,Kolkata,iOS,1109,False
UPI100002795,2025-02-25,16:12:07,Bank of Baroda,HDFC,Mobikwik,Merchant Payment,2410.54,Failed,Daily Limit Exceeded,Chandigarh,Android,384,False
UPI100002796,2025-04-24,00:08:51,ICICI,ICICI,Amazon Pay,P2P,87.89,Success,NA,Lucknow,iOS,1011,False
UPI100002797,2025-02-02,02:37:33,HDFC,HDFC,WhatsApp Pay,P2P,2123.8,Failed,Account Blocked/Frozen,Patiala,iOS,540,True
UPI100002798,2025-12-21,14:39:14,Yes Bank,Canara Bank,BHIM,Recharge,4422.66,Reversed,Duplicate Transaction,Kolkata,iOS,916,True
UPI100002799,2025-05-06,13:05:12,ICICI,Punjab National Bank,Mobikwik,P2M,2828.81,Pending,NA,Bengaluru,Android,239,False
UPI100002800,2025-07-27,16:20:44,IndusInd Bank,IndusInd Bank,Amazon Pay,Bill Payment,3484.85,Failed,Duplicate Transaction,Delhi,iOS,3096,True
UPI100002801,2025-04-16,17:13:45,IDBI Bank,IndusInd Bank,PhonePe,Bill Payment,2059.95,Failed,Transaction Timeout,Bengaluru,Android,1138,False
UPI100002802,2025-10-30,18:03:57,ICICI,Axis Bank,Amazon Pay,P2M,3492.07,Failed,Account Blocked/Frozen,Amritsar,Android,110,False
UPI100002803,2025-05-23,02:36:22,Yes Bank,IndusInd Bank,CRED,P2P,440.48,Failed,Transaction Timeout,Pune,iOS,1905,False
UPI100002804,2025-04-18,11:06:26,HDFC,Axis Bank,CRED,P2P,823.39,Pending,NA,Delhi,Android,116,False
UPI100002805,2025-08-06,05:48:51,ICICI,IndusInd Bank,WhatsApp Pay,Fund Transfer,447.98,Failed,Network Timeout,Ahmedabad,iOS,359,False
UPI100002806,2025-09-16,15:19:40,HDFC,HDFC,Paytm,Recharge,259.49,Success,NA,Amritsar,Android,95,False
UPI100002807,2025-06-13,00:28:21,Bank of Baroda,Bank of Baroda,Google Pay,Merchant Payment,3975.29,Success,NA,Hyderabad,iOS,698,False
UPI100002808,2025-06-13,20:47:44,Bank of Baroda,IndusInd Bank,Amazon Pay,P2M,1764.83,Failed,Invalid VPA,Amritsar,Android,1436,False
UPI100002809,2025-07-18,11:35:06,Canara Bank,IDBI Bank,Google Pay,P2P,2491.27,Failed,Daily Limit Exceeded,Ludhiana,iOS,1324,False
UPI100002810,2025-07-10,00:33:59,IndusInd Bank,Kotak Mahindra,PhonePe,Merchant Payment,1106.42,Success,NA,Hyderabad,Android,1089,False
UPI100002811,2025-05-19,20:12:06,SBI,IDBI Bank,BHIM,Merchant Payment,579.51,Success,NA,Bengaluru,iOS,708,False
UPI100002812,2025-02-03,06:32:37,Kotak Mahindra,Canara Bank,Amazon Pay,Recharge,352.16,Failed,Account Blocked/Frozen,Jaipur,Android,62,False
UPI100002813,2025-08-13,12:31:31,Punjab National Bank,Bank of Baroda,Google Pay,P2P,489.38,Success,NA,Ludhiana,iOS,118,False
UPI100002814,2025-07-18,04:25:05,Canara Bank,ICICI,Google Pay,P2M,1175.1,Failed,Duplicate Transaction,Bengaluru,iOS,449,False
UPI100002815,2025-05-07,17:11:47,Canara Bank,Punjab National Bank,BHIM,Fund Transfer,3736.58,Pending,NA,Lucknow,iOS,153,False
UPI100002816,2025-03-21,00:51:28,IndusInd Bank,IDBI Bank,Paytm,Recharge,470.37,Success,NA,Lucknow,iOS,1276,False
UPI100002817,2025-12-16,22:51:47,SBI,Union Bank,Paytm,Merchant Payment,1023.77,Failed,Bank Server Down,Hyderabad,iOS,585,False
UPI100002818,2025-01-13,18:06:20,SBI,HDFC,CRED,Recharge,1642.08,Success,NA,Ahmedabad,Android,879,False
UPI100002819,2025-04-16,08:46:24,Canara Bank,IndusInd Bank,Mobikwik,P2M,2594.34,Failed,Beneficiary Bank Unavailable,Patiala,Android,588,False
UPI100002820,2025-02-28,10:35:26,SBI,IDBI Bank,Paytm,Fund Transfer,2355.46,Success,NA,Chandigarh,Android,92,False
UPI100002821,2025-04-09,20:40:57,Punjab National Bank,Canara Bank,PhonePe,Fund Transfer,8578.31,Pending,NA,Lucknow,Android,366,False
UPI100002822,2025-11-14,16:52:28,Canara Bank,SBI,Mobikwik,Fund Transfer,2017.36,Failed,Network Timeout,Lucknow,Android,2989,False
UPI100002823,2025-03-29,11:29:38,Union Bank,Bank of Baroda,PhonePe,Merchant Payment,1105.5,Success,NA,Hyderabad,iOS,293,True
UPI100002824,2025-10-24,21:17:27,ICICI,ICICI,Paytm,Recharge,394.19,Failed,Incorrect UPI PIN,Jalandhar,iOS,1412,False
UPI100002825,2025-02-09,16:20:20,Kotak Mahindra,IndusInd Bank,CRED,Recharge,3830.89,Failed,Transaction Timeout,Jaipur,Android,97,True
UPI100002826,2025-09-04,05:11:35,Union Bank,HDFC,BHIM,Bill Payment,3159.04,Success,NA,Amritsar,Android,1664,False
UPI100002827,2025-12-02,20:14:13,SBI,IDBI Bank,Paytm,Fund Transfer,3026.76,Failed,Incorrect UPI PIN,Amritsar,Android,1968,False
UPI100002828,2025-11-19,14:06:27,IDBI Bank,SBI,BHIM,Fund Transfer,877.54,Failed,Insufficient Balance,Ahmedabad,iOS,3393,False
UPI100002829,2025-01-20,11:33:37,SBI,ICICI,PhonePe,Merchant Payment,981.6,Success,NA,Pune,iOS,1104,False
UPI100002830,2025-03-27,07:26:51,SBI,Kotak Mahindra,Mobikwik,P2M,1782.28,Success,NA,Patiala,iOS,86,False
UPI100002831,2025-08-05,13:43:28,Punjab National Bank,Canara Bank,BHIM,Bill Payment,1075.19,Success,NA,Bengaluru,Android,758,False
UPI100002832,2025-01-17,19:13:21,Axis Bank,ICICI,CRED,P2P,1562.2,Success,NA,Lucknow,Android,1955,False
UPI100002833,2025-09-03,05:03:25,IndusInd Bank,SBI,CRED,Merchant Payment,2942.23,Failed,Invalid VPA,Bengaluru,Android,142,False
UPI100002834,2025-01-20,12:25:58,IDBI Bank,Bank of Baroda,Google Pay,Fund Transfer,334.82,Reversed,Bank Server Down,Jaipur,Android,2591,False
UPI100002835,2025-06-12,12:35:06,Punjab National Bank,ICICI,Paytm,Recharge,5150.66,Reversed,Duplicate Transaction,Jalandhar,Android,779,False
UPI100002836,2025-08-06,20:33:03,IDBI Bank,Canara Bank,Google Pay,Bill Payment,2248.14,Failed,PSP Server Error,Amritsar,iOS,462,False
UPI100002837,2025-07-21,20:20:51,Union Bank,IDBI Bank,WhatsApp Pay,Bill Payment,639.27,Success,NA,Ludhiana,Android,445,False
UPI100002838,2025-08-15,22:20:20,Canara Bank,Union Bank,Amazon Pay,Recharge,915.33,Reversed,NPCI Switch Error,Ludhiana,iOS,313,False
UPI100002839,2025-12-03,11:55:36,Canara Bank,Kotak Mahindra,CRED,P2M,3831.63,Failed,Network Timeout,Ludhiana,Android,721,False
UPI100002840,2025-09-19,18:48:00,Bank of Baroda,SBI,CRED,Merchant Payment,1212.66,Success,NA,Lucknow,iOS,339,False
UPI100002841,2025-12-06,11:21:49,IDBI Bank,Kotak Mahindra,BHIM,P2P,160.68,Failed,PSP Server Error,Delhi,iOS,1622,True
UPI100002842,2025-03-27,00:42:39,Yes Bank,Axis Bank,Paytm,Fund Transfer,1763.93,Failed,PSP Server Error,Pune,iOS,881,False
UPI100002843,2025-02-20,17:56:31,Bank of Baroda,Canara Bank,WhatsApp Pay,Merchant Payment,354.28,Success,NA,Jalandhar,Android,233,False
UPI100002844,2025-06-03,19:39:33,Kotak Mahindra,Bank of Baroda,BHIM,Bill Payment,303.44,Success,NA,Jaipur,iOS,857,False
UPI100002845,2025-11-19,23:38:19,IDBI Bank,Punjab National Bank,CRED,P2P,4749.45,Success,NA,Bengaluru,Android,139,False
UPI100002846,2025-10-19,03:13:57,Punjab National Bank,Union Bank,Google Pay,Merchant Payment,1254.39,Pending,NA,Mumbai,Android,762,True
UPI100002847,2025-04-29,01:38:39,Punjab National Bank,Kotak Mahindra,Mobikwik,Recharge,4610.87,Failed,Beneficiary Bank Unavailable,Patiala,iOS,1846,False
UPI100002848,2025-09-03,07:34:18,Canara Bank,ICICI,Mobikwik,Bill Payment,1092.45,Success,NA,Mumbai,Android,429,False
UPI100002849,2025-12-03,12:18:32,SBI,Axis Bank,CRED,Bill Payment,868.14,Pending,NA,Kolkata,iOS,153,False
UPI100002850,2025-06-20,15:51:01,Union Bank,IndusInd Bank,Paytm,Merchant Payment,479.14,Success,NA,Ludhiana,iOS,621,False
UPI100002851,2025-03-21,05:52:03,Canara Bank,IDBI Bank,CRED,Fund Transfer,5728.27,Reversed,Duplicate Transaction,Mumbai,iOS,1164,False
UPI100002852,2025-02-20,01:21:16,Yes Bank,Union Bank,Amazon Pay,Recharge,765.13,Success,NA,Patiala,Android,601,False
UPI100002853,2025-02-06,06:43:44,HDFC,ICICI,Paytm,P2M,2016.12,Pending,NA,Bengaluru,Android,1616,False
UPI100002854,2025-08-25,23:46:13,Kotak Mahindra,HDFC,CRED,Merchant Payment,4987.66,Failed,Incorrect UPI PIN,Mumbai,Android,99,False
UPI100002855,2025-02-14,19:01:34,SBI,Punjab National Bank,WhatsApp Pay,Fund Transfer,1209.13,Success,NA,Pune,Android,1273,False
UPI100002856,2025-02-11,23:14:18,Kotak Mahindra,Punjab National Bank,BHIM,Fund Transfer,205.88,Failed,Daily Limit Exceeded,Ahmedabad,Android,366,False
UPI100002857,2025-04-26,02:44:36,IDBI Bank,Yes Bank,BHIM,Merchant Payment,2599.92,Failed,Beneficiary Bank Unavailable,Hyderabad,iOS,431,True
UPI100002858,2025-02-15,17:54:01,Bank of Baroda,ICICI,CRED,Merchant Payment,2187.88,Pending,NA,Amritsar,Android,938,True
UPI100002859,2025-03-23,16:27:14,Kotak Mahindra,Canara Bank,Mobikwik,Bill Payment,3739.42,Failed,Invalid VPA,Amritsar,iOS,2277,True
UPI100002860,2025-01-27,06:51:42,Bank of Baroda,Bank of Baroda,Paytm,Merchant Payment,114.29,Failed,Beneficiary Bank Unavailable,Bengaluru,iOS,561,False
UPI100002861,2025-06-28,17:59:11,IDBI Bank,IndusInd Bank,CRED,P2M,2436.48,Success,NA,Bengaluru,Android,2423,True
UPI100002862,2025-09-27,01:09:37,Kotak Mahindra,Yes Bank,Mobikwik,Fund Transfer,386.72,Success,NA,Jalandhar,Android,91,True
UPI100002863,2025-10-20,13:59:08,Kotak Mahindra,Kotak Mahindra,Paytm,Recharge,650.27,Success,NA,Ahmedabad,Android,977,False
UPI100002864,2025-10-27,02:52:32,HDFC,IndusInd Bank,CRED,Bill Payment,410.05,Reversed,NPCI Switch Error,Chandigarh,Android,1289,False
UPI100002865,2025-06-12,02:43:47,Union Bank,Bank of Baroda,Paytm,P2P,1919.13,Failed,Network Timeout,Kolkata,Android,519,False
UPI100002866,2025-11-26,08:37:50,Union Bank,SBI,Mobikwik,P2P,134.26,Success,NA,Delhi,iOS,155,False
UPI100002867,2025-07-05,16:57:12,Punjab National Bank,Punjab National Bank,PhonePe,Bill Payment,117.1,Success,NA,Pune,iOS,1112,True
UPI100002868,2025-06-23,08:26:38,IDBI Bank,Yes Bank,CRED,Bill Payment,2163.45,Failed,Insufficient Balance,Ludhiana,iOS,1359,False
UPI100002869,2025-05-17,02:16:30,Punjab National Bank,Canara Bank,CRED,Merchant Payment,2189.62,Success,NA,Bengaluru,iOS,830,True
UPI100002870,2025-03-09,13:41:22,IDBI Bank,IndusInd Bank,Paytm,Bill Payment,1970.23,Failed,Beneficiary Bank Unavailable,Delhi,Android,975,True
UPI100002871,2025-02-04,13:39:59,Yes Bank,Union Bank,Paytm,Fund Transfer,134.81,Success,NA,Chandigarh,iOS,360,False
UPI100002872,2025-11-03,06:59:03,ICICI,Punjab National Bank,Google Pay,Recharge,2682.6,Failed,Bank Server Down,Jalandhar,Android,457,False
UPI100002873,2025-12-18,16:10:17,SBI,HDFC,PhonePe,Merchant Payment,127.62,Success,NA,Jaipur,Android,944,False
UPI100002874,2025-01-03,01:03:14,SBI,Canara Bank,Google Pay,Bill Payment,1266.46,Success,NA,Pune,Android,794,False
UPI100002875,2025-01-25,14:21:02,Union Bank,Canara Bank,Mobikwik,Recharge,2369.29,Success,NA,Ahmedabad,iOS,722,True
UPI100002876,2025-01-23,16:24:29,Bank of Baroda,IndusInd Bank,PhonePe,P2P,1453.33,Success,NA,Kolkata,Android,1676,False
UPI100002877,2025-07-08,05:47:10,Punjab National Bank,HDFC,Mobikwik,Recharge,715.39,Success,NA,Lucknow,Android,500,False
UPI100002878,2025-07-13,22:59:38,Yes Bank,Union Bank,Google Pay,Recharge,3361.53,Success,NA,Bengaluru,Android,989,True
UPI100002879,2025-07-10,01:17:18,ICICI,Yes Bank,BHIM,Merchant Payment,345.22,Failed,Incorrect UPI PIN,Hyderabad,iOS,1075,False
UPI100002880,2025-08-29,22:50:15,Union Bank,Union Bank,CRED,Recharge,629.9,Failed,PSP Server Error,Bengaluru,Android,370,False
UPI100002881,2025-07-17,13:02:56,Kotak Mahindra,ICICI,WhatsApp Pay,Merchant Payment,92.07,Failed,Transaction Timeout,Ludhiana,iOS,391,False
UPI100002882,2025-07-13,08:46:02,SBI,HDFC,Amazon Pay,Bill Payment,406.44,Failed,Daily Limit Exceeded,Amritsar,iOS,1266,True
UPI100002883,2025-07-18,14:56:36,Canara Bank,IDBI Bank,CRED,Fund Transfer,602.48,Failed,Insufficient Balance,Pune,Android,1086,False
UPI100002884,2025-08-12,06:49:24,ICICI,Kotak Mahindra,Paytm,Fund Transfer,2305.89,Success,NA,Kolkata,Android,1786,False
UPI100002885,2025-08-22,15:22:06,Union Bank,Canara Bank,PhonePe,Fund Transfer,1070.95,Success,NA,Lucknow,Android,1109,False
UPI100002886,2025-03-06,09:07:01,Kotak Mahindra,Yes Bank,BHIM,P2M,864.79,Failed,Invalid VPA,Pune,Android,1412,False
UPI100002887,2025-11-10,09:14:59,IDBI Bank,Canara Bank,Amazon Pay,P2M,1118.11,Success,NA,Amritsar,iOS,2075,False
UPI100002888,2025-11-25,02:05:59,Kotak Mahindra,Axis Bank,PhonePe,Bill Payment,370.27,Pending,NA,Delhi,Android,550,False
UPI100002889,2025-04-20,02:05:53,IDBI Bank,Axis Bank,Google Pay,Bill Payment,643.69,Failed,Daily Limit Exceeded,Patiala,Android,224,True
UPI100002890,2025-05-22,06:04:52,ICICI,Yes Bank,PhonePe,Fund Transfer,721.9,Failed,Bank Server Down,Ludhiana,iOS,554,False
UPI100002891,2025-05-10,14:04:44,Canara Bank,IndusInd Bank,CRED,Bill Payment,617.73,Success,NA,Amritsar,iOS,537,True
UPI100002892,2025-05-08,02:56:29,Axis Bank,HDFC,CRED,Merchant Payment,586.43,Failed,Bank Server Down,Kolkata,iOS,285,False
UPI100002893,2025-10-13,18:25:33,Canara Bank,HDFC,Mobikwik,Merchant Payment,1812.81,Failed,PSP Server Error,Kolkata,Android,938,False
UPI100002894,2025-05-04,05:07:20,Canara Bank,Punjab National Bank,Paytm,P2P,593.62,Success,NA,Lucknow,iOS,288,True
UPI100002895,2025-12-30,14:11:05,Yes Bank,ICICI,BHIM,Fund Transfer,4757.53,Success,NA,Ludhiana,Android,5004,False
UPI100002896,2025-02-04,18:31:13,Union Bank,Kotak Mahindra,Google Pay,P2P,335.29,Success,NA,Jalandhar,iOS,302,False
UPI100002897,2025-04-28,10:35:30,ICICI,Punjab National Bank,BHIM,Merchant Payment,363.78,Failed,Duplicate Transaction,Amritsar,Android,994,False
UPI100002898,2025-01-11,11:22:47,Yes Bank,SBI,BHIM,Fund Transfer,1589.36,Success,NA,Ahmedabad,Android,1087,True
UPI100002899,2025-12-28,10:37:41,Union Bank,Axis Bank,Google Pay,Bill Payment,1058.37,Reversed,Bank Server Down,Lucknow,iOS,1278,True
UPI100002900,2025-05-17,04:02:10,IndusInd Bank,Bank of Baroda,PhonePe,P2P,262.69,Success,NA,Jalandhar,Android,878,True
UPI100002901,2025-12-09,06:01:48,SBI,SBI,BHIM,Merchant Payment,919.61,Success,NA,Pune,iOS,50,False
UPI100002902,2025-03-19,23:16:15,Axis Bank,Union Bank,Paytm,P2P,3882.0,Success,NA,Kolkata,Android,2004,False
UPI100002903,2025-11-23,07:34:37,Canara Bank,ICICI,Mobikwik,Fund Transfer,1745.67,Failed,NPCI Switch Error,Bengaluru,Android,692,True
UPI100002904,2025-02-20,15:49:57,ICICI,IndusInd Bank,Google Pay,Fund Transfer,1374.73,Failed,PSP Server Error,Chandigarh,iOS,2030,False
UPI100002905,2025-01-05,22:42:26,HDFC,Yes Bank,Amazon Pay,Bill Payment,1536.53,Success,NA,Hyderabad,Android,188,True
UPI100002906,2025-04-01,22:53:30,IndusInd Bank,Kotak Mahindra,CRED,Merchant Payment,6811.61,Failed,Invalid VPA,Jalandhar,Android,105,False
UPI100002907,2025-05-11,13:18:03,Bank of Baroda,Union Bank,PhonePe,Recharge,1357.6,Success,NA,Jalandhar,Android,2170,True
UPI100002908,2025-06-23,14:41:19,HDFC,ICICI,Amazon Pay,Bill Payment,541.17,Reversed,Duplicate Transaction,Lucknow,Android,160,False
UPI100002909,2025-05-02,17:21:58,IDBI Bank,Yes Bank,Paytm,Fund Transfer,1947.53,Failed,Insufficient Balance,Amritsar,Android,740,False
UPI100002910,2025-04-24,00:28:49,Axis Bank,SBI,PhonePe,P2P,2460.69,Failed,Daily Limit Exceeded,Patiala,Android,81,False
UPI100002911,2025-01-27,20:40:32,SBI,Axis Bank,Mobikwik,Bill Payment,1416.21,Success,NA,Jaipur,Android,440,False
UPI100002912,2025-04-24,08:06:37,Union Bank,Union Bank,Mobikwik,Bill Payment,2928.58,Pending,NA,Ahmedabad,iOS,391,False
UPI100002913,2025-10-08,15:41:51,Bank of Baroda,Canara Bank,Google Pay,P2P,2731.77,Reversed,Duplicate Transaction,Hyderabad,iOS,724,False
UPI100002914,2025-11-25,23:39:21,Canara Bank,HDFC,CRED,Merchant Payment,859.25,Success,NA,Ahmedabad,iOS,94,False
UPI100002915,2025-02-20,05:09:40,Union Bank,HDFC,BHIM,Recharge,2467.51,Reversed,Bank Server Down,Chandigarh,Android,111,False
UPI100002916,2025-03-21,07:58:15,ICICI,IDBI Bank,Google Pay,P2M,1946.79,Failed,PSP Server Error,Pune,Android,106,False
UPI100002917,2025-10-25,06:36:18,Kotak Mahindra,IndusInd Bank,PhonePe,Fund Transfer,1328.42,Failed,Incorrect UPI PIN,Jalandhar,Android,352,True
UPI100002918,2025-09-01,08:42:02,Kotak Mahindra,Yes Bank,BHIM,Fund Transfer,517.25,Failed,Bank Server Down,Jaipur,Android,196,False
UPI100002919,2025-03-09,03:14:57,Punjab National Bank,Kotak Mahindra,PhonePe,Fund Transfer,4340.64,Failed,PSP Server Error,Pune,Android,1084,True
UPI100002920,2025-07-02,05:57:51,Union Bank,Canara Bank,WhatsApp Pay,Recharge,626.18,Failed,Insufficient Balance,Jaipur,Android,740,False
UPI100002921,2025-01-26,00:35:53,Axis Bank,HDFC,BHIM,Bill Payment,1062.8,Success,NA,Chandigarh,iOS,895,True
UPI100002922,2025-01-01,01:03:29,Union Bank,IDBI Bank,CRED,P2P,723.95,Failed,Bank Server Down,Jalandhar,iOS,768,False
UPI100002923,2025-02-08,14:50:20,Canara Bank,Union Bank,Amazon Pay,Fund Transfer,87.57,Success,NA,Bengaluru,Android,504,True
UPI100002924,2025-06-09,23:00:39,Union Bank,Union Bank,Google Pay,Bill Payment,2711.14,Success,NA,Kolkata,iOS,178,False
UPI100002925,2025-05-22,21:49:53,SBI,SBI,Amazon Pay,Bill Payment,817.83,Success,NA,Lucknow,iOS,822,False
UPI100002926,2025-04-21,05:01:01,Canara Bank,Punjab National Bank,Mobikwik,Merchant Payment,1211.73,Success,NA,Mumbai,Android,2929,False
UPI100002927,2025-10-06,23:39:08,IndusInd Bank,Union Bank,PhonePe,Merchant Payment,1327.18,Failed,Invalid VPA,Kolkata,iOS,415,False
UPI100002928,2025-09-11,04:43:05,Canara Bank,Axis Bank,Amazon Pay,Recharge,2664.01,Success,NA,Chandigarh,iOS,2242,False
UPI100002929,2025-06-21,23:36:40,Union Bank,Axis Bank,PhonePe,P2P,2349.06,Pending,NA,Lucknow,iOS,99,True
UPI100002930,2025-12-12,15:20:33,IDBI Bank,Axis Bank,Amazon Pay,Merchant Payment,2252.53,Success,NA,Bengaluru,Android,932,False
UPI100002931,2025-12-07,23:21:43,IndusInd Bank,Axis Bank,BHIM,Merchant Payment,1528.35,Success,NA,Mumbai,Android,1226,True
UPI100002932,2025-01-18,16:02:11,Axis Bank,Punjab National Bank,CRED,Fund Transfer,2071.75,Success,NA,Jalandhar,iOS,2027,True
UPI100002933,2025-04-30,09:39:22,ICICI,Yes Bank,Paytm,Bill Payment,319.63,Reversed,Duplicate Transaction,Chandigarh,iOS,765,False
UPI100002934,2025-08-09,13:54:51,Bank of Baroda,Union Bank,PhonePe,P2P,1543.39,Failed,Invalid VPA,Ahmedabad,iOS,69,True
UPI100002935,2025-08-05,02:20:22,Axis Bank,Kotak Mahindra,Amazon Pay,P2P,78.82,Success,NA,Mumbai,iOS,1461,False
UPI100002936,2025-07-28,21:17:00,Axis Bank,Bank of Baroda,Paytm,P2M,404.05,Pending,NA,Pune,iOS,655,False
UPI100002937,2025-03-14,18:14:18,Yes Bank,Union Bank,BHIM,P2M,249.57,Failed,Invalid VPA,Pune,Android,1028,False
UPI100002938,2025-11-11,19:30:45,Kotak Mahindra,ICICI,Amazon Pay,P2P,1338.57,Success,NA,Ahmedabad,iOS,2282,False
UPI100002939,2025-01-10,21:05:19,Union Bank,Canara Bank,CRED,Bill Payment,1333.08,Success,NA,Chandigarh,iOS,803,False
UPI100002940,2025-04-07,21:18:05,Canara Bank,Kotak Mahindra,Paytm,Bill Payment,335.76,Success,NA,Ahmedabad,iOS,617,False
UPI100002941,2025-09-16,20:28:07,Bank of Baroda,IndusInd Bank,Mobikwik,P2P,1978.98,Success,NA,Pune,iOS,273,False
UPI100002942,2025-01-07,10:03:20,HDFC,Union Bank,Google Pay,P2P,1442.13,Success,NA,Pune,iOS,657,False
UPI100002943,2025-05-09,03:19:14,HDFC,Kotak Mahindra,Paytm,P2P,228.18,Success,NA,Jalandhar,iOS,74,False
UPI100002944,2025-01-01,16:12:13,Punjab National Bank,IndusInd Bank,Amazon Pay,P2M,878.37,Failed,Invalid VPA,Hyderabad,iOS,528,False
UPI100002945,2025-03-23,22:34:59,IDBI Bank,Yes Bank,Google Pay,Bill Payment,2002.95,Success,NA,Delhi,iOS,757,True
UPI100002946,2025-09-29,06:39:42,IndusInd Bank,Kotak Mahindra,Amazon Pay,Fund Transfer,1496.68,Failed,NPCI Switch Error,Jaipur,Android,1014,False
UPI100002947,2025-07-13,18:06:31,Yes Bank,Axis Bank,CRED,Merchant Payment,1753.47,Success,NA,Delhi,iOS,1531,True
UPI100002948,2025-05-31,16:39:51,IndusInd Bank,Kotak Mahindra,WhatsApp Pay,Merchant Payment,2533.8,Success,NA,Jaipur,Android,2026,True
UPI100002949,2025-04-25,20:54:43,HDFC,Kotak Mahindra,CRED,Merchant Payment,3401.34,Success,NA,Bengaluru,Android,749,False
UPI100002950,2025-08-02,21:36:22,Punjab National Bank,Canara Bank,Mobikwik,P2M,1541.45,Failed,Invalid VPA,Amritsar,Android,2832,True
UPI100002951,2025-12-25,20:47:57,IDBI Bank,ICICI,Google Pay,Fund Transfer,439.72,Success,NA,Ahmedabad,iOS,1144,False
UPI100002952,2025-07-29,19:29:16,Axis Bank,IndusInd Bank,Mobikwik,Recharge,693.56,Success,NA,Kolkata,iOS,267,False
UPI100002953,2025-07-24,00:29:54,HDFC,Bank of Baroda,CRED,Recharge,1500.75,Failed,PSP Server Error,Mumbai,iOS,264,False
UPI100002954,2025-12-16,00:59:13,Yes Bank,SBI,Paytm,Fund Transfer,248.85,Reversed,NPCI Switch Error,Pune,Android,435,False
UPI100002955,2025-11-30,01:38:35,Canara Bank,Bank of Baroda,Mobikwik,Recharge,1253.49,Success,NA,Ludhiana,Android,412,True
UPI100002956,2025-01-21,16:10:48,IDBI Bank,Canara Bank,Google Pay,Fund Transfer,882.42,Success,NA,Ahmedabad,Android,2228,False
UPI100002957,2025-08-20,10:00:03,ICICI,IDBI Bank,PhonePe,Bill Payment,869.53,Failed,Insufficient Balance,Patiala,iOS,492,False
UPI100002958,2025-12-01,05:58:51,IDBI Bank,Union Bank,PhonePe,Merchant Payment,2100.18,Failed,Daily Limit Exceeded,Bengaluru,Android,3319,False
UPI100002959,2025-07-25,08:50:23,Punjab National Bank,Union Bank,Paytm,P2M,770.58,Success,NA,Ludhiana,iOS,1888,False
UPI100002960,2025-05-20,10:40:57,Punjab National Bank,Punjab National Bank,Amazon Pay,Merchant Payment,1061.91,Failed,Account Blocked/Frozen,Lucknow,Android,271,False
UPI100002961,2025-01-23,00:49:08,IndusInd Bank,IndusInd Bank,Amazon Pay,Recharge,64.83,Success,NA,Ahmedabad,iOS,1857,False
UPI100002962,2025-02-17,19:07:59,Axis Bank,Yes Bank,Mobikwik,Merchant Payment,111.88,Failed,Duplicate Transaction,Hyderabad,Android,545,False
UPI100002963,2025-07-10,18:21:16,IndusInd Bank,Union Bank,PhonePe,Fund Transfer,1109.67,Reversed,Bank Server Down,Delhi,Android,560,False
UPI100002964,2025-02-13,22:01:30,IndusInd Bank,Union Bank,Paytm,P2M,303.54,Failed,NPCI Switch Error,Chandigarh,Android,101,False
UPI100002965,2025-09-29,23:28:18,ICICI,IndusInd Bank,BHIM,Bill Payment,3279.13,Reversed,NPCI Switch Error,Mumbai,Android,2141,False
UPI100002966,2025-12-12,00:10:58,SBI,Kotak Mahindra,Paytm,P2P,317.13,Success,NA,Lucknow,iOS,1698,False
UPI100002967,2025-09-30,17:31:16,Punjab National Bank,HDFC,Mobikwik,Fund Transfer,644.76,Success,NA,Pune,Android,833,False
UPI100002968,2025-10-31,00:19:37,ICICI,Yes Bank,Google Pay,Merchant Payment,1481.12,Pending,NA,Ludhiana,iOS,1101,False
UPI100002969,2025-02-09,01:02:21,Kotak Mahindra,HDFC,Mobikwik,Fund Transfer,5809.81,Success,NA,Patiala,iOS,519,True
UPI100002970,2025-03-18,16:19:48,IDBI Bank,IDBI Bank,WhatsApp Pay,P2M,697.39,Pending,NA,Hyderabad,iOS,513,False
UPI100002971,2025-06-26,08:27:22,IndusInd Bank,IndusInd Bank,Amazon Pay,P2M,1004.04,Success,NA,Pune,Android,1121,False
UPI100002972,2025-06-27,16:57:51,Canara Bank,ICICI,CRED,P2P,704.04,Reversed,Duplicate Transaction,Pune,iOS,1571,False
UPI100002973,2025-05-29,23:02:39,ICICI,SBI,Amazon Pay,Fund Transfer,509.54,Failed,PSP Server Error,Ludhiana,Android,931,False
UPI100002974,2025-10-08,05:56:20,HDFC,IndusInd Bank,PhonePe,Fund Transfer,950.91,Reversed,Bank Server Down,Bengaluru,iOS,918,False
UPI100002975,2025-10-15,00:40:14,SBI,Canara Bank,PhonePe,Bill Payment,2020.2,Success,NA,Patiala,Android,664,False
UPI100002976,2025-05-29,22:19:59,SBI,SBI,Mobikwik,Fund Transfer,25.26,Pending,NA,Mumbai,iOS,540,False
UPI100002977,2025-11-14,14:26:28,IndusInd Bank,Punjab National Bank,Paytm,Fund Transfer,4041.91,Failed,NPCI Switch Error,Jalandhar,iOS,252,False
UPI100002978,2025-12-01,08:02:22,IndusInd Bank,IDBI Bank,PhonePe,Fund Transfer,211.08,Success,NA,Bengaluru,iOS,626,False
UPI100002979,2025-12-01,21:28:50,Punjab National Bank,Axis Bank,Mobikwik,P2P,278.01,Failed,Beneficiary Bank Unavailable,Kolkata,Android,4100,False
UPI100002980,2025-08-29,05:02:36,Punjab National Bank,Punjab National Bank,BHIM,P2M,4991.73,Success,NA,Patiala,iOS,434,False
UPI100002981,2025-12-20,16:27:15,Yes Bank,IndusInd Bank,Amazon Pay,P2P,345.8,Pending,NA,Pune,Android,344,True
UPI100002982,2025-02-17,20:48:38,Punjab National Bank,Union Bank,WhatsApp Pay,Fund Transfer,3077.22,Failed,Daily Limit Exceeded,Pune,Android,1041,False
UPI100002983,2025-12-10,17:18:21,Canara Bank,HDFC,Paytm,P2P,255.07,Failed,Transaction Timeout,Delhi,iOS,233,False
UPI100002984,2025-03-03,06:43:29,Punjab National Bank,Kotak Mahindra,Google Pay,Fund Transfer,1551.76,Failed,Network Timeout,Jalandhar,Android,551,False
UPI100002985,2025-01-20,18:08:42,Union Bank,Punjab National Bank,WhatsApp Pay,P2M,914.9,Success,NA,Hyderabad,Android,1893,False
UPI100002986,2025-07-09,14:32:28,Kotak Mahindra,IndusInd Bank,Paytm,P2M,160.48,Success,NA,Jaipur,iOS,746,False
UPI100002987,2025-06-16,22:28:48,Yes Bank,Yes Bank,BHIM,Bill Payment,1352.82,Success,NA,Ahmedabad,Android,1777,False
UPI100002988,2025-04-23,20:34:03,ICICI,Kotak Mahindra,CRED,Recharge,664.55,Failed,Duplicate Transaction,Amritsar,iOS,82,False
UPI100002989,2025-05-25,05:07:15,IndusInd Bank,Canara Bank,Amazon Pay,Merchant Payment,1797.17,Success,NA,Chandigarh,iOS,385,True
UPI100002990,2025-05-16,15:20:51,Kotak Mahindra,HDFC,PhonePe,Fund Transfer,2190.57,Success,NA,Lucknow,Android,218,False
UPI100002991,2025-07-20,02:14:08,Axis Bank,Yes Bank,Google Pay,P2P,1585.78,Failed,Invalid VPA,Mumbai,iOS,52,True
UPI100002992,2025-03-15,21:10:54,IDBI Bank,Axis Bank,Mobikwik,Fund Transfer,615.22,Failed,Incorrect UPI PIN,Lucknow,Android,947,True
UPI100002993,2025-12-05,03:19:29,Yes Bank,Axis Bank,Amazon Pay,P2M,1302.42,Success,NA,Pune,iOS,327,False
UPI100002994,2025-11-22,13:12:25,Union Bank,IndusInd Bank,WhatsApp Pay,Merchant Payment,6402.78,Success,NA,Mumbai,iOS,125,True
UPI100002995,2025-04-27,18:16:40,IDBI Bank,IndusInd Bank,WhatsApp Pay,Bill Payment,5978.02,Failed,Daily Limit Exceeded,Bengaluru,iOS,1047,True
UPI100002996,2025-04-29,02:10:40,Bank of Baroda,IndusInd Bank,Google Pay,Recharge,2221.34,Failed,PSP Server Error,Amritsar,iOS,511,False
UPI100002997,2025-06-13,22:07:07,Canara Bank,ICICI,PhonePe,Merchant Payment,243.87,Success,NA,Patiala,iOS,460,False
UPI100002998,2025-11-22,15:09:29,Yes Bank,IndusInd Bank,Amazon Pay,Fund Transfer,1412.57,Failed,NPCI Switch Error,Lucknow,iOS,159,True
UPI100002999,2025-07-21,14:39:04,Bank of Baroda,Yes Bank,Google Pay,P2P,709.77,Pending,NA,Lucknow,Android,752,False
UPI100003000,2025-06-20,18:21:20,Punjab National Bank,Canara Bank,Paytm,Merchant Payment,2502.59,Success,NA,Bengaluru,iOS,226,False
UPI100003001,2025-09-17,20:18:07,IndusInd Bank,IDBI Bank,PhonePe,P2M,3010.1,Success,NA,Ahmedabad,Android,257,False
UPI100003002,2025-03-22,16:49:51,Yes Bank,HDFC,CRED,Merchant Payment,1731.09,Success,NA,Pune,Android,1463,True
UPI100003003,2025-01-30,13:17:13,Kotak Mahindra,Kotak Mahindra,CRED,P2M,200.7,Failed,NPCI Switch Error,Jaipur,Android,200,False
UPI100003004,2025-04-05,20:26:28,Punjab National Bank,Bank of Baroda,BHIM,Recharge,879.95,Pending,NA,Kolkata,iOS,1436,True
UPI100003005,2025-04-05,07:14:36,SBI,Kotak Mahindra,BHIM,Bill Payment,803.88,Success,NA,Jalandhar,Android,513,True
UPI100003006,2025-03-30,05:44:15,Axis Bank,SBI,CRED,Bill Payment,1320.05,Success,NA,Kolkata,Android,84,True
UPI100003007,2025-12-21,20:10:17,Yes Bank,IndusInd Bank,Amazon Pay,P2P,2945.38,Success,NA,Lucknow,Android,471,True
UPI100003008,2025-03-28,00:31:44,Kotak Mahindra,Yes Bank,Paytm,Recharge,1023.65,Success,NA,Amritsar,iOS,289,False
UPI100003009,2025-04-24,18:59:28,Kotak Mahindra,Punjab National Bank,Amazon Pay,Merchant Payment,2525.85,Failed,NPCI Switch Error,Patiala,Android,243,False
UPI100003010,2025-07-27,14:35:57,Canara Bank,IDBI Bank,Amazon Pay,Bill Payment,3861.27,Success,NA,Ludhiana,Android,127,True
UPI100003011,2025-05-08,05:22:24,ICICI,IDBI Bank,BHIM,Bill Payment,3542.23,Success,NA,Kolkata,iOS,1096,False
UPI100003012,2025-07-21,19:04:56,IndusInd Bank,Bank of Baroda,PhonePe,P2P,1698.38,Success,NA,Jaipur,Android,1963,False
UPI100003013,2025-07-01,14:26:10,Punjab National Bank,IndusInd Bank,WhatsApp Pay,P2M,2348.07,Success,NA,Ahmedabad,iOS,2185,False
UPI100003014,2025-02-11,11:00:12,IDBI Bank,IDBI Bank,BHIM,Merchant Payment,502.2,Success,NA,Ahmedabad,Android,846,False
UPI100003015,2025-08-11,17:48:26,Punjab National Bank,Bank of Baroda,PhonePe,Merchant Payment,909.14,Success,NA,Jalandhar,Android,2619,False
UPI100003016,2025-11-14,03:24:59,Kotak Mahindra,IndusInd Bank,Mobikwik,Fund Transfer,188.75,Success,NA,Hyderabad,iOS,2307,False
UPI100003017,2025-11-10,23:39:36,ICICI,Yes Bank,Paytm,Merchant Payment,498.05,Reversed,NPCI Switch Error,Chandigarh,iOS,1290,False
UPI100003018,2025-01-30,06:26:07,Bank of Baroda,Canara Bank,Amazon Pay,P2P,851.98,Success,NA,Kolkata,iOS,711,False
UPI100003019,2025-09-05,11:45:44,HDFC,ICICI,WhatsApp Pay,P2P,112.9,Failed,Invalid VPA,Mumbai,iOS,59,False
UPI100003020,2025-11-19,15:08:43,Axis Bank,Bank of Baroda,CRED,Bill Payment,2087.92,Reversed,NPCI Switch Error,Ludhiana,iOS,1032,False
UPI100003021,2025-11-24,20:29:12,Bank of Baroda,IndusInd Bank,WhatsApp Pay,P2P,3079.17,Failed,Daily Limit Exceeded,Chandigarh,Android,711,False
UPI100003022,2025-01-08,17:58:14,IndusInd Bank,ICICI,BHIM,Fund Transfer,1988.04,Success,NA,Hyderabad,Android,161,False
UPI100003023,2025-04-04,12:24:47,Bank of Baroda,Bank of Baroda,Mobikwik,Recharge,1391.15,Failed,Incorrect UPI PIN,Hyderabad,Android,1856,False
UPI100003024,2025-04-28,14:40:12,ICICI,Union Bank,PhonePe,Merchant Payment,976.26,Failed,Daily Limit Exceeded,Jaipur,Android,453,False
UPI100003025,2025-10-13,10:35:47,ICICI,Union Bank,BHIM,P2M,874.3,Success,NA,Patiala,Android,593,False
UPI100003026,2025-08-15,10:37:15,Kotak Mahindra,IndusInd Bank,BHIM,Merchant Payment,509.95,Failed,Network Timeout,Pune,iOS,708,False
UPI100003027,2025-02-12,06:06:23,Kotak Mahindra,Union Bank,Amazon Pay,P2P,4542.03,Success,NA,Ahmedabad,iOS,1051,False
UPI100003028,2025-06-13,03:21:01,Kotak Mahindra,Bank of Baroda,Paytm,Recharge,325.96,Failed,Bank Server Down,Chandigarh,Android,397,False
UPI100003029,2025-09-06,08:31:37,Punjab National Bank,Canara Bank,WhatsApp Pay,Bill Payment,4469.77,Success,NA,Patiala,Android,1083,True
UPI100003030,2025-02-27,17:49:54,Yes Bank,Canara Bank,CRED,P2P,1720.29,Success,NA,Jaipur,Android,1065,False
UPI100003031,2025-10-11,06:45:57,SBI,HDFC,CRED,P2M,48.37,Failed,Account Blocked/Frozen,Chandigarh,Android,2151,True
UPI100003032,2025-05-15,08:16:25,Union Bank,IndusInd Bank,Paytm,Bill Payment,958.59,Success,NA,Ludhiana,Android,550,False
UPI100003033,2025-06-29,20:10:59,IDBI Bank,Canara Bank,WhatsApp Pay,Fund Transfer,1956.78,Success,NA,Amritsar,Android,1975,True
UPI100003034,2025-05-07,15:33:52,Bank of Baroda,Kotak Mahindra,CRED,P2P,521.7,Reversed,Duplicate Transaction,Chandigarh,iOS,1327,False
UPI100003035,2025-05-05,15:47:28,Punjab National Bank,IndusInd Bank,Amazon Pay,P2P,274.66,Failed,Invalid VPA,Jaipur,iOS,948,False
UPI100003036,2025-09-18,08:22:51,IndusInd Bank,Bank of Baroda,Mobikwik,Fund Transfer,122.69,Failed,Account Blocked/Frozen,Jaipur,Android,278,False
UPI100003037,2025-03-07,02:32:44,Kotak Mahindra,Union Bank,CRED,P2P,2043.23,Failed,NPCI Switch Error,Patiala,iOS,1242,False
UPI100003038,2025-06-01,04:32:40,HDFC,Bank of Baroda,CRED,Merchant Payment,914.49,Success,NA,Chandigarh,Android,1355,True
UPI100003039,2025-07-29,06:14:29,Bank of Baroda,IndusInd Bank,CRED,Recharge,70.24,Success,NA,Jalandhar,Android,936,False
UPI100003040,2025-05-05,13:05:41,Kotak Mahindra,IndusInd Bank,BHIM,P2P,719.23,Success,NA,Kolkata,Android,256,False
UPI100003041,2025-12-14,05:27:26,Punjab National Bank,Bank of Baroda,CRED,P2P,3955.64,Success,NA,Jalandhar,iOS,681,True
UPI100003042,2025-01-09,06:34:51,Axis Bank,Punjab National Bank,Google Pay,Fund Transfer,254.9,Success,NA,Amritsar,Android,217,False
UPI100003043,2025-02-02,21:33:02,Union Bank,HDFC,Amazon Pay,Recharge,514.7,Pending,NA,Hyderabad,iOS,397,True
UPI100003044,2025-03-25,21:49:32,Kotak Mahindra,Kotak Mahindra,Amazon Pay,Fund Transfer,608.72,Success,NA,Amritsar,iOS,54,False
UPI100003045,2025-03-05,22:56:21,IDBI Bank,IDBI Bank,PhonePe,Recharge,397.51,Failed,Account Blocked/Frozen,Amritsar,Android,795,False
UPI100003046,2025-04-10,17:11:36,Bank of Baroda,IndusInd Bank,Amazon Pay,Recharge,1718.94,Success,NA,Hyderabad,iOS,711,False
UPI100003047,2025-11-11,13:31:35,SBI,IDBI Bank,Paytm,Bill Payment,1444.63,Pending,NA,Mumbai,Android,1080,False
UPI100003048,2025-04-15,04:05:25,IndusInd Bank,ICICI,PhonePe,Bill Payment,1298.34,Failed,Duplicate Transaction,Ahmedabad,Android,2256,False
UPI100003049,2025-09-03,03:28:41,Union Bank,Yes Bank,Paytm,P2P,556.56,Failed,Transaction Timeout,Delhi,Android,1047,False
UPI100003050,2025-03-04,08:28:41,Canara Bank,Kotak Mahindra,Amazon Pay,Bill Payment,1166.54,Success,NA,Delhi,Android,1890,False
UPI100003051,2025-02-18,22:55:46,Kotak Mahindra,Punjab National Bank,BHIM,Bill Payment,460.86,Success,NA,Amritsar,Android,796,False
UPI100003052,2025-06-17,16:55:11,Punjab National Bank,ICICI,WhatsApp Pay,Fund Transfer,278.37,Failed,Insufficient Balance,Bengaluru,Android,1811,False
UPI100003053,2025-10-28,14:19:34,Union Bank,Canara Bank,WhatsApp Pay,Bill Payment,2137.19,Failed,Beneficiary Bank Unavailable,Jaipur,iOS,316,False
UPI100003054,2025-07-18,13:41:04,Canara Bank,Union Bank,CRED,Bill Payment,2405.7,Success,NA,Kolkata,iOS,198,False
UPI100003055,2025-06-08,11:36:23,Bank of Baroda,Axis Bank,Mobikwik,Fund Transfer,95.91,Reversed,NPCI Switch Error,Hyderabad,iOS,998,True
UPI100003056,2025-09-11,22:30:37,Punjab National Bank,Punjab National Bank,Paytm,Fund Transfer,469.51,Success,NA,Bengaluru,Android,893,False
UPI100003057,2025-08-15,15:12:19,HDFC,Axis Bank,PhonePe,Bill Payment,609.45,Success,NA,Lucknow,iOS,413,False
UPI100003058,2025-04-13,04:30:50,Axis Bank,IndusInd Bank,WhatsApp Pay,Merchant Payment,4540.77,Pending,NA,Bengaluru,Android,199,True
UPI100003059,2025-12-04,20:19:43,IDBI Bank,IndusInd Bank,PhonePe,P2P,1113.06,Failed,Duplicate Transaction,Patiala,Android,77,False
UPI100003060,2025-04-06,21:47:24,Union Bank,Yes Bank,Paytm,Merchant Payment,363.31,Success,NA,Jalandhar,iOS,718,True
UPI100003061,2025-08-25,22:06:59,ICICI,ICICI,WhatsApp Pay,Recharge,515.52,Success,NA,Hyderabad,iOS,795,False
UPI100003062,2025-12-28,06:08:04,ICICI,Union Bank,PhonePe,Bill Payment,782.03,Failed,Account Blocked/Frozen,Jaipur,Android,1030,True
UPI100003063,2025-11-22,12:56:28,Union Bank,Union Bank,Amazon Pay,Recharge,1381.31,Success,NA,Hyderabad,iOS,425,True
UPI100003064,2025-03-11,04:02:18,Axis Bank,IndusInd Bank,Paytm,Bill Payment,7491.01,Success,NA,Lucknow,iOS,415,False
UPI100003065,2025-05-14,18:18:04,Union Bank,Union Bank,CRED,P2M,3412.05,Failed,Duplicate Transaction,Patiala,Android,207,False
UPI100003066,2025-09-09,09:06:25,Punjab National Bank,Yes Bank,Google Pay,Recharge,1413.53,Success,NA,Amritsar,Android,716,False
UPI100003067,2025-04-23,16:26:54,HDFC,Union Bank,Amazon Pay,P2M,585.23,Success,NA,Delhi,Android,227,False
UPI100003068,2025-03-01,18:34:43,Canara Bank,Axis Bank,PhonePe,Recharge,191.27,Success,NA,Jalandhar,iOS,965,True
UPI100003069,2025-07-12,21:55:46,Bank of Baroda,SBI,Paytm,P2P,216.48,Pending,NA,Jalandhar,iOS,111,True
UPI100003070,2025-01-25,08:47:12,IDBI Bank,Union Bank,Paytm,Recharge,1671.98,Success,NA,Bengaluru,Android,2664,True
UPI100003071,2025-09-01,09:14:24,Punjab National Bank,Yes Bank,WhatsApp Pay,Bill Payment,80.47,Success,NA,Jalandhar,iOS,383,False
UPI100003072,2025-05-26,04:35:49,Bank of Baroda,ICICI,Mobikwik,P2P,4770.52,Success,NA,Pune,iOS,1343,False
UPI100003073,2025-12-14,08:18:28,Kotak Mahindra,SBI,WhatsApp Pay,P2M,72.89,Success,NA,Jaipur,Android,1783,True
UPI100003074,2025-04-17,20:57:30,ICICI,HDFC,WhatsApp Pay,Bill Payment,2971.71,Failed,Transaction Timeout,Lucknow,Android,962,False
UPI100003075,2025-10-23,12:22:42,HDFC,SBI,Amazon Pay,Recharge,1768.03,Success,NA,Hyderabad,Android,185,False
UPI100003076,2025-11-10,12:05:47,Yes Bank,IndusInd Bank,Google Pay,P2M,1217.35,Failed,Beneficiary Bank Unavailable,Ludhiana,iOS,370,False
UPI100003077,2025-02-26,23:56:30,Kotak Mahindra,Union Bank,CRED,Fund Transfer,2025.45,Success,NA,Chandigarh,iOS,111,False
UPI100003078,2025-11-11,13:38:29,ICICI,Kotak Mahindra,CRED,Fund Transfer,509.05,Success,NA,Jaipur,iOS,1113,False
UPI100003079,2025-11-15,05:10:50,SBI,Union Bank,BHIM,P2M,600.68,Failed,Bank Server Down,Delhi,iOS,104,True
UPI100003080,2025-08-14,22:15:09,Axis Bank,Bank of Baroda,CRED,P2M,199.73,Success,NA,Bengaluru,iOS,1914,False
UPI100003081,2025-02-22,06:36:48,Union Bank,Kotak Mahindra,CRED,Fund Transfer,3648.71,Success,NA,Chandigarh,iOS,659,True
UPI100003082,2025-11-15,11:15:08,Bank of Baroda,Punjab National Bank,BHIM,Merchant Payment,92.69,Failed,Network Timeout,Jalandhar,Android,1952,True
UPI100003083,2025-03-30,08:42:23,Canara Bank,ICICI,CRED,P2M,1328.99,Success,NA,Kolkata,Android,288,True
UPI100003084,2025-12-29,08:08:52,HDFC,Punjab National Bank,Mobikwik,Merchant Payment,1378.36,Failed,Account Blocked/Frozen,Kolkata,iOS,1100,False
UPI100003085,2025-09-18,22:20:49,Kotak Mahindra,Kotak Mahindra,BHIM,P2M,2526.71,Success,NA,Pune,iOS,550,False
UPI100003086,2025-12-19,03:20:45,Union Bank,IDBI Bank,Paytm,Fund Transfer,1080.97,Success,NA,Kolkata,iOS,675,False
UPI100003087,2025-02-21,07:47:11,ICICI,Bank of Baroda,WhatsApp Pay,Recharge,55.13,Failed,Transaction Timeout,Hyderabad,iOS,516,False
UPI100003088,2025-01-07,08:41:54,Axis Bank,Union Bank,BHIM,Merchant Payment,277.83,Pending,NA,Ludhiana,iOS,533,False
UPI100003089,2025-08-22,01:01:22,IDBI Bank,ICICI,Amazon Pay,Fund Transfer,433.22,Success,NA,Amritsar,iOS,985,False
UPI100003090,2025-09-28,23:48:46,Canara Bank,Kotak Mahindra,WhatsApp Pay,Merchant Payment,1465.47,Success,NA,Hyderabad,iOS,2336,True
UPI100003091,2025-03-27,18:34:16,Union Bank,IndusInd Bank,BHIM,P2M,1160.81,Failed,Bank Server Down,Pune,Android,208,False
UPI100003092,2025-03-20,13:38:47,Axis Bank,IDBI Bank,Paytm,Merchant Payment,2880.56,Success,NA,Jaipur,Android,181,False
UPI100003093,2025-09-10,00:37:58,IndusInd Bank,Canara Bank,Paytm,Bill Payment,7426.82,Success,NA,Ludhiana,Android,185,False
UPI100003094,2025-11-13,19:28:34,Yes Bank,Bank of Baroda,WhatsApp Pay,Bill Payment,332.23,Success,NA,Pune,Android,791,False
UPI100003095,2025-11-19,05:07:24,Union Bank,Kotak Mahindra,Mobikwik,Merchant Payment,2443.57,Success,NA,Bengaluru,Android,666,False
UPI100003096,2025-02-20,12:00:11,Union Bank,Union Bank,Amazon Pay,P2P,657.12,Failed,NPCI Switch Error,Chandigarh,Android,423,False
UPI100003097,2025-03-03,19:19:41,Bank of Baroda,IDBI Bank,Google Pay,Recharge,13.35,Failed,Daily Limit Exceeded,Ahmedabad,iOS,169,False
UPI100003098,2025-10-28,07:04:34,SBI,ICICI,Amazon Pay,Merchant Payment,1607.79,Success,NA,Ahmedabad,Android,1220,False
UPI100003099,2025-11-20,10:09:54,Canara Bank,Axis Bank,Paytm,P2M,556.61,Success,NA,Kolkata,Android,1406,False
UPI100003100,2025-09-08,10:02:40,ICICI,HDFC,PhonePe,Recharge,371.35,Failed,Daily Limit Exceeded,Chandigarh,iOS,2944,False
UPI100003101,2025-02-13,00:58:45,IndusInd Bank,Kotak Mahindra,PhonePe,Fund Transfer,484.95,Pending,NA,Lucknow,iOS,554,False
UPI100003102,2025-05-07,22:10:37,ICICI,IndusInd Bank,Google Pay,P2M,1396.64,Success,NA,Bengaluru,Android,449,False
UPI100003103,2025-08-20,03:02:37,ICICI,HDFC,Mobikwik,P2P,652.46,Failed,Daily Limit Exceeded,Hyderabad,iOS,1055,False
UPI100003104,2025-04-17,17:53:42,SBI,Yes Bank,Paytm,Fund Transfer,802.97,Success,NA,Jaipur,Android,1001,False
UPI100003105,2025-07-04,22:34:14,IndusInd Bank,Yes Bank,Amazon Pay,P2P,2616.75,Failed,NPCI Switch Error,Pune,Android,109,False
UPI100003106,2025-11-07,04:14:26,Punjab National Bank,IndusInd Bank,Amazon Pay,Fund Transfer,1993.72,Failed,Daily Limit Exceeded,Mumbai,iOS,367,False
UPI100003107,2025-02-22,08:11:52,Union Bank,IDBI Bank,Mobikwik,Fund Transfer,701.06,Success,NA,Delhi,iOS,1288,True
UPI100003108,2025-11-20,03:15:39,Bank of Baroda,ICICI,Google Pay,P2P,30.42,Failed,Bank Server Down,Patiala,Android,1039,False
UPI100003109,2025-08-10,11:03:07,IndusInd Bank,ICICI,BHIM,Merchant Payment,45.11,Success,NA,Jaipur,iOS,1296,True
UPI100003110,2025-06-04,12:55:37,Axis Bank,SBI,Google Pay,Bill Payment,965.77,Success,NA,Amritsar,iOS,171,False
UPI100003111,2025-12-03,04:26:19,IndusInd Bank,IndusInd Bank,WhatsApp Pay,P2P,900.59,Success,NA,Ludhiana,iOS,1537,False
UPI100003112,2025-03-02,14:20:04,Axis Bank,Kotak Mahindra,WhatsApp Pay,Recharge,2191.57,Success,NA,Patiala,Android,2920,True
UPI100003113,2025-05-08,16:21:58,IDBI Bank,Yes Bank,WhatsApp Pay,P2P,797.8,Success,NA,Jaipur,iOS,169,False
UPI100003114,2025-07-07,10:04:11,IDBI Bank,IDBI Bank,PhonePe,Bill Payment,1598.15,Reversed,Bank Server Down,Ahmedabad,iOS,274,False
UPI100003115,2025-02-08,20:32:00,ICICI,Punjab National Bank,Paytm,Fund Transfer,1309.47,Reversed,Bank Server Down,Delhi,Android,55,True
UPI100003116,2025-11-25,10:08:42,IndusInd Bank,IndusInd Bank,PhonePe,Fund Transfer,650.57,Success,NA,Jalandhar,Android,801,False
UPI100003117,2025-11-11,14:46:38,Canara Bank,Axis Bank,BHIM,Recharge,1976.48,Success,NA,Bengaluru,Android,327,False
UPI100003118,2025-01-15,20:28:48,Yes Bank,Bank of Baroda,BHIM,P2M,570.31,Success,NA,Ludhiana,Android,1820,False
UPI100003119,2025-07-25,07:01:13,SBI,Axis Bank,CRED,Merchant Payment,594.08,Failed,Daily Limit Exceeded,Ahmedabad,iOS,289,False
UPI100003120,2025-08-16,23:18:12,Bank of Baroda,Punjab National Bank,WhatsApp Pay,Fund Transfer,986.73,Failed,Daily Limit Exceeded,Kolkata,iOS,218,True
UPI100003121,2025-09-05,20:52:51,Punjab National Bank,Bank of Baroda,Paytm,Merchant Payment,1170.03,Reversed,Bank Server Down,Bengaluru,Android,1972,False
UPI100003122,2025-05-11,09:50:15,Canara Bank,Kotak Mahindra,CRED,P2M,125.44,Success,NA,Mumbai,Android,3879,True
UPI100003123,2025-01-26,08:56:19,IDBI Bank,Kotak Mahindra,BHIM,Merchant Payment,5093.15,Failed,Account Blocked/Frozen,Patiala,iOS,1474,True
UPI100003124,2025-02-17,13:59:34,Bank of Baroda,IDBI Bank,CRED,Recharge,785.43,Success,NA,Chandigarh,iOS,100,False
UPI100003125,2025-01-19,22:19:26,ICICI,Yes Bank,BHIM,Recharge,1286.27,Success,NA,Kolkata,Android,292,True
UPI100003126,2025-11-20,12:40:42,Bank of Baroda,Bank of Baroda,CRED,Recharge,1331.86,Failed,Invalid VPA,Patiala,iOS,418,False
UPI100003127,2025-09-23,06:55:55,Axis Bank,Punjab National Bank,BHIM,Fund Transfer,4467.46,Success,NA,Jalandhar,iOS,315,False
UPI100003128,2025-01-16,20:24:44,SBI,Kotak Mahindra,Amazon Pay,Bill Payment,4140.56,Success,NA,Pune,Android,508,False
UPI100003129,2025-08-10,21:11:45,IndusInd Bank,SBI,Paytm,Recharge,2071.95,Failed,PSP Server Error,Amritsar,Android,804,True
UPI100003130,2025-01-22,23:35:01,ICICI,Canara Bank,BHIM,Bill Payment,152.46,Success,NA,Kolkata,Android,1010,False
UPI100003131,2025-09-13,00:41:27,Kotak Mahindra,ICICI,PhonePe,Merchant Payment,136.87,Success,NA,Jaipur,iOS,1042,True
UPI100003132,2025-03-28,17:38:10,Axis Bank,HDFC,CRED,P2M,723.53,Success,NA,Bengaluru,iOS,504,False
UPI100003133,2025-08-05,00:20:37,HDFC,Canara Bank,Amazon Pay,Merchant Payment,266.76,Success,NA,Ahmedabad,Android,71,False
UPI100003134,2025-04-30,14:58:40,HDFC,Union Bank,CRED,Recharge,707.15,Pending,NA,Ahmedabad,Android,1720,False
UPI100003135,2025-06-06,16:30:05,ICICI,Yes Bank,Amazon Pay,P2M,2275.99,Success,NA,Bengaluru,Android,137,False
UPI100003136,2025-10-23,20:45:15,HDFC,SBI,BHIM,P2P,741.47,Success,NA,Kolkata,iOS,170,False
UPI100003137,2025-01-25,05:30:59,SBI,Punjab National Bank,Mobikwik,Merchant Payment,311.33,Failed,NPCI Switch Error,Mumbai,iOS,525,True
UPI100003138,2025-04-11,07:29:34,Bank of Baroda,Bank of Baroda,Amazon Pay,P2M,1578.31,Reversed,Duplicate Transaction,Hyderabad,iOS,416,False
UPI100003139,2025-07-05,23:00:47,Axis Bank,Axis Bank,Google Pay,Fund Transfer,1248.96,Success,NA,Amritsar,Android,2132,True
UPI100003140,2025-12-12,21:19:33,SBI,IDBI Bank,CRED,Bill Payment,2914.38,Success,NA,Ahmedabad,Android,1585,False
UPI100003141,2025-04-12,04:04:55,Kotak Mahindra,Union Bank,BHIM,Fund Transfer,2037.8,Failed,Duplicate Transaction,Hyderabad,iOS,197,True
UPI100003142,2025-08-09,16:46:28,Union Bank,Union Bank,Google Pay,Merchant Payment,772.89,Failed,Invalid VPA,Ahmedabad,Android,455,True
UPI100003143,2025-02-25,05:05:02,ICICI,Bank of Baroda,Mobikwik,P2M,1433.23,Success,NA,Bengaluru,iOS,167,False
UPI100003144,2025-06-27,20:51:16,Bank of Baroda,ICICI,Amazon Pay,Recharge,732.95,Failed,Duplicate Transaction,Patiala,Android,526,False
UPI100003145,2025-03-08,16:48:04,Bank of Baroda,Kotak Mahindra,BHIM,Bill Payment,216.71,Failed,Daily Limit Exceeded,Kolkata,Android,748,True
UPI100003146,2025-10-20,20:52:07,Axis Bank,ICICI,Google Pay,Recharge,617.62,Failed,Daily Limit Exceeded,Jaipur,Android,606,False
UPI100003147,2025-01-30,12:57:42,Kotak Mahindra,Axis Bank,Amazon Pay,Bill Payment,97.64,Success,NA,Ahmedabad,Android,1105,False
UPI100003148,2025-04-24,18:39:33,Bank of Baroda,Punjab National Bank,Amazon Pay,Fund Transfer,1168.93,Reversed,Bank Server Down,Amritsar,Android,822,False
UPI100003149,2025-09-01,16:29:57,IDBI Bank,Bank of Baroda,Amazon Pay,Recharge,1188.79,Success,NA,Kolkata,Android,560,False
UPI100003150,2025-03-24,02:00:49,Punjab National Bank,Punjab National Bank,CRED,Merchant Payment,870.1,Success,NA,Chandigarh,iOS,214,False
UPI100003151,2025-10-21,18:40:53,ICICI,IndusInd Bank,CRED,Recharge,1251.45,Success,NA,Chandigarh,iOS,783,False
UPI100003152,2025-04-21,21:31:18,Union Bank,SBI,Paytm,Merchant Payment,1848.73,Pending,NA,Lucknow,Android,1022,False
UPI100003153,2025-12-27,07:40:40,Axis Bank,HDFC,CRED,Merchant Payment,250.71,Success,NA,Ahmedabad,iOS,892,True
UPI100003154,2025-01-06,14:33:18,Bank of Baroda,ICICI,PhonePe,P2M,899.25,Success,NA,Lucknow,Android,804,False
UPI100003155,2025-03-23,20:53:54,Axis Bank,Punjab National Bank,Mobikwik,Recharge,1829.48,Failed,Beneficiary Bank Unavailable,Kolkata,iOS,112,True
UPI100003156,2025-02-03,11:32:02,Canara Bank,Canara Bank,PhonePe,P2M,1828.51,Success,NA,Ahmedabad,iOS,920,False
UPI100003157,2025-12-09,13:06:21,HDFC,SBI,WhatsApp Pay,Bill Payment,3385.92,Success,NA,Amritsar,iOS,98,False
UPI100003158,2025-08-26,03:49:43,Yes Bank,ICICI,PhonePe,Bill Payment,5517.22,Reversed,Bank Server Down,Bengaluru,iOS,1785,False
UPI100003159,2025-06-27,02:32:56,Canara Bank,Axis Bank,WhatsApp Pay,Bill Payment,594.42,Success,NA,Ludhiana,Android,2175,False
UPI100003160,2025-03-21,02:34:10,Yes Bank,ICICI,CRED,P2M,74.25,Success,NA,Ahmedabad,iOS,901,False
UPI100003161,2025-06-23,17:48:44,IDBI Bank,Bank of Baroda,Amazon Pay,P2M,754.68,Success,NA,Mumbai,iOS,428,False
UPI100003162,2025-02-24,07:05:39,Canara Bank,Kotak Mahindra,Google Pay,Bill Payment,1836.38,Reversed,NPCI Switch Error,Pune,Android,129,False
UPI100003163,2025-07-11,20:43:28,ICICI,HDFC,Amazon Pay,Merchant Payment,775.43,Success,NA,Kolkata,Android,1170,False
UPI100003164,2025-09-13,11:39:09,Axis Bank,Kotak Mahindra,Mobikwik,P2P,1652.15,Success,NA,Ahmedabad,iOS,1217,True
UPI100003165,2025-03-26,16:21:19,Yes Bank,IndusInd Bank,Google Pay,Recharge,2242.15,Failed,PSP Server Error,Jaipur,iOS,473,False
UPI100003166,2025-07-17,22:46:39,SBI,Yes Bank,Amazon Pay,Bill Payment,1944.41,Success,NA,Chandigarh,iOS,255,False
UPI100003167,2025-06-29,05:27:09,Union Bank,Axis Bank,Paytm,P2M,523.58,Success,NA,Lucknow,Android,221,True
UPI100003168,2025-03-17,12:29:38,Bank of Baroda,IDBI Bank,Google Pay,Recharge,642.42,Success,NA,Jalandhar,Android,769,False
UPI100003169,2025-08-28,09:55:02,Kotak Mahindra,IDBI Bank,BHIM,P2P,1851.29,Failed,Network Timeout,Ahmedabad,Android,488,False
UPI100003170,2025-09-26,22:04:28,Punjab National Bank,Bank of Baroda,CRED,P2M,401.84,Success,NA,Patiala,Android,329,False
UPI100003171,2025-10-01,07:55:37,Punjab National Bank,Punjab National Bank,WhatsApp Pay,Fund Transfer,1383.09,Pending,NA,Kolkata,Android,2202,False
UPI100003172,2025-05-23,04:47:08,IDBI Bank,Punjab National Bank,Google Pay,Fund Transfer,158.14,Success,NA,Ahmedabad,iOS,92,False
UPI100003173,2025-08-05,18:12:35,Bank of Baroda,Kotak Mahindra,Paytm,Recharge,4426.64,Failed,Daily Limit Exceeded,Hyderabad,iOS,2431,False
UPI100003174,2025-09-04,03:37:05,Canara Bank,Axis Bank,Paytm,Merchant Payment,1829.28,Success,NA,Mumbai,iOS,756,False
UPI100003175,2025-07-26,05:07:02,Yes Bank,Union Bank,CRED,Fund Transfer,601.45,Success,NA,Jalandhar,Android,208,True
UPI100003176,2025-05-10,06:06:36,Union Bank,Yes Bank,PhonePe,Bill Payment,125.3,Failed,Account Blocked/Frozen,Chandigarh,Android,122,True
UPI100003177,2025-03-01,17:56:58,Punjab National Bank,ICICI,CRED,Bill Payment,302.47,Reversed,Duplicate Transaction,Jalandhar,iOS,70,True
UPI100003178,2025-01-12,11:27:36,Yes Bank,SBI,CRED,P2M,1172.28,Success,NA,Amritsar,Android,873,True
UPI100003179,2025-06-04,16:48:50,Union Bank,Bank of Baroda,Mobikwik,Merchant Payment,864.67,Success,NA,Jaipur,Android,851,False
UPI100003180,2025-06-04,09:47:40,IndusInd Bank,Bank of Baroda,Amazon Pay,P2P,1305.37,Failed,Account Blocked/Frozen,Patiala,Android,452,False
UPI100003181,2025-04-21,05:30:41,Kotak Mahindra,Yes Bank,CRED,Recharge,781.42,Failed,Beneficiary Bank Unavailable,Delhi,Android,281,False
UPI100003182,2025-03-13,12:18:47,Punjab National Bank,Bank of Baroda,Paytm,Fund Transfer,725.24,Reversed,Duplicate Transaction,Pune,iOS,2524,False
UPI100003183,2025-10-07,17:35:46,SBI,Kotak Mahindra,WhatsApp Pay,Merchant Payment,3152.8,Success,NA,Amritsar,Android,639,False
UPI100003184,2025-06-09,21:49:27,Yes Bank,IDBI Bank,Google Pay,Recharge,1487.96,Success,NA,Mumbai,iOS,907,False
UPI100003185,2025-12-24,08:39:17,Punjab National Bank,Yes Bank,Amazon Pay,Fund Transfer,685.28,Success,NA,Kolkata,Android,78,False
UPI100003186,2025-01-05,09:31:58,Yes Bank,Punjab National Bank,BHIM,Fund Transfer,1401.4,Success,NA,Hyderabad,Android,3024,True
UPI100003187,2025-10-23,07:31:16,Axis Bank,Yes Bank,WhatsApp Pay,Fund Transfer,2117.91,Failed,NPCI Switch Error,Ludhiana,Android,871,False
UPI100003188,2025-09-01,15:30:59,IndusInd Bank,Yes Bank,PhonePe,P2P,615.86,Failed,Transaction Timeout,Chandigarh,iOS,1108,False
UPI100003189,2025-12-04,20:09:47,HDFC,Punjab National Bank,PhonePe,Merchant Payment,430.68,Success,NA,Chandigarh,iOS,2577,False
UPI100003190,2025-06-17,04:47:35,HDFC,Yes Bank,WhatsApp Pay,Fund Transfer,2809.56,Success,NA,Ludhiana,iOS,1887,False
UPI100003191,2025-11-05,02:19:11,IDBI Bank,Bank of Baroda,Google Pay,Fund Transfer,1951.54,Success,NA,Patiala,Android,186,False
UPI100003192,2025-11-17,10:18:16,Canara Bank,Yes Bank,Amazon Pay,Merchant Payment,1679.72,Success,NA,Jalandhar,iOS,2739,False
UPI100003193,2025-06-13,08:02:07,HDFC,IDBI Bank,Paytm,Merchant Payment,773.03,Success,NA,Pune,Android,1013,False
UPI100003194,2025-02-15,23:45:05,HDFC,SBI,Amazon Pay,Fund Transfer,1519.98,Failed,Invalid VPA,Ahmedabad,iOS,72,True
UPI100003195,2025-09-06,18:24:05,SBI,ICICI,Google Pay,Bill Payment,1191.19,Pending,NA,Pune,iOS,331,True
UPI100003196,2025-01-10,01:24:41,Bank of Baroda,IndusInd Bank,Paytm,P2P,730.36,Reversed,Duplicate Transaction,Jaipur,Android,1280,False
UPI100003197,2025-10-01,01:37:10,HDFC,Axis Bank,Paytm,Merchant Payment,3951.48,Success,NA,Mumbai,iOS,164,False
UPI100003198,2025-09-28,01:52:25,Canara Bank,ICICI,BHIM,Bill Payment,102.95,Success,NA,Ahmedabad,iOS,1742,True
UPI100003199,2025-02-26,20:56:52,Punjab National Bank,Union Bank,Paytm,P2P,833.78,Success,NA,Lucknow,iOS,365,False
UPI100003200,2025-01-19,07:58:07,Canara Bank,Punjab National Bank,PhonePe,P2P,1818.39,Failed,Account Blocked/Frozen,Hyderabad,Android,1871,True
UPI100003201,2025-01-30,09:34:30,Axis Bank,IndusInd Bank,Google Pay,Merchant Payment,708.85,Success,NA,Ludhiana,iOS,588,False
UPI100003202,2025-09-23,06:50:03,ICICI,HDFC,WhatsApp Pay,Bill Payment,1788.59,Success,NA,Delhi,Android,139,False
UPI100003203,2025-04-11,21:04:42,Bank of Baroda,ICICI,Google Pay,P2M,383.89,Success,NA,Chandigarh,Android,406,False
UPI100003204,2025-02-23,20:44:03,Axis Bank,SBI,WhatsApp Pay,Merchant Payment,176.19,Success,NA,Delhi,iOS,332,True
UPI100003205,2025-04-04,00:22:45,Kotak Mahindra,Punjab National Bank,BHIM,Bill Payment,2820.61,Success,NA,Hyderabad,iOS,3126,False
UPI100003206,2025-04-15,16:32:36,IndusInd Bank,Axis Bank,WhatsApp Pay,Fund Transfer,151.97,Success,NA,Mumbai,iOS,401,False
UPI100003207,2025-01-16,16:24:06,HDFC,Yes Bank,CRED,Fund Transfer,259.86,Failed,Bank Server Down,Chandigarh,Android,357,False
UPI100003208,2025-03-15,16:10:19,Union Bank,Canara Bank,WhatsApp Pay,P2P,1912.54,Failed,Beneficiary Bank Unavailable,Bengaluru,iOS,2636,True
UPI100003209,2025-09-07,04:27:05,Canara Bank,IDBI Bank,Paytm,Merchant Payment,980.59,Reversed,Bank Server Down,Ahmedabad,Android,563,True
UPI100003210,2025-12-12,22:49:28,ICICI,ICICI,WhatsApp Pay,Bill Payment,287.68,Success,NA,Bengaluru,iOS,1793,False
UPI100003211,2025-04-03,18:00:06,Canara Bank,Bank of Baroda,Mobikwik,Recharge,1615.81,Success,NA,Ahmedabad,Android,1822,False
UPI100003212,2025-11-01,18:25:28,IDBI Bank,HDFC,Google Pay,Fund Transfer,742.53,Reversed,NPCI Switch Error,Pune,Android,218,True
UPI100003213,2025-01-16,16:49:44,Punjab National Bank,IDBI Bank,PhonePe,Bill Payment,825.22,Success,NA,Lucknow,iOS,312,False
UPI100003214,2025-04-14,16:54:11,Kotak Mahindra,Bank of Baroda,PhonePe,Recharge,7429.77,Failed,Insufficient Balance,Ahmedabad,Android,740,False
UPI100003215,2025-03-28,21:18:25,Punjab National Bank,Kotak Mahindra,Google Pay,Fund Transfer,424.8,Success,NA,Bengaluru,iOS,1147,False
UPI100003216,2025-07-02,16:52:09,IDBI Bank,IDBI Bank,Google Pay,P2P,3781.24,Success,NA,Lucknow,Android,1743,False
UPI100003217,2025-09-09,22:09:02,ICICI,ICICI,BHIM,Bill Payment,1103.84,Success,NA,Pune,Android,1176,False
UPI100003218,2025-06-19,16:06:25,Union Bank,Yes Bank,Amazon Pay,Fund Transfer,421.35,Pending,NA,Bengaluru,Android,456,False
UPI100003219,2025-09-21,20:16:46,Kotak Mahindra,Bank of Baroda,BHIM,P2P,1870.05,Success,NA,Hyderabad,iOS,751,True
UPI100003220,2025-10-06,01:26:20,SBI,HDFC,WhatsApp Pay,Bill Payment,1572.14,Reversed,Bank Server Down,Chandigarh,iOS,896,False
UPI100003221,2025-07-31,16:15:14,IndusInd Bank,ICICI,BHIM,P2P,2278.61,Success,NA,Mumbai,Android,327,False
UPI100003222,2025-08-22,23:17:48,Canara Bank,Bank of Baroda,PhonePe,P2M,1128.12,Success,NA,Jaipur,iOS,111,False
UPI100003223,2025-12-17,22:19:43,Punjab National Bank,Bank of Baroda,BHIM,P2P,1268.64,Success,NA,Jaipur,Android,1737,False
UPI100003224,2025-08-08,03:32:06,ICICI,Punjab National Bank,PhonePe,Merchant Payment,695.93,Success,NA,Ahmedabad,Android,372,False
UPI100003225,2025-09-05,09:33:24,Bank of Baroda,SBI,Google Pay,Recharge,268.97,Success,NA,Bengaluru,Android,1686,False
UPI100003226,2025-01-13,17:58:54,SBI,ICICI,CRED,Bill Payment,1124.85,Success,NA,Chandigarh,iOS,713,False
UPI100003227,2025-11-25,06:52:51,Yes Bank,Axis Bank,PhonePe,P2M,1831.07,Success,NA,Hyderabad,iOS,738,False
UPI100003228,2025-12-06,15:50:28,Axis Bank,Punjab National Bank,PhonePe,Merchant Payment,957.0,Success,NA,Pune,iOS,439,True
UPI100003229,2025-02-27,03:57:31,Union Bank,IndusInd Bank,Amazon Pay,P2P,5557.56,Failed,Insufficient Balance,Mumbai,iOS,801,False
UPI100003230,2025-04-17,21:42:30,Axis Bank,Punjab National Bank,Paytm,Merchant Payment,1795.7,Success,NA,Lucknow,iOS,221,False
UPI100003231,2025-07-07,23:54:22,IndusInd Bank,SBI,CRED,P2P,1339.77,Failed,Daily Limit Exceeded,Bengaluru,iOS,103,False
UPI100003232,2025-04-25,16:33:30,Punjab National Bank,SBI,WhatsApp Pay,Fund Transfer,7064.53,Success,NA,Lucknow,Android,1258,False
UPI100003233,2025-12-15,11:51:30,Kotak Mahindra,Yes Bank,WhatsApp Pay,Fund Transfer,207.03,Pending,NA,Pune,Android,85,False
UPI100003234,2025-02-01,18:37:30,Axis Bank,Canara Bank,CRED,Recharge,539.49,Failed,PSP Server Error,Lucknow,Android,971,True
UPI100003235,2025-05-10,08:51:37,IDBI Bank,IndusInd Bank,CRED,P2P,1558.23,Failed,PSP Server Error,Bengaluru,Android,1067,True
UPI100003236,2025-07-29,18:55:20,IndusInd Bank,Axis Bank,Paytm,Merchant Payment,1804.03,Failed,Bank Server Down,Delhi,iOS,169,False
UPI100003237,2025-10-06,03:12:31,SBI,Yes Bank,PhonePe,Fund Transfer,2625.45,Failed,Daily Limit Exceeded,Jalandhar,iOS,250,False
UPI100003238,2025-11-20,02:43:02,Yes Bank,Axis Bank,PhonePe,P2M,277.77,Pending,NA,Amritsar,iOS,530,False
UPI100003239,2025-05-03,03:44:38,Yes Bank,HDFC,Mobikwik,Fund Transfer,4558.85,Success,NA,Ahmedabad,Android,525,True
UPI100003240,2025-10-24,14:19:20,HDFC,Axis Bank,Amazon Pay,P2P,289.42,Failed,Account Blocked/Frozen,Ludhiana,Android,774,False
UPI100003241,2025-09-29,13:09:21,Axis Bank,IDBI Bank,Paytm,Bill Payment,3248.14,Success,NA,Delhi,Android,724,False
UPI100003242,2025-02-06,16:23:52,Punjab National Bank,IndusInd Bank,Paytm,P2P,601.34,Success,NA,Mumbai,iOS,704,False
UPI100003243,2025-02-17,12:38:56,Bank of Baroda,IDBI Bank,Paytm,Recharge,359.53,Failed,Duplicate Transaction,Jaipur,Android,296,False
UPI100003244,2025-10-29,21:06:02,HDFC,ICICI,BHIM,Bill Payment,624.7,Reversed,Bank Server Down,Delhi,iOS,761,False
UPI100003245,2025-10-19,06:14:30,Yes Bank,SBI,Mobikwik,P2M,226.68,Success,NA,Ahmedabad,iOS,185,True
UPI100003246,2025-06-02,09:40:04,IDBI Bank,Canara Bank,CRED,Merchant Payment,10.36,Success,NA,Kolkata,Android,238,False
UPI100003247,2025-03-09,02:08:41,Yes Bank,HDFC,BHIM,Fund Transfer,24.67,Success,NA,Jaipur,Android,1357,True
UPI100003248,2025-04-10,00:16:23,Kotak Mahindra,HDFC,BHIM,P2P,1311.87,Failed,Incorrect UPI PIN,Mumbai,Android,1199,False
UPI100003249,2025-10-01,05:46:11,Punjab National Bank,ICICI,WhatsApp Pay,Fund Transfer,1601.85,Success,NA,Delhi,iOS,2727,False
UPI100003250,2025-06-18,09:11:17,Bank of Baroda,Union Bank,Mobikwik,P2P,84.82,Success,NA,Lucknow,Android,1545,False
UPI100003251,2025-04-05,22:19:39,Punjab National Bank,Kotak Mahindra,Mobikwik,Recharge,130.89,Success,NA,Ahmedabad,Android,785,True
UPI100003252,2025-12-26,20:15:16,ICICI,Punjab National Bank,Google Pay,Bill Payment,1139.62,Success,NA,Hyderabad,iOS,1284,False
UPI100003253,2025-04-01,23:58:29,IDBI Bank,ICICI,Google Pay,P2M,3498.09,Success,NA,Jalandhar,iOS,969,False
UPI100003254,2025-12-23,07:36:04,Axis Bank,Yes Bank,WhatsApp Pay,Merchant Payment,1411.9,Pending,NA,Hyderabad,Android,1021,False
UPI100003255,2025-10-08,11:19:29,Canara Bank,ICICI,CRED,Merchant Payment,3875.2,Success,NA,Ahmedabad,iOS,72,False
UPI100003256,2025-12-16,07:47:12,Kotak Mahindra,Canara Bank,Mobikwik,P2M,1673.03,Success,NA,Chandigarh,Android,222,False
UPI100003257,2025-01-11,04:39:35,Bank of Baroda,SBI,Mobikwik,P2P,886.92,Failed,Duplicate Transaction,Patiala,Android,322,True
UPI100003258,2025-03-14,06:44:29,Punjab National Bank,HDFC,WhatsApp Pay,P2P,2115.14,Failed,Transaction Timeout,Bengaluru,iOS,1931,False
UPI100003259,2025-09-05,03:40:59,Bank of Baroda,IDBI Bank,CRED,P2P,444.53,Success,NA,Patiala,Android,376,False
UPI100003260,2025-10-13,21:33:52,Yes Bank,Axis Bank,Amazon Pay,Bill Payment,701.31,Success,NA,Jalandhar,Android,399,False
UPI100003261,2025-08-06,19:15:09,ICICI,HDFC,PhonePe,Fund Transfer,2451.2,Success,NA,Patiala,Android,936,False
UPI100003262,2025-10-28,05:03:44,Bank of Baroda,HDFC,Paytm,Bill Payment,449.47,Failed,Transaction Timeout,Ahmedabad,iOS,356,False
UPI100003263,2025-04-02,09:29:06,Punjab National Bank,Kotak Mahindra,CRED,Merchant Payment,1251.1,Failed,Invalid VPA,Jaipur,iOS,2356,False
UPI100003264,2025-06-23,23:36:10,SBI,IDBI Bank,Paytm,Fund Transfer,251.95,Reversed,Bank Server Down,Ludhiana,Android,348,False
UPI100003265,2025-02-01,02:14:39,Bank of Baroda,SBI,Amazon Pay,P2M,492.3,Failed,Daily Limit Exceeded,Delhi,iOS,1804,True
UPI100003266,2025-03-13,00:02:57,Union Bank,Union Bank,Paytm,Bill Payment,4187.85,Reversed,NPCI Switch Error,Amritsar,Android,2294,False
UPI100003267,2025-02-22,20:21:51,Kotak Mahindra,SBI,BHIM,Recharge,799.44,Success,NA,Amritsar,Android,458,True
UPI100003268,2025-05-06,07:00:41,Kotak Mahindra,Kotak Mahindra,BHIM,Bill Payment,1899.22,Failed,Bank Server Down,Hyderabad,Android,830,False
UPI100003269,2025-03-05,19:51:40,Yes Bank,Kotak Mahindra,WhatsApp Pay,P2P,1526.46,Failed,Network Timeout,Ludhiana,iOS,152,False
UPI100003270,2025-07-28,17:47:57,ICICI,SBI,Amazon Pay,Fund Transfer,4740.98,Success,NA,Jaipur,iOS,700,False
UPI100003271,2025-05-22,23:38:59,Canara Bank,Axis Bank,Google Pay,P2P,2431.56,Failed,Duplicate Transaction,Ahmedabad,iOS,1761,False
UPI100003272,2025-06-03,02:22:12,IDBI Bank,Yes Bank,Paytm,Fund Transfer,2530.91,Reversed,NPCI Switch Error,Mumbai,iOS,636,False
UPI100003273,2025-03-11,12:03:59,IDBI Bank,Kotak Mahindra,Amazon Pay,Recharge,2116.9,Success,NA,Patiala,Android,317,False
UPI100003274,2025-09-12,04:37:32,Punjab National Bank,SBI,WhatsApp Pay,Merchant Payment,124.92,Success,NA,Jaipur,iOS,2022,False
UPI100003275,2025-11-25,07:46:13,IndusInd Bank,Kotak Mahindra,CRED,P2M,3667.8,Success,NA,Chandigarh,iOS,248,False
UPI100003276,2025-11-22,21:43:11,Kotak Mahindra,Union Bank,Amazon Pay,Merchant Payment,592.12,Failed,Beneficiary Bank Unavailable,Chandigarh,iOS,59,True
UPI100003277,2025-03-26,16:10:35,Punjab National Bank,Yes Bank,Amazon Pay,P2P,1349.85,Success,NA,Mumbai,iOS,68,False
UPI100003278,2025-03-29,22:02:21,Union Bank,IDBI Bank,WhatsApp Pay,Fund Transfer,6810.77,Success,NA,Lucknow,Android,603,True
UPI100003279,2025-05-17,16:50:10,IndusInd Bank,Union Bank,PhonePe,Recharge,598.88,Failed,Beneficiary Bank Unavailable,Amritsar,Android,503,True
UPI100003280,2025-12-19,22:19:45,ICICI,Axis Bank,WhatsApp Pay,P2M,3225.78,Failed,Transaction Timeout,Hyderabad,Android,1514,False
UPI100003281,2025-03-03,08:26:00,Bank of Baroda,Kotak Mahindra,CRED,Bill Payment,782.29,Success,NA,Amritsar,Android,917,False
UPI100003282,2025-06-09,20:40:41,Axis Bank,Bank of Baroda,WhatsApp Pay,Fund Transfer,2729.33,Success,NA,Jalandhar,iOS,505,False
UPI100003283,2025-03-14,23:54:30,Kotak Mahindra,ICICI,WhatsApp Pay,P2P,176.22,Success,NA,Pune,Android,274,False
UPI100003284,2025-05-24,08:15:20,ICICI,ICICI,Amazon Pay,Fund Transfer,1691.41,Pending,NA,Pune,Android,1536,True
UPI100003285,2025-05-02,11:23:06,HDFC,Punjab National Bank,WhatsApp Pay,Recharge,588.99,Success,NA,Ahmedabad,iOS,1269,False
UPI100003286,2025-05-11,12:30:56,Yes Bank,Yes Bank,BHIM,Recharge,17.17,Failed,NPCI Switch Error,Amritsar,iOS,116,True
UPI100003287,2025-10-05,22:30:39,ICICI,Union Bank,WhatsApp Pay,Merchant Payment,1942.81,Failed,NPCI Switch Error,Kolkata,iOS,306,True
UPI100003288,2025-01-11,09:49:34,IndusInd Bank,IDBI Bank,Amazon Pay,P2M,950.59,Reversed,NPCI Switch Error,Delhi,Android,901,True
UPI100003289,2025-06-24,04:00:44,HDFC,Axis Bank,Mobikwik,Fund Transfer,2684.02,Failed,Network Timeout,Ahmedabad,Android,69,False
UPI100003290,2025-07-12,08:49:12,Punjab National Bank,HDFC,Paytm,Fund Transfer,1007.46,Failed,Network Timeout,Ahmedabad,Android,1170,True
UPI100003291,2025-03-27,07:59:15,IndusInd Bank,ICICI,BHIM,Recharge,173.98,Success,NA,Chandigarh,Android,2510,False
UPI100003292,2025-09-27,14:42:38,Kotak Mahindra,IDBI Bank,Mobikwik,Fund Transfer,1431.77,Success,NA,Patiala,Android,1617,True
UPI100003293,2025-09-12,17:19:08,Kotak Mahindra,Kotak Mahindra,Mobikwik,P2P,693.67,Failed,Account Blocked/Frozen,Mumbai,iOS,377,False
UPI100003294,2025-09-23,23:44:42,IndusInd Bank,Union Bank,Paytm,Bill Payment,1855.43,Success,NA,Jalandhar,iOS,1160,False
UPI100003295,2025-02-22,07:50:24,Kotak Mahindra,Yes Bank,Google Pay,Bill Payment,736.04,Failed,Incorrect UPI PIN,Ludhiana,iOS,163,True
UPI100003296,2025-05-05,14:31:54,Kotak Mahindra,Yes Bank,Amazon Pay,Merchant Payment,1065.29,Pending,NA,Kolkata,iOS,1156,False
UPI100003297,2025-01-27,11:47:58,Bank of Baroda,Yes Bank,Google Pay,Bill Payment,2787.6,Success,NA,Jalandhar,Android,904,False
UPI100003298,2025-10-15,18:42:10,IndusInd Bank,SBI,Paytm,Merchant Payment,1761.52,Success,NA,Ludhiana,Android,269,False
UPI100003299,2025-07-14,00:36:32,HDFC,SBI,Paytm,Recharge,1220.2,Pending,NA,Ludhiana,iOS,922,False
UPI100003300,2025-01-11,16:32:52,Canara Bank,IDBI Bank,Amazon Pay,Recharge,817.79,Pending,NA,Kolkata,iOS,166,True
UPI100003301,2025-01-19,18:55:20,SBI,IDBI Bank,Paytm,Recharge,1285.02,Failed,Transaction Timeout,Amritsar,Android,1029,True
UPI100003302,2025-11-02,03:36:28,Union Bank,Kotak Mahindra,BHIM,Recharge,271.74,Success,NA,Pune,Android,649,True
UPI100003303,2025-05-26,01:27:58,IndusInd Bank,Kotak Mahindra,Amazon Pay,Merchant Payment,707.32,Failed,Duplicate Transaction,Ludhiana,iOS,167,False
UPI100003304,2025-09-18,01:06:00,HDFC,Yes Bank,Google Pay,P2M,548.09,Reversed,Duplicate Transaction,Hyderabad,iOS,3339,False
UPI100003305,2025-10-09,09:12:06,HDFC,HDFC,Amazon Pay,P2P,6652.96,Pending,NA,Hyderabad,Android,814,False
UPI100003306,2025-01-05,11:49:24,Axis Bank,SBI,Google Pay,P2M,348.59,Success,NA,Amritsar,Android,1649,True
UPI100003307,2025-09-19,17:50:11,IndusInd Bank,IndusInd Bank,PhonePe,Recharge,1617.58,Failed,Bank Server Down,Ludhiana,Android,183,False
UPI100003308,2025-04-11,00:03:27,Yes Bank,Bank of Baroda,Mobikwik,P2M,1882.69,Success,NA,Jaipur,Android,1166,False
UPI100003309,2025-08-20,17:06:26,Union Bank,Canara Bank,Mobikwik,Fund Transfer,2375.6,Success,NA,Amritsar,Android,1336,False
UPI100003310,2025-03-29,11:18:14,Punjab National Bank,IDBI Bank,PhonePe,Merchant Payment,1726.23,Success,NA,Chandigarh,Android,884,True
UPI100003311,2025-05-07,04:18:35,Axis Bank,SBI,CRED,P2M,313.46,Failed,Duplicate Transaction,Ludhiana,iOS,509,False
UPI100003312,2025-12-07,04:38:16,ICICI,Yes Bank,Amazon Pay,P2M,181.8,Success,NA,Patiala,Android,397,True
UPI100003313,2025-02-28,09:10:07,Bank of Baroda,SBI,Mobikwik,P2P,471.01,Pending,NA,Ludhiana,Android,474,False
UPI100003314,2025-05-01,02:35:34,HDFC,Punjab National Bank,Amazon Pay,P2P,226.51,Reversed,Bank Server Down,Delhi,iOS,586,False
UPI100003315,2025-09-20,12:04:28,HDFC,Yes Bank,WhatsApp Pay,Merchant Payment,4647.1,Success,NA,Chandigarh,iOS,178,True
UPI100003316,2025-04-28,13:15:53,Union Bank,Bank of Baroda,WhatsApp Pay,P2P,989.7,Success,NA,Ahmedabad,Android,340,False
UPI100003317,2025-10-20,12:36:09,IDBI Bank,Union Bank,WhatsApp Pay,Fund Transfer,1866.29,Success,NA,Jalandhar,Android,1226,False
UPI100003318,2025-11-30,05:07:51,Yes Bank,Bank of Baroda,PhonePe,Fund Transfer,1972.05,Success,NA,Ludhiana,iOS,988,True
UPI100003319,2025-11-23,18:35:41,Axis Bank,Canara Bank,Amazon Pay,P2M,459.15,Success,NA,Lucknow,Android,485,True
UPI100003320,2025-04-22,12:26:49,Canara Bank,Punjab National Bank,BHIM,P2P,43.49,Success,NA,Kolkata,Android,3042,False
UPI100003321,2025-07-04,17:02:42,SBI,Canara Bank,Mobikwik,Recharge,3252.81,Success,NA,Jaipur,iOS,438,False
UPI100003322,2025-06-05,20:23:56,Axis Bank,Union Bank,Amazon Pay,Fund Transfer,1499.75,Success,NA,Kolkata,Android,922,False
UPI100003323,2025-06-18,15:49:25,Union Bank,Bank of Baroda,Google Pay,Fund Transfer,2478.86,Success,NA,Jaipur,Android,266,False
UPI100003324,2025-10-27,21:10:02,IDBI Bank,Canara Bank,Paytm,Bill Payment,993.98,Success,NA,Chandigarh,iOS,352,False
UPI100003325,2025-01-31,16:15:29,IDBI Bank,IDBI Bank,Paytm,Merchant Payment,2737.64,Success,NA,Mumbai,Android,337,False
UPI100003326,2025-11-17,12:44:35,Union Bank,IndusInd Bank,Paytm,Merchant Payment,64.81,Failed,Beneficiary Bank Unavailable,Lucknow,Android,510,False
UPI100003327,2025-08-08,01:16:22,Union Bank,IDBI Bank,Google Pay,Merchant Payment,245.35,Reversed,Duplicate Transaction,Delhi,iOS,639,False
UPI100003328,2025-07-26,07:30:05,Canara Bank,Axis Bank,CRED,Recharge,1133.27,Success,NA,Kolkata,iOS,270,True
UPI100003329,2025-10-22,13:44:43,HDFC,IndusInd Bank,CRED,Recharge,300.1,Success,NA,Mumbai,Android,58,False
UPI100003330,2025-03-31,23:26:46,Union Bank,SBI,Mobikwik,Recharge,1091.53,Failed,Invalid VPA,Amritsar,iOS,97,False
UPI100003331,2025-11-10,13:23:28,Yes Bank,HDFC,BHIM,Bill Payment,1725.17,Failed,NPCI Switch Error,Kolkata,iOS,163,False
UPI100003332,2025-03-20,19:46:28,IndusInd Bank,Punjab National Bank,BHIM,Merchant Payment,790.69,Failed,Duplicate Transaction,Ahmedabad,Android,1448,False
UPI100003333,2025-06-18,07:36:55,HDFC,IndusInd Bank,Mobikwik,Merchant Payment,284.95,Success,NA,Chandigarh,Android,483,False
UPI100003334,2025-05-11,13:52:20,Yes Bank,Bank of Baroda,Mobikwik,Fund Transfer,3957.73,Success,NA,Ludhiana,Android,1029,True
UPI100003335,2025-03-31,09:57:10,HDFC,Union Bank,CRED,Merchant Payment,184.88,Success,NA,Patiala,iOS,347,False
UPI100003336,2025-01-23,14:52:48,Yes Bank,IndusInd Bank,Mobikwik,P2P,1453.17,Success,NA,Lucknow,Android,1131,False
UPI100003337,2025-08-14,21:53:32,Canara Bank,ICICI,WhatsApp Pay,Bill Payment,1199.08,Failed,Beneficiary Bank Unavailable,Bengaluru,iOS,621,False
UPI100003338,2025-05-16,22:55:54,Kotak Mahindra,Axis Bank,WhatsApp Pay,Fund Transfer,51.81,Failed,Daily Limit Exceeded,Ahmedabad,iOS,761,False
UPI100003339,2025-02-15,01:15:40,HDFC,IndusInd Bank,Google Pay,Merchant Payment,2268.53,Failed,Incorrect UPI PIN,Chandigarh,iOS,223,True
UPI100003340,2025-11-30,19:22:01,ICICI,SBI,PhonePe,Merchant Payment,3869.41,Success,NA,Bengaluru,iOS,1284,True
UPI100003341,2025-01-25,08:47:58,IDBI Bank,ICICI,Paytm,Bill Payment,1727.35,Success,NA,Lucknow,Android,1121,True
UPI100003342,2025-10-05,23:42:11,Union Bank,Bank of Baroda,Mobikwik,Fund Transfer,343.67,Success,NA,Chandigarh,Android,53,True
UPI100003343,2025-01-06,21:39:21,ICICI,Punjab National Bank,Mobikwik,Recharge,2650.17,Success,NA,Pune,Android,474,False
UPI100003344,2025-06-29,12:38:48,Kotak Mahindra,Punjab National Bank,PhonePe,P2P,1038.19,Success,NA,Jalandhar,Android,392,True
UPI100003345,2025-06-06,12:33:49,Bank of Baroda,Yes Bank,WhatsApp Pay,Merchant Payment,2646.06,Success,NA,Jalandhar,Android,190,False
UPI100003346,2025-08-09,18:17:53,ICICI,SBI,WhatsApp Pay,Recharge,840.26,Success,NA,Pune,Android,783,True
UPI100003347,2025-04-03,04:05:22,Punjab National Bank,Union Bank,WhatsApp Pay,Recharge,2121.83,Success,NA,Ludhiana,iOS,1883,False
UPI100003348,2025-11-29,00:26:41,Axis Bank,Yes Bank,BHIM,Bill Payment,1334.68,Success,NA,Ahmedabad,iOS,2132,True
UPI100003349,2025-11-18,06:04:18,IndusInd Bank,Bank of Baroda,Amazon Pay,P2M,414.98,Success,NA,Kolkata,iOS,360,False
UPI100003350,2025-02-02,20:37:43,Punjab National Bank,Punjab National Bank,WhatsApp Pay,P2M,2507.71,Failed,PSP Server Error,Mumbai,Android,1576,True
UPI100003351,2025-07-13,22:01:08,IndusInd Bank,IndusInd Bank,Amazon Pay,Fund Transfer,282.34,Failed,Insufficient Balance,Chandigarh,iOS,1584,True
UPI100003352,2025-08-15,23:42:38,SBI,Kotak Mahindra,WhatsApp Pay,P2P,126.22,Failed,Transaction Timeout,Bengaluru,iOS,841,False
UPI100003353,2025-09-16,02:52:13,Union Bank,Union Bank,WhatsApp Pay,Fund Transfer,1730.2,Failed,NPCI Switch Error,Patiala,Android,481,False
UPI100003354,2025-10-30,12:51:01,Yes Bank,Union Bank,PhonePe,Fund Transfer,255.14,Success,NA,Lucknow,Android,869,False
UPI100003355,2025-12-17,18:33:59,Yes Bank,Punjab National Bank,Google Pay,P2P,852.08,Failed,Bank Server Down,Hyderabad,iOS,732,False
UPI100003356,2025-04-01,09:15:35,HDFC,Bank of Baroda,Amazon Pay,Recharge,4489.17,Reversed,Duplicate Transaction,Bengaluru,Android,367,False
UPI100003357,2025-04-22,04:39:22,SBI,Kotak Mahindra,PhonePe,Fund Transfer,180.09,Success,NA,Pune,Android,143,False
UPI100003358,2025-05-09,00:56:13,HDFC,Canara Bank,Paytm,Merchant Payment,1227.47,Failed,Network Timeout,Chandigarh,Android,1284,False
UPI100003359,2025-02-08,16:52:17,SBI,Union Bank,Amazon Pay,Merchant Payment,155.8,Success,NA,Hyderabad,Android,1162,True
UPI100003360,2025-08-05,22:28:54,IndusInd Bank,Canara Bank,WhatsApp Pay,P2M,543.56,Success,NA,Pune,Android,535,False
UPI100003361,2025-08-30,17:01:45,ICICI,HDFC,Amazon Pay,Recharge,19.28,Success,NA,Pune,iOS,118,True
UPI100003362,2025-07-20,03:03:05,Canara Bank,Axis Bank,PhonePe,P2M,1474.49,Success,NA,Delhi,iOS,851,True
UPI100003363,2025-12-15,08:18:45,Kotak Mahindra,Kotak Mahindra,BHIM,Merchant Payment,1316.98,Success,NA,Ludhiana,iOS,1127,False
UPI100003364,2025-11-30,08:41:25,Canara Bank,Yes Bank,Amazon Pay,Bill Payment,4005.25,Failed,Transaction Timeout,Chandigarh,iOS,702,True
UPI100003365,2025-11-04,15:17:16,Canara Bank,SBI,Mobikwik,Merchant Payment,2470.67,Failed,Invalid VPA,Jalandhar,Android,285,False
UPI100003366,2025-01-27,08:47:15,Kotak Mahindra,IDBI Bank,PhonePe,Fund Transfer,1416.35,Reversed,Duplicate Transaction,Amritsar,iOS,303,False
UPI100003367,2025-02-09,20:09:45,Canara Bank,HDFC,PhonePe,Recharge,360.14,Success,NA,Hyderabad,iOS,744,True
UPI100003368,2025-10-15,17:36:26,Kotak Mahindra,Canara Bank,CRED,P2M,1919.16,Pending,NA,Pune,iOS,614,False
UPI100003369,2025-08-07,03:38:08,Axis Bank,IDBI Bank,CRED,Merchant Payment,829.75,Success,NA,Jalandhar,iOS,816,False
UPI100003370,2025-09-09,01:10:35,ICICI,IndusInd Bank,WhatsApp Pay,Merchant Payment,574.91,Reversed,Bank Server Down,Jalandhar,iOS,1305,False
UPI100003371,2025-04-29,07:57:18,IndusInd Bank,Punjab National Bank,PhonePe,Fund Transfer,1262.8,Success,NA,Pune,iOS,1398,False
UPI100003372,2025-07-29,07:58:28,IndusInd Bank,Canara Bank,Mobikwik,Fund Transfer,2933.04,Failed,Incorrect UPI PIN,Kolkata,Android,78,False
UPI100003373,2025-01-04,08:24:54,ICICI,IndusInd Bank,PhonePe,Merchant Payment,292.82,Failed,Daily Limit Exceeded,Amritsar,iOS,640,True
UPI100003374,2025-03-29,03:04:18,Union Bank,Bank of Baroda,WhatsApp Pay,P2M,2052.82,Failed,Invalid VPA,Patiala,Android,1757,True
UPI100003375,2025-08-20,18:34:35,Axis Bank,Axis Bank,BHIM,Bill Payment,1124.45,Success,NA,Amritsar,iOS,1928,False
UPI100003376,2025-02-13,06:39:48,Bank of Baroda,IDBI Bank,Paytm,Fund Transfer,3668.27,Reversed,Bank Server Down,Kolkata,iOS,2192,False
UPI100003377,2025-09-03,10:30:50,Yes Bank,Bank of Baroda,Amazon Pay,Merchant Payment,3304.95,Success,NA,Jaipur,iOS,1711,False
UPI100003378,2025-08-11,05:43:59,HDFC,Union Bank,PhonePe,Fund Transfer,1696.91,Failed,Incorrect UPI PIN,Hyderabad,iOS,297,False
UPI100003379,2025-07-08,20:20:43,ICICI,Canara Bank,PhonePe,Merchant Payment,435.51,Success,NA,Pune,Android,371,False
UPI100003380,2025-09-20,05:30:43,Union Bank,Union Bank,Google Pay,Recharge,271.03,Failed,Network Timeout,Bengaluru,Android,255,True
UPI100003381,2025-02-16,22:19:30,Union Bank,Kotak Mahindra,BHIM,Fund Transfer,603.16,Failed,Beneficiary Bank Unavailable,Ahmedabad,Android,1524,True
UPI100003382,2025-09-11,21:29:39,Punjab National Bank,ICICI,Amazon Pay,Fund Transfer,1126.18,Failed,NPCI Switch Error,Lucknow,iOS,3649,False
UPI100003383,2025-10-19,06:43:55,Yes Bank,Union Bank,Mobikwik,Bill Payment,2852.39,Pending,NA,Kolkata,Android,722,True
UPI100003384,2025-05-04,05:49:14,Kotak Mahindra,Bank of Baroda,Mobikwik,P2M,360.87,Pending,NA,Chandigarh,Android,185,True
UPI100003385,2025-11-24,08:58:29,Union Bank,SBI,Paytm,P2P,1291.9,Failed,Incorrect UPI PIN,Patiala,Android,441,False
UPI100003386,2025-05-16,04:13:51,SBI,Punjab National Bank,Mobikwik,Bill Payment,870.36,Success,NA,Kolkata,iOS,74,False
UPI100003387,2025-06-11,01:49:13,IDBI Bank,Yes Bank,Google Pay,P2M,478.52,Reversed,Bank Server Down,Amritsar,iOS,119,False
UPI100003388,2025-02-05,20:15:05,Canara Bank,Kotak Mahindra,WhatsApp Pay,P2M,647.1,Success,NA,Bengaluru,Android,1368,False
UPI100003389,2025-11-27,06:53:34,ICICI,ICICI,Mobikwik,Merchant Payment,983.31,Reversed,Duplicate Transaction,Delhi,Android,2968,False
UPI100003390,2025-03-31,23:05:33,Axis Bank,Yes Bank,Paytm,Recharge,1432.71,Success,NA,Pune,iOS,82,False
UPI100003391,2025-10-23,08:57:36,IndusInd Bank,ICICI,Mobikwik,P2M,52.01,Reversed,Duplicate Transaction,Hyderabad,iOS,1101,False
UPI100003392,2025-12-23,11:01:06,ICICI,HDFC,Paytm,Recharge,415.91,Failed,Duplicate Transaction,Pune,iOS,311,False
UPI100003393,2025-07-21,21:36:35,Punjab National Bank,IDBI Bank,Google Pay,Fund Transfer,1448.51,Reversed,Duplicate Transaction,Patiala,Android,262,False
UPI100003394,2025-07-03,11:53:23,Axis Bank,Punjab National Bank,PhonePe,P2P,411.81,Success,NA,Kolkata,iOS,262,False
UPI100003395,2025-05-20,05:51:03,Bank of Baroda,HDFC,Amazon Pay,Bill Payment,3509.25,Failed,Invalid VPA,Ahmedabad,iOS,947,False
UPI100003396,2025-04-17,19:08:45,Union Bank,Canara Bank,PhonePe,P2P,625.2,Success,NA,Pune,iOS,1834,False
UPI100003397,2025-12-28,14:27:59,IndusInd Bank,Union Bank,Google Pay,Recharge,2877.93,Success,NA,Amritsar,iOS,58,True
UPI100003398,2025-08-15,16:18:17,Kotak Mahindra,Union Bank,Google Pay,P2P,1875.54,Success,NA,Lucknow,iOS,1348,False
UPI100003399,2025-07-26,20:07:26,SBI,IndusInd Bank,Amazon Pay,Bill Payment,812.96,Success,NA,Kolkata,Android,299,True
UPI100003400,2025-07-05,07:54:45,IDBI Bank,SBI,Google Pay,Fund Transfer,25.67,Failed,Bank Server Down,Bengaluru,iOS,319,True
UPI100003401,2025-03-01,08:05:07,SBI,Bank of Baroda,CRED,Fund Transfer,2322.77,Failed,Incorrect UPI PIN,Lucknow,Android,377,True
UPI100003402,2025-08-31,07:34:11,ICICI,Axis Bank,WhatsApp Pay,P2P,622.95,Reversed,Duplicate Transaction,Bengaluru,iOS,132,True
UPI100003403,2025-09-11,18:35:39,Yes Bank,Canara Bank,CRED,P2M,818.32,Failed,Duplicate Transaction,Jalandhar,iOS,299,False
UPI100003404,2025-12-08,09:22:21,IndusInd Bank,Union Bank,Paytm,Merchant Payment,119.37,Pending,NA,Lucknow,Android,1181,False
UPI100003405,2025-03-26,09:05:12,IDBI Bank,SBI,CRED,Merchant Payment,2350.17,Success,NA,Lucknow,Android,460,False
UPI100003406,2025-01-05,07:59:13,Bank of Baroda,Kotak Mahindra,Amazon Pay,P2M,724.11,Success,NA,Patiala,iOS,82,True
UPI100003407,2025-07-13,14:20:41,HDFC,Axis Bank,PhonePe,P2P,4751.25,Success,NA,Mumbai,iOS,1504,True
UPI100003408,2025-04-07,15:10:13,Kotak Mahindra,IDBI Bank,BHIM,Merchant Payment,1214.59,Failed,Bank Server Down,Patiala,Android,1035,False
UPI100003409,2025-07-29,04:00:07,SBI,Punjab National Bank,Mobikwik,Fund Transfer,409.06,Success,NA,Delhi,Android,472,False
UPI100003410,2025-07-26,21:23:41,Canara Bank,IndusInd Bank,Paytm,Merchant Payment,1365.92,Success,NA,Lucknow,Android,1158,True
UPI100003411,2025-02-05,21:38:15,Canara Bank,Bank of Baroda,Amazon Pay,Recharge,1983.1,Pending,NA,Amritsar,Android,1243,False
UPI100003412,2025-06-05,23:10:17,Union Bank,Punjab National Bank,WhatsApp Pay,Merchant Payment,4400.72,Failed,Insufficient Balance,Ahmedabad,Android,934,False
UPI100003413,2025-05-13,15:48:49,IDBI Bank,Yes Bank,PhonePe,P2M,2415.4,Success,NA,Delhi,Android,145,False
UPI100003414,2025-10-25,06:05:33,Yes Bank,ICICI,Paytm,Recharge,893.7,Success,NA,Jaipur,iOS,1935,True
UPI100003415,2025-06-14,02:32:12,Yes Bank,Axis Bank,CRED,Fund Transfer,410.01,Success,NA,Delhi,Android,1236,True
UPI100003416,2025-09-17,10:12:18,ICICI,Yes Bank,Mobikwik,P2M,4606.42,Success,NA,Kolkata,iOS,2518,False
UPI100003417,2025-03-09,07:58:57,Bank of Baroda,Kotak Mahindra,PhonePe,Merchant Payment,683.24,Failed,Duplicate Transaction,Jaipur,Android,251,True
UPI100003418,2025-01-09,16:55:19,Yes Bank,IndusInd Bank,Mobikwik,Bill Payment,2265.61,Failed,Incorrect UPI PIN,Delhi,iOS,3836,False
UPI100003419,2025-09-28,23:08:50,Axis Bank,Kotak Mahindra,PhonePe,Merchant Payment,1763.78,Failed,Network Timeout,Mumbai,Android,111,True
UPI100003420,2025-09-03,02:26:33,Kotak Mahindra,Kotak Mahindra,BHIM,Bill Payment,146.51,Success,NA,Jaipur,iOS,175,False
UPI100003421,2025-02-25,22:27:30,IndusInd Bank,IndusInd Bank,BHIM,Merchant Payment,4143.23,Pending,NA,Hyderabad,iOS,1087,False
UPI100003422,2025-11-10,22:23:36,Canara Bank,Bank of Baroda,PhonePe,Bill Payment,2028.72,Failed,Transaction Timeout,Ludhiana,Android,304,False
UPI100003423,2025-11-05,23:14:17,Yes Bank,Punjab National Bank,Paytm,P2M,1311.58,Success,NA,Mumbai,iOS,392,False
UPI100003424,2025-08-01,16:15:50,Yes Bank,Canara Bank,Amazon Pay,Recharge,749.87,Success,NA,Patiala,Android,287,False
UPI100003425,2025-07-02,12:31:21,ICICI,IndusInd Bank,Paytm,Fund Transfer,173.51,Success,NA,Ludhiana,Android,783,False
UPI100003426,2025-02-14,20:42:49,IndusInd Bank,Bank of Baroda,PhonePe,Merchant Payment,4474.76,Success,NA,Delhi,iOS,2085,False
UPI100003427,2025-01-06,08:58:17,Yes Bank,IDBI Bank,BHIM,Merchant Payment,1334.66,Failed,Account Blocked/Frozen,Jaipur,iOS,121,False
UPI100003428,2025-01-29,02:24:21,Canara Bank,SBI,BHIM,Merchant Payment,959.85,Success,NA,Ludhiana,iOS,590,False
UPI100003429,2025-07-12,07:04:16,Bank of Baroda,IndusInd Bank,Paytm,Recharge,181.32,Success,NA,Hyderabad,Android,1008,True
UPI100003430,2025-01-28,14:01:04,Canara Bank,Kotak Mahindra,Amazon Pay,Merchant Payment,1417.01,Failed,NPCI Switch Error,Jaipur,iOS,75,False
UPI100003431,2025-08-28,01:48:41,Axis Bank,Canara Bank,Paytm,Recharge,954.5,Success,NA,Jaipur,iOS,2060,False
UPI100003432,2025-05-09,02:06:11,IDBI Bank,Canara Bank,BHIM,Recharge,1771.95,Reversed,Bank Server Down,Mumbai,iOS,952,False
UPI100003433,2025-11-28,03:50:50,Punjab National Bank,Axis Bank,CRED,Fund Transfer,4411.83,Success,NA,Chandigarh,iOS,460,False
UPI100003434,2025-05-14,19:50:20,IndusInd Bank,SBI,CRED,Fund Transfer,419.62,Success,NA,Jaipur,Android,630,False
UPI100003435,2025-03-24,02:37:15,Canara Bank,HDFC,Google Pay,P2P,355.23,Failed,NPCI Switch Error,Jalandhar,Android,982,False
UPI100003436,2025-03-06,10:13:39,Bank of Baroda,HDFC,Paytm,Recharge,575.74,Reversed,Duplicate Transaction,Delhi,Android,142,False
UPI100003437,2025-04-13,11:00:05,ICICI,Punjab National Bank,BHIM,Recharge,1000.86,Success,NA,Bengaluru,iOS,2387,True
UPI100003438,2025-02-13,06:54:57,Bank of Baroda,Canara Bank,CRED,Recharge,90.61,Reversed,Duplicate Transaction,Mumbai,iOS,689,False
UPI100003439,2025-05-05,04:01:06,IndusInd Bank,Canara Bank,PhonePe,P2M,694.78,Success,NA,Delhi,Android,787,False
UPI100003440,2025-05-08,09:13:00,Punjab National Bank,IndusInd Bank,Mobikwik,Bill Payment,1594.18,Success,NA,Amritsar,iOS,1493,False
UPI100003441,2025-09-14,22:24:22,ICICI,Canara Bank,WhatsApp Pay,Merchant Payment,1995.76,Success,NA,Jalandhar,iOS,205,True
UPI100003442,2025-07-06,21:08:14,ICICI,IDBI Bank,BHIM,Recharge,2690.64,Success,NA,Bengaluru,Android,261,True
UPI100003443,2025-06-22,13:56:56,Yes Bank,HDFC,Paytm,Recharge,1494.74,Failed,Duplicate Transaction,Hyderabad,iOS,343,True
UPI100003444,2025-09-06,16:13:04,Canara Bank,Axis Bank,Mobikwik,Merchant Payment,439.29,Success,NA,Jaipur,Android,2350,True
UPI100003445,2025-05-01,09:26:18,Axis Bank,ICICI,PhonePe,Bill Payment,2145.34,Failed,NPCI Switch Error,Mumbai,Android,166,False
UPI100003446,2025-12-24,12:46:26,Bank of Baroda,IndusInd Bank,WhatsApp Pay,Recharge,2469.38,Failed,Transaction Timeout,Kolkata,iOS,149,False
UPI100003447,2025-01-10,10:12:31,IDBI Bank,Bank of Baroda,CRED,Bill Payment,1003.95,Pending,NA,Bengaluru,iOS,116,False
UPI100003448,2025-09-01,18:07:42,Axis Bank,HDFC,Amazon Pay,Fund Transfer,3450.4,Failed,Transaction Timeout,Chandigarh,Android,822,False
UPI100003449,2025-05-09,16:31:00,SBI,Punjab National Bank,CRED,Merchant Payment,2087.96,Success,NA,Kolkata,iOS,1450,False
UPI100003450,2025-11-13,04:18:43,Bank of Baroda,SBI,BHIM,Fund Transfer,846.53,Success,NA,Ahmedabad,Android,426,False
UPI100003451,2025-10-30,03:53:47,Punjab National Bank,Yes Bank,CRED,Bill Payment,1794.32,Pending,NA,Jalandhar,iOS,248,False
UPI100003452,2025-01-20,11:10:18,HDFC,IndusInd Bank,BHIM,P2P,1130.2,Success,NA,Amritsar,iOS,576,False
UPI100003453,2025-07-07,14:33:20,Axis Bank,HDFC,Google Pay,P2P,1973.18,Success,NA,Patiala,Android,68,False
UPI100003454,2025-03-01,20:34:55,Union Bank,HDFC,Mobikwik,Merchant Payment,1652.49,Success,NA,Kolkata,iOS,738,True
UPI100003455,2025-04-18,15:52:01,Bank of Baroda,Yes Bank,BHIM,Merchant Payment,261.37,Success,NA,Lucknow,Android,950,False
UPI100003456,2025-03-14,17:56:19,Bank of Baroda,Kotak Mahindra,BHIM,Recharge,721.21,Success,NA,Hyderabad,iOS,790,False
UPI100003457,2025-01-24,16:13:51,Axis Bank,Axis Bank,PhonePe,Bill Payment,1763.88,Success,NA,Pune,iOS,1958,False
UPI100003458,2025-08-23,10:00:06,Bank of Baroda,Kotak Mahindra,Paytm,Recharge,2550.27,Failed,PSP Server Error,Ahmedabad,iOS,929,True
UPI100003459,2025-08-14,07:54:41,Yes Bank,Yes Bank,Paytm,Merchant Payment,5430.55,Reversed,Bank Server Down,Kolkata,Android,324,False
UPI100003460,2025-08-07,14:01:42,SBI,SBI,Google Pay,Merchant Payment,886.22,Failed,Network Timeout,Ahmedabad,Android,663,False
UPI100003461,2025-02-28,08:53:30,Bank of Baroda,IndusInd Bank,WhatsApp Pay,P2M,2651.57,Failed,Beneficiary Bank Unavailable,Mumbai,Android,292,False
UPI100003462,2025-10-19,17:25:59,Bank of Baroda,IndusInd Bank,PhonePe,P2M,1490.12,Success,NA,Pune,Android,744,True
UPI100003463,2025-02-11,02:44:50,Bank of Baroda,SBI,Amazon Pay,Bill Payment,1496.72,Failed,Daily Limit Exceeded,Patiala,iOS,2753,False
UPI100003464,2025-09-19,04:13:08,IndusInd Bank,HDFC,Paytm,Recharge,3125.89,Failed,Transaction Timeout,Chandigarh,Android,701,False
UPI100003465,2025-07-28,05:39:14,ICICI,Bank of Baroda,Mobikwik,Recharge,501.24,Failed,Insufficient Balance,Hyderabad,Android,813,False
UPI100003466,2025-08-07,04:43:12,IDBI Bank,HDFC,Paytm,Merchant Payment,2832.19,Success,NA,Chandigarh,iOS,424,False
UPI100003467,2025-12-03,09:39:22,IDBI Bank,Yes Bank,WhatsApp Pay,Recharge,3791.24,Success,NA,Mumbai,iOS,886,False
UPI100003468,2025-08-06,04:25:48,Canara Bank,IDBI Bank,WhatsApp Pay,P2P,181.55,Failed,Invalid VPA,Chandigarh,Android,407,False
UPI100003469,2025-01-06,23:14:32,Union Bank,Kotak Mahindra,Google Pay,Bill Payment,377.22,Success,NA,Bengaluru,Android,2836,False
UPI100003470,2025-08-02,10:13:02,Axis Bank,Kotak Mahindra,Amazon Pay,Merchant Payment,3468.34,Pending,NA,Patiala,iOS,340,True
UPI100003471,2025-06-15,11:15:08,Union Bank,HDFC,Amazon Pay,Merchant Payment,3935.69,Failed,Beneficiary Bank Unavailable,Ahmedabad,iOS,715,True
UPI100003472,2025-10-26,15:57:20,Punjab National Bank,IDBI Bank,Amazon Pay,Recharge,281.89,Success,NA,Pune,Android,86,True
UPI100003473,2025-02-15,05:44:33,Kotak Mahindra,IndusInd Bank,Google Pay,P2M,506.83,Success,NA,Bengaluru,iOS,1038,True
UPI100003474,2025-08-12,05:25:25,Axis Bank,IDBI Bank,Paytm,Merchant Payment,411.96,Success,NA,Patiala,Android,376,False
UPI100003475,2025-06-02,00:09:36,Canara Bank,Punjab National Bank,Mobikwik,P2M,3366.43,Failed,Beneficiary Bank Unavailable,Lucknow,iOS,413,False
UPI100003476,2025-12-16,03:56:42,Axis Bank,Axis Bank,BHIM,Merchant Payment,445.77,Reversed,NPCI Switch Error,Hyderabad,Android,2366,False
UPI100003477,2025-09-19,15:31:13,Punjab National Bank,ICICI,CRED,P2P,1448.51,Success,NA,Patiala,iOS,1075,False
UPI100003478,2025-01-31,05:13:59,Bank of Baroda,IDBI Bank,BHIM,Recharge,1123.06,Success,NA,Kolkata,iOS,1365,False
UPI100003479,2025-03-28,17:20:06,Yes Bank,IDBI Bank,Mobikwik,Bill Payment,249.81,Failed,Beneficiary Bank Unavailable,Jalandhar,Android,867,False
UPI100003480,2025-02-10,05:20:29,Union Bank,HDFC,WhatsApp Pay,Recharge,1569.08,Failed,Beneficiary Bank Unavailable,Bengaluru,Android,2140,False
UPI100003481,2025-04-13,06:41:56,Yes Bank,Union Bank,Google Pay,P2P,5052.05,Success,NA,Ahmedabad,Android,571,True
UPI100003482,2025-05-20,13:14:19,Bank of Baroda,Canara Bank,CRED,Merchant Payment,3307.44,Pending,NA,Lucknow,iOS,98,False
UPI100003483,2025-12-20,04:37:44,HDFC,HDFC,Amazon Pay,Fund Transfer,2744.5,Failed,Account Blocked/Frozen,Jaipur,iOS,1230,True
UPI100003484,2025-06-17,09:42:14,Union Bank,HDFC,WhatsApp Pay,P2P,2605.81,Failed,Bank Server Down,Bengaluru,iOS,704,False
UPI100003485,2025-08-26,19:29:23,Canara Bank,Kotak Mahindra,Mobikwik,Recharge,274.72,Failed,Network Timeout,Bengaluru,Android,214,False
UPI100003486,2025-06-10,18:49:11,Punjab National Bank,Yes Bank,Mobikwik,Bill Payment,1384.1,Success,NA,Ludhiana,Android,1180,False
UPI100003487,2025-07-13,07:41:43,Punjab National Bank,SBI,WhatsApp Pay,Recharge,556.92,Failed,Insufficient Balance,Patiala,iOS,119,True
UPI100003488,2025-11-13,06:09:01,Bank of Baroda,IDBI Bank,BHIM,Fund Transfer,5839.67,Failed,Bank Server Down,Mumbai,iOS,292,False
UPI100003489,2025-08-10,14:45:03,ICICI,Bank of Baroda,CRED,Fund Transfer,118.13,Failed,Transaction Timeout,Mumbai,iOS,1942,True
UPI100003490,2025-11-16,18:25:32,Punjab National Bank,IndusInd Bank,WhatsApp Pay,Merchant Payment,3039.87,Success,NA,Kolkata,Android,522,True
UPI100003491,2025-02-17,22:53:38,IndusInd Bank,IndusInd Bank,Amazon Pay,Recharge,1059.95,Success,NA,Jalandhar,iOS,798,False
UPI100003492,2025-04-01,21:33:42,Canara Bank,Punjab National Bank,PhonePe,Fund Transfer,3910.31,Failed,Invalid VPA,Kolkata,Android,93,False
UPI100003493,2025-11-27,21:34:34,Axis Bank,SBI,WhatsApp Pay,P2P,1630.9,Success,NA,Chandigarh,iOS,2971,False
UPI100003494,2025-11-23,22:53:13,Canara Bank,Union Bank,Mobikwik,Bill Payment,327.18,Success,NA,Hyderabad,iOS,236,True
UPI100003495,2025-03-18,18:39:52,IDBI Bank,Canara Bank,Mobikwik,Bill Payment,93.27,Success,NA,Kolkata,Android,450,False
UPI100003496,2025-08-17,22:32:59,IDBI Bank,Yes Bank,Google Pay,Bill Payment,616.92,Success,NA,Pune,iOS,423,True
UPI100003497,2025-10-20,10:35:54,SBI,IDBI Bank,Mobikwik,Merchant Payment,815.96,Success,NA,Jaipur,iOS,84,False
UPI100003498,2025-04-22,08:52:33,HDFC,IDBI Bank,Paytm,Merchant Payment,1483.01,Failed,NPCI Switch Error,Hyderabad,iOS,1170,False
UPI100003499,2025-04-24,12:23:37,IDBI Bank,SBI,WhatsApp Pay,Fund Transfer,294.87,Failed,Transaction Timeout,Jaipur,Android,1361,False
UPI100003500,2025-11-21,10:05:47,IDBI Bank,IDBI Bank,Google Pay,Merchant Payment,598.97,Failed,Beneficiary Bank Unavailable,Amritsar,iOS,2261,False
UPI100003501,2025-03-28,05:07:42,Axis Bank,Union Bank,BHIM,Bill Payment,1633.37,Success,NA,Chandigarh,iOS,810,False
UPI100003502,2025-09-28,03:41:25,Union Bank,HDFC,PhonePe,Recharge,2028.98,Success,NA,Lucknow,iOS,120,True
UPI100003503,2025-05-13,17:57:07,Yes Bank,IDBI Bank,Paytm,Merchant Payment,4581.52,Success,NA,Pune,iOS,1413,False
UPI100003504,2025-08-27,07:30:30,Union Bank,Axis Bank,Paytm,P2M,583.98,Reversed,Duplicate Transaction,Ahmedabad,Android,2434,False
UPI100003505,2025-05-12,12:54:02,ICICI,Canara Bank,Mobikwik,P2M,2641.01,Pending,NA,Patiala,iOS,1663,False
UPI100003506,2025-08-26,05:03:04,Bank of Baroda,Axis Bank,BHIM,P2M,124.64,Success,NA,Mumbai,Android,220,False
UPI100003507,2025-11-24,17:52:00,Bank of Baroda,Canara Bank,Amazon Pay,Recharge,2050.49,Failed,Invalid VPA,Jaipur,iOS,1530,False
UPI100003508,2025-10-25,00:17:24,Canara Bank,Canara Bank,PhonePe,Fund Transfer,4195.32,Failed,Daily Limit Exceeded,Hyderabad,iOS,721,True
UPI100003509,2025-02-03,19:27:57,Bank of Baroda,Yes Bank,Paytm,Bill Payment,2824.88,Success,NA,Bengaluru,Android,236,False
UPI100003510,2025-05-29,18:27:35,ICICI,Canara Bank,BHIM,Bill Payment,1905.07,Reversed,Duplicate Transaction,Bengaluru,iOS,641,False
UPI100003511,2025-09-07,00:25:35,Axis Bank,Union Bank,WhatsApp Pay,Bill Payment,222.71,Failed,Account Blocked/Frozen,Delhi,Android,325,True
UPI100003512,2025-01-25,15:54:22,Yes Bank,Yes Bank,BHIM,Recharge,3479.49,Success,NA,Jaipur,Android,415,True
UPI100003513,2025-01-10,07:09:37,SBI,Union Bank,WhatsApp Pay,Recharge,673.8,Success,NA,Amritsar,iOS,1344,False
UPI100003514,2025-02-09,05:24:41,SBI,Canara Bank,Amazon Pay,P2P,1402.07,Failed,Account Blocked/Frozen,Mumbai,Android,152,True
UPI100003515,2025-05-28,17:59:23,HDFC,Union Bank,WhatsApp Pay,Fund Transfer,1547.82,Failed,Transaction Timeout,Jaipur,iOS,256,False
UPI100003516,2025-06-22,09:53:27,Axis Bank,IDBI Bank,Mobikwik,Bill Payment,216.19,Failed,Transaction Timeout,Ahmedabad,iOS,970,True
UPI100003517,2025-01-03,19:12:08,IDBI Bank,Bank of Baroda,BHIM,Bill Payment,529.18,Success,NA,Amritsar,Android,99,False
UPI100003518,2025-04-23,17:28:35,Union Bank,IndusInd Bank,PhonePe,P2P,818.92,Failed,Daily Limit Exceeded,Lucknow,iOS,496,False
UPI100003519,2025-01-09,17:46:45,IDBI Bank,SBI,WhatsApp Pay,P2M,361.54,Failed,Beneficiary Bank Unavailable,Chandigarh,iOS,1302,False
UPI100003520,2025-11-26,06:38:00,SBI,IndusInd Bank,WhatsApp Pay,P2P,698.33,Success,NA,Jaipur,iOS,798,False
UPI100003521,2025-07-25,08:55:55,Axis Bank,Bank of Baroda,Amazon Pay,P2M,1059.13,Success,NA,Kolkata,iOS,1441,False
UPI100003522,2025-01-08,10:41:53,Punjab National Bank,HDFC,BHIM,Fund Transfer,579.93,Failed,Insufficient Balance,Delhi,iOS,488,False
UPI100003523,2025-03-07,16:11:05,ICICI,Yes Bank,Paytm,Bill Payment,2390.77,Success,NA,Bengaluru,Android,1532,False
UPI100003524,2025-09-13,23:09:58,Yes Bank,Yes Bank,Google Pay,P2M,5916.2,Reversed,Duplicate Transaction,Hyderabad,Android,1340,True
UPI100003525,2025-07-08,12:33:36,Yes Bank,Axis Bank,CRED,Bill Payment,756.42,Success,NA,Jalandhar,Android,1207,False
UPI100003526,2025-11-02,08:55:22,Kotak Mahindra,IndusInd Bank,WhatsApp Pay,P2P,475.82,Failed,Insufficient Balance,Chandigarh,iOS,123,True
UPI100003527,2025-02-24,02:56:29,Kotak Mahindra,SBI,CRED,P2P,1599.56,Success,NA,Pune,Android,827,False
UPI100003528,2025-03-25,17:10:06,ICICI,Kotak Mahindra,WhatsApp Pay,P2P,486.26,Failed,Bank Server Down,Patiala,iOS,154,False
UPI100003529,2025-09-27,17:21:55,Yes Bank,Union Bank,PhonePe,Bill Payment,677.58,Success,NA,Kolkata,iOS,857,True
UPI100003530,2025-04-05,08:19:44,SBI,Kotak Mahindra,Paytm,Recharge,1257.33,Success,NA,Jaipur,iOS,72,True
UPI100003531,2025-08-06,19:38:31,Bank of Baroda,Punjab National Bank,CRED,Fund Transfer,1603.08,Success,NA,Chandigarh,iOS,3780,False
UPI100003532,2025-05-03,04:53:13,ICICI,Yes Bank,Google Pay,P2M,259.93,Failed,Daily Limit Exceeded,Ludhiana,Android,498,True
UPI100003533,2025-07-01,11:45:14,ICICI,Axis Bank,WhatsApp Pay,Recharge,887.1,Success,NA,Delhi,Android,3189,False
UPI100003534,2025-11-20,11:30:09,IDBI Bank,IndusInd Bank,Amazon Pay,Recharge,792.9,Success,NA,Jalandhar,iOS,1386,False
UPI100003535,2025-06-20,23:06:49,Canara Bank,Kotak Mahindra,Mobikwik,Recharge,358.23,Success,NA,Jaipur,iOS,2351,False
UPI100003536,2025-12-17,00:20:10,IDBI Bank,Union Bank,Amazon Pay,P2P,906.9,Success,NA,Ahmedabad,iOS,86,False
UPI100003537,2025-09-16,23:49:40,Yes Bank,Bank of Baroda,Amazon Pay,P2M,462.1,Success,NA,Ahmedabad,Android,440,False
UPI100003538,2025-09-25,09:13:22,Axis Bank,HDFC,Google Pay,Fund Transfer,219.29,Pending,NA,Ahmedabad,Android,1042,False
UPI100003539,2025-03-30,19:47:11,Kotak Mahindra,Bank of Baroda,Amazon Pay,P2P,960.06,Success,NA,Hyderabad,Android,1041,True
UPI100003540,2025-04-05,13:06:33,Bank of Baroda,Yes Bank,Paytm,Fund Transfer,638.08,Failed,Transaction Timeout,Jaipur,iOS,110,True
UPI100003541,2025-01-28,13:27:49,IndusInd Bank,ICICI,WhatsApp Pay,P2M,971.08,Failed,Network Timeout,Jalandhar,Android,629,False
UPI100003542,2025-02-15,11:18:24,Yes Bank,Kotak Mahindra,PhonePe,Bill Payment,654.4,Failed,Invalid VPA,Jaipur,iOS,291,True
UPI100003543,2025-02-13,18:59:43,Union Bank,Bank of Baroda,BHIM,Bill Payment,600.76,Success,NA,Mumbai,iOS,989,False
UPI100003544,2025-02-06,16:39:59,Bank of Baroda,Axis Bank,CRED,P2M,312.19,Failed,Network Timeout,Amritsar,iOS,197,False
UPI100003545,2025-07-06,03:13:26,ICICI,ICICI,CRED,P2M,1100.95,Success,NA,Pune,iOS,57,True
UPI100003546,2025-11-18,18:59:57,Canara Bank,IndusInd Bank,Mobikwik,Merchant Payment,608.88,Pending,NA,Ludhiana,Android,83,False
UPI100003547,2025-12-25,09:35:39,IDBI Bank,IndusInd Bank,Amazon Pay,P2P,508.37,Success,NA,Jalandhar,Android,1021,False
UPI100003548,2025-03-07,00:30:00,Yes Bank,IndusInd Bank,PhonePe,P2M,1938.68,Failed,Account Blocked/Frozen,Delhi,iOS,283,False
UPI100003549,2025-11-22,18:53:45,Kotak Mahindra,Axis Bank,PhonePe,Merchant Payment,1578.9,Success,NA,Delhi,Android,764,True
UPI100003550,2025-01-27,18:11:01,Kotak Mahindra,Canara Bank,PhonePe,Recharge,1198.22,Success,NA,Pune,Android,99,False
UPI100003551,2025-09-10,22:12:29,SBI,Canara Bank,Paytm,P2P,850.1,Success,NA,Mumbai,Android,743,False
UPI100003552,2025-03-25,15:07:43,Bank of Baroda,Kotak Mahindra,Mobikwik,Bill Payment,1003.89,Pending,NA,Pune,iOS,1070,False
UPI100003553,2025-02-06,17:20:32,ICICI,IDBI Bank,Mobikwik,Bill Payment,824.64,Failed,Network Timeout,Hyderabad,Android,315,False
UPI100003554,2025-01-07,13:31:44,Yes Bank,Union Bank,BHIM,Recharge,4630.29,Success,NA,Chandigarh,Android,625,False
UPI100003555,2025-01-05,16:48:00,Union Bank,ICICI,Amazon Pay,Fund Transfer,1624.39,Pending,NA,Chandigarh,Android,239,True
UPI100003556,2025-08-07,00:10:48,Kotak Mahindra,Kotak Mahindra,Paytm,Merchant Payment,2527.94,Success,NA,Pune,iOS,340,False
UPI100003557,2025-02-18,06:03:49,ICICI,IDBI Bank,Google Pay,Bill Payment,2211.76,Success,NA,Chandigarh,iOS,281,False
UPI100003558,2025-02-16,12:23:42,Punjab National Bank,IndusInd Bank,Google Pay,Recharge,660.35,Failed,Duplicate Transaction,Chandigarh,Android,1410,True
UPI100003559,2025-05-15,21:59:02,HDFC,HDFC,Paytm,Recharge,5766.29,Success,NA,Chandigarh,Android,164,False
UPI100003560,2025-05-17,03:21:32,Axis Bank,Canara Bank,Amazon Pay,Recharge,542.99,Success,NA,Amritsar,iOS,2313,True
UPI100003561,2025-03-23,17:58:40,Bank of Baroda,ICICI,WhatsApp Pay,Recharge,164.92,Success,NA,Ludhiana,Android,723,True
UPI100003562,2025-06-16,18:39:09,Punjab National Bank,Axis Bank,CRED,Recharge,4718.09,Success,NA,Pune,iOS,593,False
UPI100003563,2025-05-12,15:00:34,Kotak Mahindra,Axis Bank,Paytm,Merchant Payment,182.59,Success,NA,Delhi,Android,826,False
UPI100003564,2025-03-30,07:06:59,Kotak Mahindra,Axis Bank,Google Pay,P2M,2571.93,Failed,Invalid VPA,Chandigarh,iOS,56,True
UPI100003565,2025-04-21,15:20:33,IndusInd Bank,Yes Bank,Mobikwik,P2M,530.7,Success,NA,Jaipur,iOS,557,False
UPI100003566,2025-07-05,17:04:50,IndusInd Bank,Canara Bank,PhonePe,Fund Transfer,1081.05,Success,NA,Jalandhar,iOS,390,True
UPI100003567,2025-07-13,04:49:39,HDFC,Union Bank,Google Pay,Recharge,723.31,Failed,Beneficiary Bank Unavailable,Mumbai,Android,838,True
UPI100003568,2025-03-03,00:27:16,Bank of Baroda,ICICI,BHIM,Fund Transfer,3086.62,Pending,NA,Jaipur,iOS,460,False
UPI100003569,2025-04-05,03:31:11,Punjab National Bank,Union Bank,CRED,P2M,490.81,Success,NA,Hyderabad,iOS,96,True
UPI100003570,2025-02-11,21:14:50,Punjab National Bank,Punjab National Bank,Mobikwik,Merchant Payment,457.14,Success,NA,Ludhiana,Android,443,False
UPI100003571,2025-12-17,07:28:06,IDBI Bank,Axis Bank,CRED,P2P,3537.58,Failed,NPCI Switch Error,Patiala,iOS,867,False
UPI100003572,2025-05-14,07:55:27,IDBI Bank,ICICI,Mobikwik,Fund Transfer,2596.82,Failed,Insufficient Balance,Lucknow,iOS,95,False
UPI100003573,2025-04-20,18:32:07,Union Bank,IDBI Bank,Mobikwik,P2P,106.64,Success,NA,Mumbai,Android,438,True
UPI100003574,2025-08-10,16:15:20,Canara Bank,Yes Bank,Google Pay,Bill Payment,257.56,Success,NA,Ahmedabad,iOS,53,True
UPI100003575,2025-12-01,01:54:45,IndusInd Bank,Kotak Mahindra,Amazon Pay,Fund Transfer,571.75,Success,NA,Jaipur,iOS,987,False
UPI100003576,2025-03-22,16:50:23,IndusInd Bank,Kotak Mahindra,Mobikwik,P2P,462.68,Success,NA,Jaipur,iOS,330,True
UPI100003577,2025-11-17,14:42:59,Kotak Mahindra,IndusInd Bank,PhonePe,P2P,1473.99,Success,NA,Jaipur,Android,576,False
UPI100003578,2025-11-15,14:14:53,ICICI,Yes Bank,WhatsApp Pay,Merchant Payment,2011.86,Failed,PSP Server Error,Amritsar,iOS,955,True
UPI100003579,2025-09-22,03:46:29,Punjab National Bank,IDBI Bank,BHIM,Fund Transfer,302.67,Success,NA,Kolkata,Android,1052,False
UPI100003580,2025-04-16,19:50:21,Union Bank,IDBI Bank,BHIM,P2M,83.22,Success,NA,Hyderabad,iOS,385,False
UPI100003581,2025-06-12,21:59:04,IndusInd Bank,IndusInd Bank,Mobikwik,P2M,4425.79,Success,NA,Delhi,Android,931,False
UPI100003582,2025-08-12,19:52:00,Kotak Mahindra,IDBI Bank,Mobikwik,Fund Transfer,463.56,Pending,NA,Amritsar,Android,517,False
UPI100003583,2025-07-18,07:08:53,HDFC,IDBI Bank,Mobikwik,Bill Payment,583.65,Success,NA,Hyderabad,Android,877,False
UPI100003584,2025-10-08,14:58:54,Bank of Baroda,Canara Bank,Amazon Pay,Merchant Payment,2505.0,Success,NA,Chandigarh,iOS,74,False
UPI100003585,2025-04-05,02:05:57,Yes Bank,Bank of Baroda,WhatsApp Pay,Fund Transfer,1248.38,Success,NA,Delhi,Android,214,True
UPI100003586,2025-12-07,23:33:21,Bank of Baroda,Canara Bank,PhonePe,Bill Payment,1999.08,Success,NA,Amritsar,iOS,957,True
UPI100003587,2025-04-01,19:10:05,Canara Bank,HDFC,Google Pay,P2P,5134.9,Failed,Daily Limit Exceeded,Ludhiana,Android,359,False
UPI100003588,2025-11-06,01:57:54,IDBI Bank,Canara Bank,WhatsApp Pay,P2P,942.24,Pending,NA,Patiala,iOS,1171,False
UPI100003589,2025-10-31,18:04:26,ICICI,Kotak Mahindra,PhonePe,P2M,371.67,Success,NA,Jaipur,iOS,1135,False
UPI100003590,2025-04-29,23:55:23,IndusInd Bank,Axis Bank,Google Pay,Bill Payment,3517.32,Reversed,NPCI Switch Error,Hyderabad,Android,2443,False
UPI100003591,2025-07-09,14:22:10,Punjab National Bank,ICICI,Amazon Pay,P2M,525.65,Failed,Beneficiary Bank Unavailable,Kolkata,iOS,213,False
UPI100003592,2025-08-30,17:23:45,IDBI Bank,ICICI,CRED,P2P,1713.75,Failed,Beneficiary Bank Unavailable,Patiala,Android,390,True
UPI100003593,2025-06-13,01:10:01,Canara Bank,Punjab National Bank,Google Pay,Fund Transfer,837.05,Success,NA,Jalandhar,iOS,108,False
UPI100003594,2025-11-07,10:06:36,Punjab National Bank,Yes Bank,Amazon Pay,P2P,314.25,Failed,Invalid VPA,Pune,iOS,617,False
UPI100003595,2025-01-04,06:42:06,IDBI Bank,Bank of Baroda,Paytm,P2M,2169.55,Pending,NA,Kolkata,iOS,193,True
UPI100003596,2025-09-21,06:17:12,SBI,ICICI,PhonePe,Bill Payment,1863.82,Success,NA,Ahmedabad,iOS,469,True
UPI100003597,2025-07-16,00:49:02,SBI,Kotak Mahindra,WhatsApp Pay,Merchant Payment,873.24,Failed,Network Timeout,Patiala,Android,817,False
UPI100003598,2025-08-13,08:07:49,SBI,IDBI Bank,CRED,Recharge,2776.16,Failed,Duplicate Transaction,Mumbai,Android,3089,False
UPI100003599,2025-04-07,12:07:57,IndusInd Bank,Canara Bank,BHIM,Recharge,773.16,Reversed,Duplicate Transaction,Ludhiana,Android,172,False
UPI100003600,2025-10-09,13:50:13,HDFC,SBI,Google Pay,Merchant Payment,5199.27,Failed,Invalid VPA,Patiala,Android,417,False
UPI100003601,2025-12-20,11:41:17,Kotak Mahindra,ICICI,Paytm,Recharge,129.91,Success,NA,Jalandhar,iOS,907,True
UPI100003602,2025-07-26,16:26:15,Union Bank,IndusInd Bank,Paytm,Merchant Payment,1393.21,Failed,Incorrect UPI PIN,Bengaluru,iOS,519,True
UPI100003603,2025-02-25,23:42:45,Axis Bank,Yes Bank,CRED,P2P,1578.07,Failed,Duplicate Transaction,Kolkata,iOS,1127,False
UPI100003604,2025-07-09,01:34:07,Bank of Baroda,Union Bank,WhatsApp Pay,Bill Payment,3338.36,Success,NA,Amritsar,iOS,791,False
UPI100003605,2025-09-11,21:46:22,Canara Bank,HDFC,Amazon Pay,Merchant Payment,1087.54,Success,NA,Jalandhar,iOS,444,False
UPI100003606,2025-05-21,04:14:55,IDBI Bank,Punjab National Bank,PhonePe,P2P,2717.36,Success,NA,Ahmedabad,iOS,1451,False
UPI100003607,2025-03-11,03:04:28,IndusInd Bank,SBI,PhonePe,Merchant Payment,4116.27,Success,NA,Chandigarh,iOS,360,False
UPI100003608,2025-03-08,23:54:05,Union Bank,Kotak Mahindra,WhatsApp Pay,Bill Payment,43.16,Pending,NA,Ahmedabad,Android,843,True
UPI100003609,2025-01-08,16:16:22,ICICI,Canara Bank,Mobikwik,Merchant Payment,556.57,Success,NA,Mumbai,Android,2768,False
UPI100003610,2025-08-18,08:49:17,IDBI Bank,Axis Bank,WhatsApp Pay,Fund Transfer,451.25,Reversed,NPCI Switch Error,Jalandhar,Android,2181,False
UPI100003611,2025-09-22,12:01:01,Union Bank,Yes Bank,Paytm,P2P,2923.93,Success,NA,Mumbai,iOS,842,False
UPI100003612,2025-08-07,18:54:56,Kotak Mahindra,IndusInd Bank,CRED,P2P,885.18,Reversed,Bank Server Down,Mumbai,Android,301,False
UPI100003613,2025-08-24,05:11:14,Bank of Baroda,Punjab National Bank,Amazon Pay,Recharge,456.39,Success,NA,Bengaluru,Android,2720,True
UPI100003614,2025-07-24,06:48:44,Axis Bank,Axis Bank,Amazon Pay,Merchant Payment,2629.3,Success,NA,Ahmedabad,iOS,339,False
UPI100003615,2025-05-03,03:53:50,Bank of Baroda,SBI,Google Pay,Fund Transfer,1913.13,Success,NA,Pune,iOS,70,True
UPI100003616,2025-03-12,03:48:53,Canara Bank,HDFC,Google Pay,P2P,4545.77,Success,NA,Jaipur,Android,956,False
UPI100003617,2025-01-31,13:53:19,SBI,Punjab National Bank,Google Pay,Bill Payment,298.76,Success,NA,Delhi,Android,2892,False
UPI100003618,2025-07-09,11:08:29,Kotak Mahindra,HDFC,CRED,Bill Payment,3265.96,Success,NA,Amritsar,iOS,1337,False
UPI100003619,2025-06-20,04:29:29,Canara Bank,Punjab National Bank,Paytm,Recharge,277.07,Success,NA,Mumbai,iOS,2021,False
UPI100003620,2025-04-30,05:46:40,Yes Bank,Union Bank,PhonePe,Bill Payment,6955.17,Success,NA,Ludhiana,Android,93,False
UPI100003621,2025-10-06,01:38:37,Kotak Mahindra,Bank of Baroda,CRED,Fund Transfer,1783.55,Failed,Incorrect UPI PIN,Kolkata,iOS,168,False
UPI100003622,2025-07-26,08:55:04,Axis Bank,HDFC,WhatsApp Pay,Fund Transfer,2278.73,Pending,NA,Ludhiana,Android,339,True
UPI100003623,2025-11-09,07:34:14,Punjab National Bank,Kotak Mahindra,Google Pay,Recharge,3880.59,Success,NA,Mumbai,iOS,611,True
UPI100003624,2025-05-04,08:53:55,IDBI Bank,SBI,Mobikwik,Merchant Payment,3500.93,Failed,Account Blocked/Frozen,Jalandhar,iOS,1634,True
UPI100003625,2025-03-25,19:47:20,Canara Bank,HDFC,CRED,Merchant Payment,83.9,Pending,NA,Delhi,Android,347,False
UPI100003626,2025-11-10,05:45:06,Punjab National Bank,Axis Bank,Mobikwik,P2M,413.47,Failed,Network Timeout,Ahmedabad,iOS,198,False
UPI100003627,2025-04-09,23:14:49,Punjab National Bank,Kotak Mahindra,Google Pay,P2P,1058.81,Failed,Account Blocked/Frozen,Amritsar,Android,449,False
UPI100003628,2025-04-18,00:03:40,SBI,IndusInd Bank,WhatsApp Pay,Merchant Payment,3622.09,Success,NA,Hyderabad,Android,1325,False
UPI100003629,2025-02-17,00:30:39,ICICI,IDBI Bank,Mobikwik,Merchant Payment,1663.33,Pending,NA,Bengaluru,Android,2302,False
UPI100003630,2025-05-29,18:18:33,ICICI,HDFC,PhonePe,P2M,3524.0,Pending,NA,Mumbai,iOS,212,False
UPI100003631,2025-05-13,05:06:12,IndusInd Bank,Yes Bank,Google Pay,P2M,545.78,Success,NA,Ludhiana,iOS,643,False
UPI100003632,2025-09-25,22:42:13,Axis Bank,ICICI,Mobikwik,Recharge,2958.2,Failed,Invalid VPA,Ludhiana,iOS,285,False
UPI100003633,2025-06-29,23:41:51,Punjab National Bank,IndusInd Bank,CRED,Bill Payment,4589.39,Failed,Invalid VPA,Lucknow,iOS,537,True
UPI100003634,2025-07-10,03:06:53,HDFC,Kotak Mahindra,Paytm,Merchant Payment,1441.03,Success,NA,Delhi,iOS,341,False
UPI100003635,2025-01-20,11:37:57,Yes Bank,IDBI Bank,BHIM,Bill Payment,2401.03,Failed,Duplicate Transaction,Delhi,Android,119,False
UPI100003636,2025-03-30,09:36:14,Bank of Baroda,Axis Bank,BHIM,P2M,685.97,Failed,Incorrect UPI PIN,Amritsar,Android,881,True
UPI100003637,2025-09-02,15:26:51,IndusInd Bank,Union Bank,WhatsApp Pay,Merchant Payment,2418.45,Success,NA,Lucknow,iOS,827,False
UPI100003638,2025-01-29,10:33:42,SBI,Yes Bank,BHIM,Recharge,286.91,Success,NA,Delhi,iOS,200,False
UPI100003639,2025-07-03,14:38:47,SBI,Kotak Mahindra,Google Pay,P2P,2599.1,Failed,Network Timeout,Mumbai,Android,68,False
UPI100003640,2025-02-02,12:53:38,Union Bank,Axis Bank,CRED,Merchant Payment,1504.9,Failed,Bank Server Down,Amritsar,iOS,88,True
UPI100003641,2025-07-19,16:28:39,Canara Bank,Bank of Baroda,CRED,P2M,1175.48,Failed,Transaction Timeout,Mumbai,iOS,653,True
UPI100003642,2025-06-16,10:45:15,HDFC,Union Bank,BHIM,P2P,5274.83,Reversed,NPCI Switch Error,Chandigarh,Android,322,False
UPI100003643,2025-10-10,12:56:58,ICICI,IDBI Bank,CRED,P2P,403.45,Failed,NPCI Switch Error,Ahmedabad,Android,801,False
UPI100003644,2025-10-06,20:06:39,Kotak Mahindra,Union Bank,Google Pay,Recharge,2688.97,Failed,Bank Server Down,Hyderabad,iOS,316,False
UPI100003645,2025-06-11,21:34:00,Canara Bank,Axis Bank,Paytm,P2M,3089.78,Success,NA,Chandigarh,iOS,352,False
UPI100003646,2025-06-08,16:08:18,IDBI Bank,Union Bank,Google Pay,Fund Transfer,1172.19,Success,NA,Delhi,iOS,370,True
UPI100003647,2025-09-29,17:53:37,Kotak Mahindra,SBI,CRED,P2P,257.8,Success,NA,Mumbai,iOS,184,False
UPI100003648,2025-11-20,18:18:24,Kotak Mahindra,Yes Bank,BHIM,P2M,3731.6,Pending,NA,Bengaluru,Android,478,False
UPI100003649,2025-08-13,23:54:50,Kotak Mahindra,Kotak Mahindra,Mobikwik,Merchant Payment,383.29,Failed,Daily Limit Exceeded,Kolkata,Android,326,False
UPI100003650,2025-02-10,07:47:35,IndusInd Bank,Yes Bank,WhatsApp Pay,Recharge,905.72,Reversed,Bank Server Down,Lucknow,Android,821,False
UPI100003651,2025-09-14,03:37:08,Kotak Mahindra,Yes Bank,WhatsApp Pay,Fund Transfer,7479.12,Failed,Daily Limit Exceeded,Bengaluru,iOS,55,True
UPI100003652,2025-02-02,12:57:15,Union Bank,HDFC,PhonePe,P2M,564.92,Reversed,Bank Server Down,Hyderabad,iOS,894,True
UPI100003653,2025-03-29,11:17:09,Yes Bank,HDFC,Paytm,P2M,931.55,Success,NA,Ahmedabad,Android,1818,True
UPI100003654,2025-09-24,04:10:29,ICICI,IndusInd Bank,WhatsApp Pay,P2M,668.79,Success,NA,Patiala,iOS,980,False
UPI100003655,2025-08-25,05:27:51,SBI,Bank of Baroda,WhatsApp Pay,P2M,7193.76,Success,NA,Jalandhar,iOS,1428,False
UPI100003656,2025-04-12,14:41:40,IndusInd Bank,Yes Bank,Paytm,P2M,1168.72,Failed,Network Timeout,Patiala,Android,1191,True
UPI100003657,2025-05-28,23:01:06,Yes Bank,IndusInd Bank,Google Pay,P2M,1911.63,Failed,Insufficient Balance,Ludhiana,Android,282,False
UPI100003658,2025-01-17,18:14:21,SBI,ICICI,Paytm,Fund Transfer,511.79,Failed,Insufficient Balance,Mumbai,iOS,237,False
UPI100003659,2025-02-27,21:11:45,Axis Bank,Punjab National Bank,Mobikwik,Fund Transfer,1459.24,Success,NA,Jaipur,Android,762,False
UPI100003660,2025-02-24,04:58:48,IndusInd Bank,HDFC,Amazon Pay,Bill Payment,701.46,Failed,Bank Server Down,Ahmedabad,Android,783,False
UPI100003661,2025-09-26,23:03:36,IndusInd Bank,Punjab National Bank,Google Pay,Recharge,56.77,Success,NA,Pune,iOS,150,False
UPI100003662,2025-07-16,02:17:03,SBI,IDBI Bank,CRED,Bill Payment,2419.22,Failed,Incorrect UPI PIN,Ahmedabad,iOS,1014,False
UPI100003663,2025-10-04,02:03:05,Yes Bank,Canara Bank,Paytm,P2P,1701.63,Success,NA,Mumbai,Android,2981,True
UPI100003664,2025-04-05,04:34:08,Yes Bank,ICICI,BHIM,P2M,198.41,Success,NA,Kolkata,iOS,2087,True
UPI100003665,2025-11-03,07:24:56,IDBI Bank,Bank of Baroda,Mobikwik,Recharge,2672.46,Success,NA,Hyderabad,Android,400,False
UPI100003666,2025-07-06,09:58:16,ICICI,Union Bank,WhatsApp Pay,P2M,1215.2,Failed,Incorrect UPI PIN,Bengaluru,iOS,392,True
UPI100003667,2025-07-19,08:21:26,ICICI,SBI,WhatsApp Pay,P2M,701.76,Failed,Daily Limit Exceeded,Jalandhar,Android,1162,True
UPI100003668,2025-04-28,06:51:28,Bank of Baroda,Axis Bank,Google Pay,P2P,3764.71,Success,NA,Pune,Android,362,False
UPI100003669,2025-08-18,17:00:24,IndusInd Bank,Kotak Mahindra,CRED,Fund Transfer,1054.51,Failed,Account Blocked/Frozen,Jaipur,Android,769,False
UPI100003670,2025-05-14,13:04:03,Bank of Baroda,Bank of Baroda,Amazon Pay,P2P,287.07,Success,NA,Hyderabad,iOS,490,False
UPI100003671,2025-10-23,06:07:53,HDFC,ICICI,WhatsApp Pay,Fund Transfer,885.27,Success,NA,Bengaluru,iOS,1565,False
UPI100003672,2025-05-21,11:21:00,Axis Bank,IndusInd Bank,Google Pay,Merchant Payment,661.93,Failed,Beneficiary Bank Unavailable,Delhi,Android,77,False
UPI100003673,2025-10-01,00:03:47,Axis Bank,Kotak Mahindra,BHIM,Bill Payment,105.76,Failed,Insufficient Balance,Mumbai,Android,390,False
UPI100003674,2025-10-18,05:32:12,Yes Bank,Punjab National Bank,BHIM,P2M,129.99,Success,NA,Pune,Android,745,True
UPI100003675,2025-12-17,08:30:41,HDFC,Bank of Baroda,PhonePe,P2M,2576.25,Failed,Duplicate Transaction,Mumbai,iOS,90,False
UPI100003676,2025-07-21,07:32:02,IDBI Bank,Axis Bank,WhatsApp Pay,Recharge,3841.2,Success,NA,Lucknow,Android,1729,False
UPI100003677,2025-01-13,14:42:09,IDBI Bank,IndusInd Bank,WhatsApp Pay,P2P,447.04,Pending,NA,Ludhiana,iOS,2340,False
UPI100003678,2025-06-29,05:39:09,IDBI Bank,SBI,Amazon Pay,Fund Transfer,889.83,Success,NA,Ahmedabad,Android,552,True
UPI100003679,2025-11-15,05:27:58,IndusInd Bank,HDFC,Amazon Pay,Fund Transfer,346.55,Success,NA,Lucknow,Android,473,True
UPI100003680,2025-04-28,08:43:27,Axis Bank,Union Bank,Paytm,Fund Transfer,149.4,Failed,Bank Server Down,Lucknow,iOS,1831,False
UPI100003681,2025-05-25,23:14:10,Kotak Mahindra,Axis Bank,PhonePe,Fund Transfer,1382.23,Success,NA,Jalandhar,Android,1103,True
UPI100003682,2025-04-18,10:05:31,Canara Bank,Union Bank,BHIM,P2M,259.49,Failed,PSP Server Error,Hyderabad,Android,1381,False
UPI100003683,2025-01-04,18:19:08,Bank of Baroda,ICICI,Mobikwik,Bill Payment,3073.87,Success,NA,Delhi,Android,118,True
UPI100003684,2025-03-08,11:29:42,Kotak Mahindra,Canara Bank,Amazon Pay,Fund Transfer,4027.54,Success,NA,Chandigarh,iOS,1111,True
UPI100003685,2025-10-23,09:07:03,Bank of Baroda,Bank of Baroda,Mobikwik,Merchant Payment,928.56,Failed,Duplicate Transaction,Chandigarh,iOS,834,False
UPI100003686,2025-07-10,22:17:58,Kotak Mahindra,Union Bank,PhonePe,Fund Transfer,1327.16,Failed,PSP Server Error,Ludhiana,iOS,669,False
UPI100003687,2025-05-04,23:39:54,SBI,HDFC,PhonePe,Recharge,3111.68,Success,NA,Hyderabad,iOS,858,True
UPI100003688,2025-09-09,08:03:31,Canara Bank,Bank of Baroda,Mobikwik,P2P,2403.94,Success,NA,Delhi,Android,393,False
UPI100003689,2025-09-10,05:04:21,Kotak Mahindra,IDBI Bank,PhonePe,Fund Transfer,379.4,Failed,Beneficiary Bank Unavailable,Jalandhar,iOS,112,False
UPI100003690,2025-01-22,13:12:24,Yes Bank,IndusInd Bank,PhonePe,P2M,687.27,Failed,Duplicate Transaction,Lucknow,iOS,474,False
UPI100003691,2025-10-13,15:42:32,IDBI Bank,Kotak Mahindra,Paytm,P2P,151.17,Reversed,Duplicate Transaction,Mumbai,Android,280,False
UPI100003692,2025-12-29,07:33:44,SBI,Kotak Mahindra,CRED,Merchant Payment,431.18,Failed,Account Blocked/Frozen,Chandigarh,iOS,435,False
UPI100003693,2025-06-09,01:42:22,Punjab National Bank,IDBI Bank,WhatsApp Pay,Recharge,841.87,Success,NA,Amritsar,Android,109,False
UPI100003694,2025-11-15,12:08:24,Union Bank,HDFC,Amazon Pay,P2M,4130.47,Success,NA,Ahmedabad,Android,1154,True
UPI100003695,2025-08-28,06:03:54,Canara Bank,Union Bank,Paytm,Merchant Payment,2057.11,Failed,NPCI Switch Error,Jalandhar,Android,104,False
UPI100003696,2025-06-16,09:22:23,Axis Bank,IndusInd Bank,BHIM,P2P,5712.14,Pending,NA,Lucknow,iOS,704,False
UPI100003697,2025-08-04,18:17:19,Yes Bank,IDBI Bank,CRED,Merchant Payment,1685.12,Success,NA,Hyderabad,iOS,1414,False
UPI100003698,2025-02-01,07:18:46,Union Bank,ICICI,BHIM,Recharge,30.16,Success,NA,Amritsar,iOS,937,True
UPI100003699,2025-07-13,14:09:44,HDFC,Kotak Mahindra,BHIM,Fund Transfer,285.23,Success,NA,Ludhiana,iOS,680,True
UPI100003700,2025-10-18,21:02:06,Bank of Baroda,Canara Bank,CRED,Bill Payment,3773.19,Pending,NA,Ludhiana,iOS,1464,True
UPI100003701,2025-01-05,15:26:46,HDFC,Canara Bank,PhonePe,Recharge,1481.92,Reversed,Duplicate Transaction,Bengaluru,iOS,1535,True
UPI100003702,2025-05-05,20:16:21,Yes Bank,Union Bank,WhatsApp Pay,Recharge,1274.02,Success,NA,Mumbai,iOS,1221,False
UPI100003703,2025-10-23,17:53:14,Union Bank,IndusInd Bank,Paytm,Fund Transfer,4002.58,Failed,Insufficient Balance,Patiala,iOS,1195,False
UPI100003704,2025-02-14,11:38:18,ICICI,HDFC,Mobikwik,P2P,394.82,Success,NA,Lucknow,iOS,417,False
UPI100003705,2025-04-28,18:28:06,Punjab National Bank,Yes Bank,Paytm,Fund Transfer,1586.66,Success,NA,Patiala,iOS,4359,False
UPI100003706,2025-01-29,10:44:58,SBI,Axis Bank,Google Pay,Bill Payment,421.16,Failed,Invalid VPA,Amritsar,iOS,2525,False
UPI100003707,2025-08-09,23:11:41,IDBI Bank,IDBI Bank,BHIM,Recharge,2160.79,Failed,NPCI Switch Error,Mumbai,iOS,521,True
UPI100003708,2025-12-23,03:41:20,Punjab National Bank,ICICI,Google Pay,Bill Payment,305.34,Success,NA,Kolkata,iOS,384,False
UPI100003709,2025-01-02,22:33:24,Yes Bank,Union Bank,WhatsApp Pay,Recharge,1395.99,Success,NA,Amritsar,Android,176,False
UPI100003710,2025-11-10,13:59:46,Axis Bank,Bank of Baroda,CRED,P2P,1922.81,Success,NA,Jalandhar,iOS,256,False
UPI100003711,2025-07-03,14:15:54,IndusInd Bank,Union Bank,Google Pay,P2M,576.03,Reversed,Bank Server Down,Jalandhar,iOS,2408,False
UPI100003712,2025-10-13,03:48:06,Union Bank,Kotak Mahindra,BHIM,P2P,1928.42,Failed,Network Timeout,Chandigarh,Android,1380,False
UPI100003713,2025-04-10,19:17:21,ICICI,Bank of Baroda,BHIM,P2M,1952.02,Failed,Transaction Timeout,Kolkata,iOS,171,False
UPI100003714,2025-04-01,03:08:11,Union Bank,Union Bank,CRED,P2P,1412.77,Reversed,Duplicate Transaction,Jalandhar,iOS,50,False
UPI100003715,2025-09-03,17:46:11,Bank of Baroda,Canara Bank,PhonePe,Fund Transfer,937.57,Success,NA,Lucknow,Android,84,False
UPI100003716,2025-06-19,23:36:29,ICICI,ICICI,Google Pay,Fund Transfer,905.58,Success,NA,Chandigarh,Android,354,False
UPI100003717,2025-09-10,10:02:46,Canara Bank,Kotak Mahindra,Amazon Pay,P2M,494.59,Success,NA,Patiala,Android,1915,False
UPI100003718,2025-12-09,15:02:30,Canara Bank,SBI,CRED,Recharge,607.44,Failed,NPCI Switch Error,Kolkata,iOS,1662,False
UPI100003719,2025-03-11,16:04:08,Yes Bank,Kotak Mahindra,Amazon Pay,Bill Payment,980.12,Success,NA,Patiala,iOS,1302,False
UPI100003720,2025-07-28,07:19:01,Bank of Baroda,HDFC,Paytm,P2M,2702.05,Success,NA,Kolkata,iOS,1940,False
UPI100003721,2025-09-11,14:04:13,SBI,HDFC,BHIM,Recharge,345.67,Pending,NA,Patiala,iOS,689,False
UPI100003722,2025-05-14,16:26:11,Yes Bank,Union Bank,PhonePe,Bill Payment,1845.48,Success,NA,Bengaluru,iOS,3880,False
UPI100003723,2025-04-21,21:57:15,Canara Bank,ICICI,WhatsApp Pay,P2P,2101.93,Success,NA,Ludhiana,Android,542,False
UPI100003724,2025-12-04,21:25:10,Canara Bank,Yes Bank,CRED,Merchant Payment,1197.51,Reversed,Duplicate Transaction,Jalandhar,iOS,83,False
UPI100003725,2025-02-06,05:10:18,Axis Bank,Punjab National Bank,BHIM,Fund Transfer,498.56,Success,NA,Ahmedabad,iOS,1308,False
UPI100003726,2025-05-05,11:10:51,Union Bank,Yes Bank,PhonePe,P2M,64.91,Success,NA,Delhi,iOS,483,False
UPI100003727,2025-06-13,06:48:36,Bank of Baroda,Kotak Mahindra,Google Pay,Fund Transfer,1582.02,Success,NA,Mumbai,iOS,1711,False
UPI100003728,2025-11-09,05:24:09,SBI,Canara Bank,CRED,Recharge,407.81,Success,NA,Delhi,iOS,223,True
UPI100003729,2025-04-26,22:25:39,IDBI Bank,IndusInd Bank,Google Pay,Bill Payment,1964.42,Success,NA,Kolkata,iOS,269,True
UPI100003730,2025-06-08,17:26:58,HDFC,IndusInd Bank,CRED,Fund Transfer,113.28,Success,NA,Patiala,iOS,1761,True
UPI100003731,2025-11-23,13:59:45,Kotak Mahindra,Canara Bank,Mobikwik,P2M,336.52,Reversed,Bank Server Down,Bengaluru,Android,795,True
UPI100003732,2025-07-16,22:26:32,Axis Bank,Punjab National Bank,Mobikwik,Fund Transfer,711.96,Failed,Network Timeout,Hyderabad,Android,57,False
UPI100003733,2025-04-17,19:17:39,Bank of Baroda,Punjab National Bank,CRED,Merchant Payment,184.65,Success,NA,Hyderabad,Android,70,False
UPI100003734,2025-08-06,07:24:40,Canara Bank,ICICI,PhonePe,P2P,306.79,Failed,Transaction Timeout,Bengaluru,iOS,86,False
UPI100003735,2025-01-06,23:12:10,Union Bank,Union Bank,Mobikwik,Fund Transfer,3393.44,Failed,Duplicate Transaction,Kolkata,iOS,371,False
UPI100003736,2025-03-24,21:08:38,HDFC,IDBI Bank,Paytm,P2M,847.0,Success,NA,Kolkata,iOS,304,False
UPI100003737,2025-11-15,08:50:49,Union Bank,SBI,PhonePe,P2P,3855.79,Pending,NA,Mumbai,Android,1228,True
UPI100003738,2025-09-08,07:20:51,Axis Bank,Bank of Baroda,Amazon Pay,P2P,4381.76,Failed,Duplicate Transaction,Hyderabad,Android,337,False
UPI100003739,2025-08-01,20:56:31,Union Bank,Axis Bank,Amazon Pay,Recharge,4898.74,Success,NA,Delhi,Android,1013,False
UPI100003740,2025-02-21,05:08:35,Canara Bank,Union Bank,Amazon Pay,Merchant Payment,1365.17,Success,NA,Chandigarh,iOS,188,False
UPI100003741,2025-05-23,02:33:18,IDBI Bank,Punjab National Bank,PhonePe,Recharge,810.8,Success,NA,Jalandhar,Android,400,False
UPI100003742,2025-03-21,07:24:14,IndusInd Bank,IndusInd Bank,WhatsApp Pay,Bill Payment,309.46,Success,NA,Ahmedabad,Android,408,False
UPI100003743,2025-10-30,13:05:26,SBI,Union Bank,Amazon Pay,P2P,2381.13,Success,NA,Ludhiana,Android,1510,False
UPI100003744,2025-08-24,08:19:29,Punjab National Bank,Yes Bank,Google Pay,P2M,573.05,Success,NA,Lucknow,iOS,729,True
UPI100003745,2025-09-27,04:57:54,IndusInd Bank,IndusInd Bank,Google Pay,P2M,401.11,Success,NA,Ludhiana,iOS,1327,True
UPI100003746,2025-08-11,01:17:57,Axis Bank,Bank of Baroda,Google Pay,Merchant Payment,134.83,Success,NA,Bengaluru,iOS,1358,False
UPI100003747,2025-01-23,20:29:01,HDFC,Axis Bank,CRED,Merchant Payment,6379.78,Success,NA,Ahmedabad,iOS,806,False
UPI100003748,2025-07-29,20:17:07,IDBI Bank,Union Bank,Paytm,Bill Payment,837.0,Reversed,Bank Server Down,Ludhiana,iOS,731,False
UPI100003749,2025-07-23,12:37:43,SBI,Yes Bank,BHIM,Bill Payment,159.41,Success,NA,Kolkata,iOS,207,False
UPI100003750,2025-12-08,12:05:20,Kotak Mahindra,HDFC,BHIM,Bill Payment,665.85,Failed,Bank Server Down,Kolkata,Android,1026,False
UPI100003751,2025-12-29,13:37:05,IDBI Bank,HDFC,Google Pay,P2P,34.16,Success,NA,Bengaluru,Android,262,False
UPI100003752,2025-11-16,10:34:45,Kotak Mahindra,Yes Bank,PhonePe,Merchant Payment,61.61,Success,NA,Jalandhar,iOS,1102,True
UPI100003753,2025-11-12,10:50:38,HDFC,Canara Bank,Amazon Pay,Merchant Payment,553.7,Success,NA,Hyderabad,Android,1217,False
UPI100003754,2025-01-26,11:41:48,IDBI Bank,IndusInd Bank,PhonePe,P2M,41.26,Success,NA,Bengaluru,iOS,458,True
UPI100003755,2025-05-21,10:01:09,Canara Bank,Bank of Baroda,CRED,P2M,379.71,Success,NA,Amritsar,iOS,777,False
UPI100003756,2025-07-11,17:14:18,Bank of Baroda,Axis Bank,Google Pay,Fund Transfer,475.23,Pending,NA,Bengaluru,Android,323,False
UPI100003757,2025-06-13,20:59:46,Yes Bank,Union Bank,PhonePe,Bill Payment,272.43,Success,NA,Pune,iOS,66,False
UPI100003758,2025-05-13,16:53:14,Axis Bank,SBI,BHIM,Fund Transfer,2814.93,Success,NA,Lucknow,iOS,693,False
UPI100003759,2025-05-01,01:10:37,IDBI Bank,IndusInd Bank,Paytm,P2P,784.89,Pending,NA,Amritsar,Android,972,False
UPI100003760,2025-12-07,09:17:42,HDFC,Axis Bank,PhonePe,P2P,1769.03,Success,NA,Patiala,iOS,1016,True
UPI100003761,2025-03-18,23:21:58,Bank of Baroda,HDFC,BHIM,P2M,156.0,Success,NA,Amritsar,iOS,843,False
UPI100003762,2025-10-25,19:56:50,IndusInd Bank,HDFC,Paytm,Recharge,2492.72,Success,NA,Pune,Android,651,True
UPI100003763,2025-08-14,22:19:33,Canara Bank,Yes Bank,Paytm,Recharge,4607.6,Failed,Daily Limit Exceeded,Ludhiana,iOS,1118,False
UPI100003764,2025-05-13,20:23:07,IndusInd Bank,IndusInd Bank,Amazon Pay,P2M,363.41,Success,NA,Bengaluru,iOS,617,False
UPI100003765,2025-11-15,03:41:47,SBI,Bank of Baroda,BHIM,P2P,647.34,Success,NA,Patiala,iOS,197,True
UPI100003766,2025-06-05,14:14:15,ICICI,Canara Bank,Amazon Pay,Merchant Payment,2829.19,Failed,Account Blocked/Frozen,Lucknow,Android,834,False
UPI100003767,2025-01-29,21:34:13,ICICI,Yes Bank,WhatsApp Pay,Bill Payment,2842.99,Success,NA,Jalandhar,Android,675,False
UPI100003768,2025-09-23,20:57:59,Yes Bank,IDBI Bank,Paytm,Fund Transfer,40.53,Failed,Insufficient Balance,Hyderabad,Android,436,False
UPI100003769,2025-12-20,02:42:46,Union Bank,Bank of Baroda,Amazon Pay,P2M,1443.43,Success,NA,Bengaluru,Android,472,True
UPI100003770,2025-10-03,13:13:12,IndusInd Bank,Canara Bank,PhonePe,Fund Transfer,3465.97,Success,NA,Jaipur,Android,2373,False
UPI100003771,2025-01-07,15:54:00,ICICI,HDFC,Mobikwik,Recharge,84.59,Failed,Beneficiary Bank Unavailable,Chandigarh,iOS,187,False
UPI100003772,2025-11-18,21:56:59,IDBI Bank,Union Bank,WhatsApp Pay,Fund Transfer,3436.95,Reversed,Bank Server Down,Pune,iOS,1348,False
UPI100003773,2025-10-30,06:47:17,IndusInd Bank,IndusInd Bank,BHIM,P2P,387.8,Success,NA,Ahmedabad,iOS,332,False
UPI100003774,2025-01-15,15:23:57,Bank of Baroda,SBI,Google Pay,Fund Transfer,1808.78,Failed,Incorrect UPI PIN,Jalandhar,iOS,931,False
UPI100003775,2025-05-14,04:07:03,Axis Bank,Yes Bank,CRED,P2P,281.56,Failed,PSP Server Error,Lucknow,iOS,1766,False
UPI100003776,2025-03-24,15:13:58,Yes Bank,SBI,WhatsApp Pay,Bill Payment,3655.97,Success,NA,Jalandhar,Android,1247,False
UPI100003777,2025-06-19,02:51:07,Axis Bank,IDBI Bank,WhatsApp Pay,Bill Payment,190.94,Failed,Invalid VPA,Kolkata,iOS,294,False
UPI100003778,2025-03-07,03:22:26,IDBI Bank,Punjab National Bank,WhatsApp Pay,Recharge,3250.34,Failed,PSP Server Error,Jaipur,Android,755,False
UPI100003779,2025-03-24,08:11:40,Union Bank,Canara Bank,Google Pay,Fund Transfer,6284.24,Reversed,Bank Server Down,Hyderabad,Android,1200,False
UPI100003780,2025-05-28,08:36:01,ICICI,HDFC,WhatsApp Pay,P2P,27.06,Pending,NA,Delhi,iOS,3340,False
UPI100003781,2025-09-24,23:03:51,Yes Bank,IDBI Bank,Mobikwik,P2M,2626.82,Success,NA,Kolkata,iOS,1089,False
UPI100003782,2025-10-05,10:28:31,Canara Bank,ICICI,Google Pay,Merchant Payment,726.76,Success,NA,Bengaluru,Android,391,True
UPI100003783,2025-02-10,00:15:16,HDFC,HDFC,Paytm,Fund Transfer,156.18,Failed,NPCI Switch Error,Chandigarh,iOS,602,False
UPI100003784,2025-09-07,17:03:54,Bank of Baroda,SBI,PhonePe,Fund Transfer,1688.0,Failed,Account Blocked/Frozen,Hyderabad,iOS,91,True
UPI100003785,2025-12-19,08:50:34,Union Bank,Yes Bank,Amazon Pay,Fund Transfer,24.09,Failed,NPCI Switch Error,Lucknow,Android,976,False
UPI100003786,2025-08-07,08:46:19,ICICI,Yes Bank,Amazon Pay,P2P,760.72,Failed,Bank Server Down,Jalandhar,iOS,555,False
UPI100003787,2025-11-11,05:45:03,IndusInd Bank,Yes Bank,PhonePe,Merchant Payment,2042.67,Failed,Daily Limit Exceeded,Pune,iOS,83,False
UPI100003788,2025-09-14,03:56:03,Canara Bank,Punjab National Bank,Mobikwik,Recharge,2138.3,Success,NA,Jaipur,iOS,231,True
UPI100003789,2025-09-05,07:33:00,IDBI Bank,HDFC,CRED,Fund Transfer,3153.41,Success,NA,Jalandhar,iOS,322,False
UPI100003790,2025-09-11,20:59:18,Axis Bank,Canara Bank,BHIM,Merchant Payment,206.32,Failed,Beneficiary Bank Unavailable,Ahmedabad,Android,2703,False
UPI100003791,2025-04-23,00:22:15,Yes Bank,Union Bank,Mobikwik,Merchant Payment,1944.66,Success,NA,Delhi,Android,636,False
UPI100003792,2025-12-22,07:05:24,Yes Bank,Yes Bank,Mobikwik,Merchant Payment,1476.78,Success,NA,Bengaluru,Android,160,False
UPI100003793,2025-06-06,00:35:28,Axis Bank,ICICI,PhonePe,Recharge,948.91,Failed,Network Timeout,Pune,iOS,409,False
UPI100003794,2025-06-29,23:24:00,Bank of Baroda,SBI,Paytm,P2M,798.63,Pending,NA,Lucknow,iOS,720,True
UPI100003795,2025-10-27,16:38:08,ICICI,IDBI Bank,CRED,Fund Transfer,971.66,Failed,Daily Limit Exceeded,Bengaluru,iOS,109,False
UPI100003796,2025-08-02,04:41:55,Kotak Mahindra,Kotak Mahindra,Mobikwik,Recharge,2005.15,Failed,Beneficiary Bank Unavailable,Ludhiana,iOS,483,True
UPI100003797,2025-03-03,08:33:25,Punjab National Bank,Yes Bank,Paytm,Recharge,645.96,Success,NA,Amritsar,iOS,2487,False
UPI100003798,2025-07-28,10:34:29,IndusInd Bank,IndusInd Bank,Amazon Pay,P2P,2346.04,Failed,Duplicate Transaction,Ahmedabad,Android,225,False
UPI100003799,2025-04-28,11:06:54,Bank of Baroda,Union Bank,Mobikwik,Recharge,605.92,Pending,NA,Hyderabad,Android,207,False
UPI100003800,2025-06-25,23:12:15,Axis Bank,SBI,Paytm,Recharge,741.41,Success,NA,Ahmedabad,iOS,93,False
UPI100003801,2025-06-24,21:44:02,IDBI Bank,Union Bank,WhatsApp Pay,Recharge,85.32,Failed,Beneficiary Bank Unavailable,Jaipur,iOS,180,False
UPI100003802,2025-09-12,05:09:47,ICICI,IndusInd Bank,WhatsApp Pay,Bill Payment,1067.9,Reversed,Bank Server Down,Jaipur,Android,137,False
UPI100003803,2025-07-07,10:15:58,IDBI Bank,Yes Bank,Amazon Pay,Fund Transfer,1232.25,Pending,NA,Bengaluru,Android,282,False
UPI100003804,2025-10-15,17:36:05,HDFC,Bank of Baroda,Google Pay,Bill Payment,2273.05,Pending,NA,Bengaluru,iOS,1260,False
UPI100003805,2025-10-08,07:58:02,ICICI,Bank of Baroda,PhonePe,Recharge,1996.95,Success,NA,Kolkata,Android,198,False
UPI100003806,2025-05-07,06:23:58,Kotak Mahindra,Kotak Mahindra,Paytm,P2M,2751.57,Success,NA,Jalandhar,Android,1813,False
UPI100003807,2025-04-09,15:11:22,IndusInd Bank,SBI,BHIM,P2M,223.91,Reversed,Duplicate Transaction,Amritsar,Android,750,False
UPI100003808,2025-01-07,00:33:39,Bank of Baroda,ICICI,Mobikwik,Merchant Payment,1398.41,Reversed,Bank Server Down,Ahmedabad,iOS,2063,False
UPI100003809,2025-04-02,16:43:47,Axis Bank,IDBI Bank,Google Pay,P2M,2369.67,Success,NA,Lucknow,Android,227,False
UPI100003810,2025-07-02,03:05:08,Axis Bank,Yes Bank,WhatsApp Pay,P2M,2053.59,Success,NA,Amritsar,iOS,960,False
UPI100003811,2025-01-18,12:25:41,SBI,IDBI Bank,Google Pay,Merchant Payment,29.98,Failed,Network Timeout,Kolkata,iOS,1082,True
UPI100003812,2025-08-16,20:27:38,Punjab National Bank,IndusInd Bank,Paytm,Fund Transfer,1526.39,Success,NA,Pune,iOS,99,True
UPI100003813,2025-03-19,21:43:55,IndusInd Bank,Axis Bank,WhatsApp Pay,P2P,305.19,Success,NA,Kolkata,iOS,444,False
UPI100003814,2025-04-03,06:00:02,Axis Bank,ICICI,CRED,Bill Payment,89.67,Failed,Network Timeout,Bengaluru,Android,2916,False
UPI100003815,2025-09-19,18:51:45,Axis Bank,HDFC,CRED,Recharge,238.0,Success,NA,Bengaluru,iOS,276,False
UPI100003816,2025-05-19,23:42:57,Axis Bank,Punjab National Bank,Google Pay,Merchant Payment,246.44,Failed,Account Blocked/Frozen,Ludhiana,Android,3507,False
UPI100003817,2025-01-08,02:37:02,Union Bank,HDFC,BHIM,Bill Payment,1627.51,Success,NA,Pune,iOS,468,False
UPI100003818,2025-01-21,20:09:57,HDFC,IndusInd Bank,Google Pay,P2P,632.67,Failed,Incorrect UPI PIN,Jaipur,Android,77,False
UPI100003819,2025-10-06,22:01:05,Yes Bank,HDFC,Mobikwik,Recharge,3390.87,Failed,PSP Server Error,Delhi,Android,773,False
UPI100003820,2025-11-07,17:11:49,Canara Bank,Bank of Baroda,Google Pay,Bill Payment,3068.18,Success,NA,Ahmedabad,Android,2158,False
UPI100003821,2025-04-04,11:34:06,IDBI Bank,ICICI,Amazon Pay,P2P,2469.67,Reversed,Duplicate Transaction,Patiala,iOS,720,False
UPI100003822,2025-03-03,14:05:17,Union Bank,Punjab National Bank,PhonePe,Fund Transfer,177.52,Success,NA,Mumbai,iOS,4888,False
UPI100003823,2025-09-07,16:59:31,HDFC,Bank of Baroda,Paytm,P2P,959.66,Pending,NA,Hyderabad,Android,1116,True
UPI100003824,2025-12-21,20:46:21,ICICI,Bank of Baroda,WhatsApp Pay,Bill Payment,1878.8,Success,NA,Bengaluru,iOS,1394,True
UPI100003825,2025-04-20,22:08:32,Axis Bank,IDBI Bank,BHIM,Recharge,140.18,Success,NA,Ludhiana,iOS,623,True
UPI100003826,2025-05-05,07:46:07,Yes Bank,Punjab National Bank,PhonePe,Merchant Payment,282.69,Success,NA,Bengaluru,Android,850,False
UPI100003827,2025-01-09,01:36:51,IDBI Bank,ICICI,CRED,Fund Transfer,1767.32,Pending,NA,Pune,Android,684,False
UPI100003828,2025-10-19,04:00:25,IDBI Bank,Punjab National Bank,Google Pay,Recharge,2009.4,Failed,Transaction Timeout,Ludhiana,Android,1011,True
UPI100003829,2025-06-28,09:12:40,Axis Bank,Bank of Baroda,CRED,Bill Payment,6742.7,Failed,Invalid VPA,Kolkata,Android,2236,True
UPI100003830,2025-08-01,04:00:14,SBI,Punjab National Bank,Amazon Pay,P2P,3104.32,Success,NA,Jalandhar,iOS,1774,False
UPI100003831,2025-07-25,17:28:58,Axis Bank,Bank of Baroda,PhonePe,Fund Transfer,173.35,Failed,Daily Limit Exceeded,Jalandhar,Android,1865,False
UPI100003832,2025-10-01,06:03:11,Yes Bank,HDFC,Google Pay,Bill Payment,2109.68,Failed,NPCI Switch Error,Bengaluru,Android,1983,False
UPI100003833,2025-09-06,16:36:29,Yes Bank,Yes Bank,WhatsApp Pay,Bill Payment,321.27,Failed,Bank Server Down,Hyderabad,Android,1078,True
UPI100003834,2025-02-03,12:14:09,IDBI Bank,Punjab National Bank,CRED,Merchant Payment,610.64,Reversed,Duplicate Transaction,Jaipur,iOS,902,False
UPI100003835,2025-10-15,01:19:27,SBI,Union Bank,Amazon Pay,Recharge,2007.16,Failed,Duplicate Transaction,Chandigarh,Android,337,False
UPI100003836,2025-11-25,22:00:08,IDBI Bank,SBI,Google Pay,P2P,1033.88,Failed,Daily Limit Exceeded,Mumbai,iOS,92,False
UPI100003837,2025-09-21,06:40:54,Bank of Baroda,Punjab National Bank,PhonePe,P2P,118.51,Failed,Invalid VPA,Lucknow,iOS,649,True
UPI100003838,2025-09-16,21:07:06,Yes Bank,IDBI Bank,Google Pay,Merchant Payment,1001.29,Success,NA,Amritsar,iOS,1346,False
UPI100003839,2025-12-19,16:06:05,HDFC,Union Bank,Amazon Pay,P2M,2212.21,Failed,PSP Server Error,Patiala,iOS,140,False
UPI100003840,2025-01-25,04:27:17,Punjab National Bank,Punjab National Bank,PhonePe,Bill Payment,1202.51,Success,NA,Hyderabad,iOS,537,True
UPI100003841,2025-11-07,17:07:47,Yes Bank,Yes Bank,BHIM,Fund Transfer,993.43,Failed,Beneficiary Bank Unavailable,Chandigarh,iOS,325,False
UPI100003842,2025-02-28,08:55:36,Bank of Baroda,IndusInd Bank,Mobikwik,P2P,2676.94,Success,NA,Hyderabad,Android,927,False
UPI100003843,2025-05-25,20:37:54,Axis Bank,Union Bank,Google Pay,Fund Transfer,146.03,Success,NA,Kolkata,Android,462,True
UPI100003844,2025-05-24,05:01:23,ICICI,HDFC,BHIM,P2M,759.07,Failed,Duplicate Transaction,Amritsar,Android,569,True
UPI100003845,2025-09-27,17:32:15,IDBI Bank,IDBI Bank,BHIM,Merchant Payment,2234.88,Reversed,Bank Server Down,Jalandhar,Android,923,True
UPI100003846,2025-05-09,00:10:08,Axis Bank,SBI,Mobikwik,Merchant Payment,633.81,Success,NA,Hyderabad,iOS,2347,False
UPI100003847,2025-02-24,10:16:24,Yes Bank,Union Bank,Paytm,Recharge,501.97,Success,NA,Patiala,Android,1264,False
UPI100003848,2025-09-04,19:15:54,Canara Bank,Union Bank,Amazon Pay,Recharge,2586.17,Failed,Network Timeout,Chandigarh,Android,1387,False
UPI100003849,2025-05-03,07:27:18,Kotak Mahindra,ICICI,BHIM,P2M,2988.72,Success,NA,Jalandhar,Android,1652,True
UPI100003850,2025-05-29,12:49:04,SBI,Kotak Mahindra,BHIM,Fund Transfer,2135.41,Success,NA,Patiala,iOS,1746,False
UPI100003851,2025-06-05,23:34:15,Punjab National Bank,ICICI,Amazon Pay,Recharge,3207.48,Reversed,Duplicate Transaction,Bengaluru,iOS,1425,False
UPI100003852,2025-06-16,21:41:37,IDBI Bank,Kotak Mahindra,PhonePe,P2P,894.77,Success,NA,Chandigarh,iOS,398,False
UPI100003853,2025-05-11,23:26:31,Union Bank,Axis Bank,Paytm,P2P,711.88,Failed,Network Timeout,Hyderabad,iOS,386,True
UPI100003854,2025-11-30,16:35:19,Union Bank,IndusInd Bank,PhonePe,P2M,1434.29,Success,NA,Jalandhar,Android,306,True
UPI100003855,2025-07-07,05:25:07,Canara Bank,SBI,BHIM,Recharge,5438.05,Failed,Incorrect UPI PIN,Jaipur,Android,2002,False
UPI100003856,2025-10-11,13:25:03,HDFC,ICICI,WhatsApp Pay,Fund Transfer,319.76,Failed,Duplicate Transaction,Pune,iOS,50,True
UPI100003857,2025-04-26,00:59:51,Union Bank,Union Bank,PhonePe,Bill Payment,2297.23,Failed,NPCI Switch Error,Jalandhar,iOS,137,True
UPI100003858,2025-06-24,17:51:51,Kotak Mahindra,ICICI,BHIM,Fund Transfer,574.03,Success,NA,Jalandhar,Android,3513,False
UPI100003859,2025-12-30,06:47:59,Canara Bank,ICICI,PhonePe,Merchant Payment,113.97,Success,NA,Bengaluru,iOS,474,False
UPI100003860,2025-05-27,01:59:15,Kotak Mahindra,Kotak Mahindra,CRED,P2P,1965.23,Success,NA,Ludhiana,iOS,216,False
UPI100003861,2025-09-16,12:59:54,Punjab National Bank,Bank of Baroda,Amazon Pay,Recharge,362.72,Failed,Incorrect UPI PIN,Jaipur,iOS,1157,False
UPI100003862,2025-07-23,18:18:02,IndusInd Bank,Union Bank,Mobikwik,Fund Transfer,2749.52,Failed,Beneficiary Bank Unavailable,Kolkata,Android,78,False
UPI100003863,2025-06-21,01:51:55,Kotak Mahindra,Canara Bank,Paytm,Bill Payment,596.16,Failed,PSP Server Error,Bengaluru,Android,584,True
UPI100003864,2025-05-07,10:04:18,IDBI Bank,Axis Bank,Amazon Pay,Bill Payment,833.39,Success,NA,Kolkata,iOS,1236,False
UPI100003865,2025-01-29,20:57:57,ICICI,Yes Bank,PhonePe,P2P,1445.25,Success,NA,Patiala,iOS,1384,False
UPI100003866,2025-04-28,22:39:52,Axis Bank,IDBI Bank,Amazon Pay,Fund Transfer,401.51,Success,NA,Ludhiana,iOS,1321,False
UPI100003867,2025-06-13,04:51:44,HDFC,Axis Bank,PhonePe,Recharge,546.09,Success,NA,Chandigarh,Android,331,False
UPI100003868,2025-04-30,15:01:34,Axis Bank,IDBI Bank,Amazon Pay,Recharge,751.18,Success,NA,Kolkata,Android,139,False
UPI100003869,2025-09-19,03:45:41,IndusInd Bank,HDFC,Google Pay,Bill Payment,2562.62,Failed,PSP Server Error,Delhi,Android,555,False
UPI100003870,2025-07-25,06:59:22,ICICI,HDFC,PhonePe,Fund Transfer,501.98,Failed,Invalid VPA,Hyderabad,Android,1894,False
UPI100003871,2025-04-03,18:37:26,IDBI Bank,Union Bank,Mobikwik,Bill Payment,1735.24,Success,NA,Chandigarh,Android,913,False
UPI100003872,2025-02-19,04:57:25,Union Bank,SBI,BHIM,Fund Transfer,2850.09,Success,NA,Delhi,Android,1261,False
UPI100003873,2025-02-18,18:06:50,Axis Bank,Yes Bank,Amazon Pay,Merchant Payment,5326.34,Success,NA,Patiala,Android,627,False
UPI100003874,2025-08-16,16:06:49,Axis Bank,HDFC,WhatsApp Pay,P2P,159.84,Failed,Invalid VPA,Ludhiana,iOS,283,True
UPI100003875,2025-01-09,02:52:17,IDBI Bank,Bank of Baroda,CRED,P2P,725.03,Success,NA,Mumbai,Android,1229,False
UPI100003876,2025-12-01,22:38:26,Canara Bank,Bank of Baroda,Google Pay,P2M,211.92,Success,NA,Ahmedabad,iOS,368,False
UPI100003877,2025-05-12,16:53:07,Yes Bank,Axis Bank,BHIM,Recharge,462.08,Success,NA,Patiala,iOS,1341,False
UPI100003878,2025-03-05,01:05:43,Axis Bank,Punjab National Bank,Amazon Pay,Fund Transfer,795.11,Success,NA,Ahmedabad,Android,74,False
UPI100003879,2025-01-17,06:25:34,IndusInd Bank,IDBI Bank,Amazon Pay,P2M,1658.96,Reversed,Duplicate Transaction,Lucknow,iOS,1547,False
UPI100003880,2025-02-06,02:05:12,SBI,Punjab National Bank,Google Pay,Fund Transfer,2159.76,Success,NA,Jalandhar,iOS,751,False
UPI100003881,2025-04-30,08:06:53,ICICI,Bank of Baroda,BHIM,Fund Transfer,2738.13,Success,NA,Delhi,Android,260,False
UPI100003882,2025-05-02,23:49:36,Union Bank,Bank of Baroda,Google Pay,Recharge,1695.91,Failed,Invalid VPA,Amritsar,iOS,93,False
UPI100003883,2025-03-31,14:38:59,Axis Bank,Canara Bank,Mobikwik,P2P,182.15,Failed,Insufficient Balance,Pune,iOS,913,False
UPI100003884,2025-01-01,06:24:44,Axis Bank,SBI,BHIM,Recharge,970.85,Failed,Beneficiary Bank Unavailable,Chandigarh,iOS,808,False
UPI100003885,2025-06-25,07:23:32,Yes Bank,Kotak Mahindra,CRED,Fund Transfer,1587.36,Success,NA,Kolkata,iOS,982,False
UPI100003886,2025-03-08,09:54:16,Union Bank,IDBI Bank,CRED,Recharge,2291.15,Failed,Beneficiary Bank Unavailable,Mumbai,Android,72,True
UPI100003887,2025-03-02,11:41:26,Yes Bank,Union Bank,Paytm,Bill Payment,129.22,Success,NA,Patiala,Android,1106,True
UPI100003888,2025-08-31,00:24:22,ICICI,IndusInd Bank,PhonePe,Bill Payment,353.79,Success,NA,Ludhiana,iOS,2467,True
UPI100003889,2025-11-02,00:53:17,Bank of Baroda,ICICI,WhatsApp Pay,Merchant Payment,1892.21,Success,NA,Ludhiana,iOS,769,True
UPI100003890,2025-11-04,21:23:12,Bank of Baroda,Yes Bank,Google Pay,P2P,1227.89,Success,NA,Jalandhar,Android,252,False
UPI100003891,2025-09-13,07:47:16,Bank of Baroda,IDBI Bank,Paytm,P2P,1748.0,Success,NA,Chandigarh,Android,985,True
UPI100003892,2025-01-25,15:26:18,ICICI,Bank of Baroda,PhonePe,Recharge,678.33,Pending,NA,Hyderabad,Android,1910,True
UPI100003893,2025-11-24,00:50:43,SBI,Axis Bank,WhatsApp Pay,P2M,724.22,Failed,Account Blocked/Frozen,Pune,iOS,393,False
UPI100003894,2025-07-11,20:36:25,SBI,Bank of Baroda,BHIM,Recharge,131.86,Success,NA,Delhi,iOS,1681,False
UPI100003895,2025-09-02,13:28:58,Axis Bank,HDFC,Mobikwik,Merchant Payment,4769.53,Pending,NA,Jaipur,Android,556,False
UPI100003896,2025-09-11,03:46:52,HDFC,IDBI Bank,Amazon Pay,Bill Payment,347.68,Failed,Bank Server Down,Pune,iOS,117,False
UPI100003897,2025-06-19,18:45:07,Union Bank,Axis Bank,CRED,Bill Payment,3473.21,Failed,PSP Server Error,Delhi,iOS,2163,False
UPI100003898,2025-08-14,11:41:24,ICICI,Kotak Mahindra,WhatsApp Pay,P2P,3073.54,Reversed,NPCI Switch Error,Patiala,Android,54,False
UPI100003899,2025-03-01,13:13:09,Kotak Mahindra,Yes Bank,BHIM,P2M,3312.16,Success,NA,Delhi,iOS,3541,True
UPI100003900,2025-10-30,22:55:33,HDFC,Yes Bank,Paytm,Bill Payment,1461.79,Success,NA,Delhi,iOS,1639,False
UPI100003901,2025-02-16,01:29:16,Punjab National Bank,Bank of Baroda,Paytm,P2P,284.64,Success,NA,Patiala,iOS,1498,True
UPI100003902,2025-11-16,20:32:49,SBI,Union Bank,Amazon Pay,Fund Transfer,918.31,Success,NA,Pune,iOS,1338,True
UPI100003903,2025-08-14,20:38:19,Kotak Mahindra,Kotak Mahindra,Mobikwik,Merchant Payment,378.35,Success,NA,Amritsar,iOS,247,False
UPI100003904,2025-01-15,02:00:07,SBI,ICICI,Google Pay,Merchant Payment,1771.9,Success,NA,Kolkata,Android,3027,False
UPI100003905,2025-09-15,14:15:14,Yes Bank,SBI,Amazon Pay,P2P,1304.73,Success,NA,Bengaluru,iOS,471,False
UPI100003906,2025-02-07,20:17:41,HDFC,ICICI,Google Pay,Fund Transfer,3104.49,Success,NA,Amritsar,Android,1519,False
UPI100003907,2025-01-27,17:52:27,Canara Bank,IDBI Bank,PhonePe,Fund Transfer,1724.55,Failed,Bank Server Down,Hyderabad,Android,786,False
UPI100003908,2025-09-20,10:12:31,IndusInd Bank,Yes Bank,PhonePe,Fund Transfer,65.09,Success,NA,Hyderabad,Android,2029,True
UPI100003909,2025-05-17,06:18:21,IDBI Bank,Union Bank,CRED,Recharge,787.67,Failed,Account Blocked/Frozen,Bengaluru,Android,749,True
UPI100003910,2025-03-14,19:36:18,Bank of Baroda,Union Bank,BHIM,Fund Transfer,248.22,Failed,Invalid VPA,Ahmedabad,Android,514,False
UPI100003911,2025-11-04,18:08:13,Union Bank,Axis Bank,WhatsApp Pay,Recharge,259.65,Failed,Network Timeout,Kolkata,iOS,478,False
UPI100003912,2025-02-26,12:06:31,Axis Bank,Axis Bank,PhonePe,Bill Payment,640.32,Failed,Bank Server Down,Ludhiana,Android,631,False
UPI100003913,2025-12-16,18:35:41,Yes Bank,Punjab National Bank,WhatsApp Pay,Recharge,52.84,Success,NA,Jalandhar,Android,613,False
UPI100003914,2025-06-12,01:11:28,SBI,Kotak Mahindra,Amazon Pay,Recharge,852.82,Failed,Incorrect UPI PIN,Kolkata,iOS,536,False
UPI100003915,2025-03-13,02:24:54,IndusInd Bank,Axis Bank,PhonePe,Recharge,671.5,Success,NA,Ahmedabad,Android,828,False
UPI100003916,2025-04-10,15:42:41,Punjab National Bank,Union Bank,Google Pay,P2P,42.47,Success,NA,Delhi,iOS,1051,False
UPI100003917,2025-10-02,10:49:26,Bank of Baroda,Axis Bank,WhatsApp Pay,Bill Payment,520.58,Pending,NA,Bengaluru,iOS,960,False
UPI100003918,2025-11-14,00:02:49,Canara Bank,Yes Bank,WhatsApp Pay,P2M,564.51,Failed,Transaction Timeout,Mumbai,iOS,435,False
UPI100003919,2025-08-30,19:02:50,SBI,SBI,Amazon Pay,Merchant Payment,3628.89,Failed,Transaction Timeout,Jalandhar,iOS,2573,True
UPI100003920,2025-10-12,11:11:30,ICICI,SBI,Amazon Pay,Fund Transfer,1109.64,Failed,Daily Limit Exceeded,Lucknow,iOS,64,True
UPI100003921,2025-09-11,11:59:50,Kotak Mahindra,Punjab National Bank,Amazon Pay,P2M,667.86,Failed,Account Blocked/Frozen,Ahmedabad,iOS,2795,False
UPI100003922,2025-03-25,00:48:26,Kotak Mahindra,SBI,Google Pay,Fund Transfer,1846.0,Failed,Account Blocked/Frozen,Kolkata,Android,1113,False
UPI100003923,2025-02-27,07:42:25,Kotak Mahindra,Axis Bank,PhonePe,P2P,136.54,Success,NA,Ludhiana,iOS,174,False
UPI100003924,2025-11-18,10:10:52,Bank of Baroda,Axis Bank,Mobikwik,P2M,1004.06,Pending,NA,Kolkata,Android,892,False
UPI100003925,2025-03-22,18:07:13,Punjab National Bank,IndusInd Bank,PhonePe,Recharge,517.16,Success,NA,Amritsar,iOS,2021,True
UPI100003926,2025-11-29,17:42:49,Axis Bank,Punjab National Bank,Paytm,P2M,339.9,Pending,NA,Bengaluru,Android,1006,True
UPI100003927,2025-05-10,18:46:26,Kotak Mahindra,Union Bank,Amazon Pay,P2M,292.91,Pending,NA,Bengaluru,Android,1028,True
UPI100003928,2025-06-07,17:45:14,Axis Bank,Union Bank,Mobikwik,P2P,294.03,Failed,Invalid VPA,Ahmedabad,iOS,161,True
UPI100003929,2025-01-20,23:48:35,Axis Bank,ICICI,Google Pay,Fund Transfer,521.0,Success,NA,Ahmedabad,Android,2293,False
UPI100003930,2025-01-28,23:34:51,Yes Bank,Axis Bank,Amazon Pay,Merchant Payment,883.87,Success,NA,Jaipur,Android,923,False
UPI100003931,2025-02-25,05:54:37,HDFC,Yes Bank,Paytm,P2M,1102.9,Success,NA,Lucknow,Android,1872,False
UPI100003932,2025-03-30,09:19:10,SBI,Union Bank,Mobikwik,Fund Transfer,1696.51,Success,NA,Lucknow,Android,259,True
UPI100003933,2025-01-27,03:26:12,Yes Bank,HDFC,PhonePe,Fund Transfer,1024.8,Success,NA,Kolkata,Android,73,False
UPI100003934,2025-09-04,02:14:24,HDFC,ICICI,PhonePe,Merchant Payment,4985.05,Failed,Network Timeout,Kolkata,iOS,258,False
UPI100003935,2025-07-12,02:04:20,SBI,Bank of Baroda,Amazon Pay,Recharge,380.3,Success,NA,Kolkata,iOS,199,True
UPI100003936,2025-07-17,00:00:38,Punjab National Bank,Bank of Baroda,CRED,P2P,24.09,Success,NA,Delhi,Android,2305,False
UPI100003937,2025-02-08,10:08:59,ICICI,Kotak Mahindra,PhonePe,Fund Transfer,2109.41,Failed,Daily Limit Exceeded,Chandigarh,iOS,424,True
UPI100003938,2025-12-06,13:59:56,Canara Bank,HDFC,WhatsApp Pay,Recharge,1656.66,Success,NA,Hyderabad,Android,731,True
UPI100003939,2025-11-25,08:18:37,IDBI Bank,IDBI Bank,Mobikwik,P2M,2102.06,Success,NA,Patiala,Android,544,False
UPI100003940,2025-03-27,13:04:15,IndusInd Bank,IndusInd Bank,Amazon Pay,P2M,536.56,Failed,Insufficient Balance,Lucknow,Android,1188,False
UPI100003941,2025-01-27,07:21:47,HDFC,Union Bank,CRED,Merchant Payment,765.05,Pending,NA,Amritsar,Android,993,False
UPI100003942,2025-10-25,18:17:14,Punjab National Bank,Axis Bank,Paytm,P2M,32.72,Failed,Bank Server Down,Delhi,iOS,355,True
UPI100003943,2025-01-05,18:48:57,Yes Bank,HDFC,WhatsApp Pay,Fund Transfer,1229.99,Failed,Network Timeout,Amritsar,iOS,239,True
UPI100003944,2025-05-02,02:08:41,IDBI Bank,Kotak Mahindra,Mobikwik,Fund Transfer,52.19,Pending,NA,Jaipur,iOS,607,False
UPI100003945,2025-11-23,07:23:39,IndusInd Bank,Yes Bank,Paytm,Bill Payment,2336.18,Success,NA,Mumbai,iOS,2112,True
UPI100003946,2025-03-01,22:14:46,Axis Bank,Canara Bank,Google Pay,P2P,1420.7,Failed,PSP Server Error,Pune,Android,1935,True
UPI100003947,2025-02-02,14:39:36,SBI,IDBI Bank,CRED,P2P,585.99,Success,NA,Patiala,iOS,1575,True
UPI100003948,2025-04-24,05:37:12,SBI,IndusInd Bank,BHIM,Recharge,423.7,Failed,Account Blocked/Frozen,Lucknow,iOS,870,False
UPI100003949,2025-02-14,05:01:10,Punjab National Bank,IndusInd Bank,PhonePe,P2M,743.78,Pending,NA,Mumbai,iOS,1484,False
UPI100003950,2025-05-29,18:38:16,IDBI Bank,HDFC,WhatsApp Pay,Bill Payment,405.62,Failed,Daily Limit Exceeded,Kolkata,Android,458,False
UPI100003951,2025-03-31,21:03:31,Punjab National Bank,Canara Bank,BHIM,P2P,541.71,Success,NA,Jalandhar,iOS,226,False
UPI100003952,2025-08-23,09:59:21,Canara Bank,SBI,Amazon Pay,Fund Transfer,648.44,Failed,Transaction Timeout,Lucknow,Android,519,True
UPI100003953,2025-04-19,01:11:01,IndusInd Bank,Union Bank,Paytm,P2P,5218.91,Success,NA,Chandigarh,Android,167,True
UPI100003954,2025-06-15,12:54:53,Yes Bank,SBI,BHIM,Fund Transfer,1287.22,Success,NA,Kolkata,Android,286,True
UPI100003955,2025-04-10,10:12:25,SBI,Canara Bank,Mobikwik,Merchant Payment,2755.91,Failed,Bank Server Down,Pune,iOS,1020,False
UPI100003956,2025-06-02,02:30:46,Union Bank,Punjab National Bank,Mobikwik,Recharge,1604.03,Failed,Daily Limit Exceeded,Pune,iOS,654,False
UPI100003957,2025-09-06,03:20:27,Axis Bank,Canara Bank,WhatsApp Pay,Fund Transfer,417.74,Failed,Invalid VPA,Pune,Android,2248,True
UPI100003958,2025-07-16,17:23:00,IndusInd Bank,Bank of Baroda,Amazon Pay,P2M,333.93,Failed,Account Blocked/Frozen,Hyderabad,iOS,165,False
UPI100003959,2025-05-10,05:39:52,IDBI Bank,Union Bank,BHIM,P2P,3284.52,Failed,Incorrect UPI PIN,Pune,Android,181,True
UPI100003960,2025-12-14,11:30:52,Canara Bank,HDFC,Paytm,P2P,771.73,Success,NA,Bengaluru,Android,301,True
UPI100003961,2025-03-04,15:47:47,Yes Bank,IndusInd Bank,Paytm,P2P,3059.94,Failed,Duplicate Transaction,Patiala,Android,894,False
UPI100003962,2025-10-05,04:57:51,HDFC,Kotak Mahindra,Amazon Pay,Fund Transfer,6659.98,Failed,Insufficient Balance,Pune,Android,164,True
UPI100003963,2025-07-12,19:26:21,ICICI,IndusInd Bank,Google Pay,P2P,587.47,Success,NA,Chandigarh,iOS,572,True
UPI100003964,2025-12-18,23:46:45,Union Bank,IDBI Bank,CRED,Recharge,1600.75,Success,NA,Jalandhar,Android,931,False
UPI100003965,2025-10-29,08:33:45,Punjab National Bank,IndusInd Bank,PhonePe,Fund Transfer,433.53,Failed,Transaction Timeout,Mumbai,Android,662,False
UPI100003966,2025-07-14,14:06:57,Bank of Baroda,Punjab National Bank,Amazon Pay,Merchant Payment,1601.17,Failed,Transaction Timeout,Lucknow,iOS,285,False
UPI100003967,2025-04-11,01:18:37,Bank of Baroda,ICICI,BHIM,P2M,2620.84,Success,NA,Amritsar,iOS,628,False
UPI100003968,2025-11-10,05:23:32,SBI,IDBI Bank,Mobikwik,Fund Transfer,1420.37,Success,NA,Hyderabad,iOS,72,False
UPI100003969,2025-01-10,02:06:51,Punjab National Bank,Bank of Baroda,BHIM,Fund Transfer,3163.24,Success,NA,Chandigarh,iOS,965,False
UPI100003970,2025-07-15,02:10:39,Punjab National Bank,IndusInd Bank,Google Pay,P2P,1457.0,Failed,Transaction Timeout,Jalandhar,iOS,3315,False
UPI100003971,2025-03-30,01:15:38,ICICI,Kotak Mahindra,BHIM,Bill Payment,2219.65,Success,NA,Chandigarh,iOS,1960,True
UPI100003972,2025-10-24,05:39:01,Bank of Baroda,Kotak Mahindra,Mobikwik,Fund Transfer,2463.66,Success,NA,Chandigarh,Android,378,False
UPI100003973,2025-10-19,14:20:32,Union Bank,HDFC,BHIM,Merchant Payment,99.74,Pending,NA,Jalandhar,iOS,872,True
UPI100003974,2025-01-09,23:40:03,Bank of Baroda,SBI,Mobikwik,P2M,504.02,Success,NA,Ahmedabad,iOS,502,False
UPI100003975,2025-06-10,20:06:09,SBI,IndusInd Bank,BHIM,Merchant Payment,210.93,Success,NA,Delhi,iOS,619,False
UPI100003976,2025-07-24,19:47:07,Kotak Mahindra,Canara Bank,CRED,P2P,1561.74,Failed,Bank Server Down,Lucknow,Android,2031,False
UPI100003977,2025-11-16,20:07:39,HDFC,Union Bank,WhatsApp Pay,P2M,1441.37,Failed,Beneficiary Bank Unavailable,Delhi,Android,2487,True
UPI100003978,2025-03-01,06:16:15,ICICI,Axis Bank,BHIM,Recharge,446.67,Success,NA,Delhi,iOS,546,True
UPI100003979,2025-05-30,05:07:50,Bank of Baroda,SBI,Mobikwik,P2P,4959.83,Success,NA,Delhi,Android,337,False
UPI100003980,2025-08-27,10:23:52,Axis Bank,ICICI,Paytm,P2M,725.16,Success,NA,Jaipur,iOS,203,False
UPI100003981,2025-03-21,16:55:11,Union Bank,Bank of Baroda,WhatsApp Pay,P2P,32.27,Failed,Beneficiary Bank Unavailable,Ludhiana,iOS,602,False
UPI100003982,2025-04-21,10:25:10,IndusInd Bank,IDBI Bank,CRED,P2M,1036.97,Success,NA,Delhi,Android,599,False
UPI100003983,2025-01-02,11:21:00,HDFC,Yes Bank,Paytm,P2P,463.62,Success,NA,Lucknow,iOS,314,False
UPI100003984,2025-02-04,22:16:08,Punjab National Bank,Bank of Baroda,CRED,Fund Transfer,983.11,Success,NA,Jaipur,iOS,528,False
UPI100003985,2025-11-24,22:22:24,Yes Bank,Punjab National Bank,BHIM,Merchant Payment,1574.09,Success,NA,Jalandhar,iOS,122,False
UPI100003986,2025-06-23,08:33:13,Punjab National Bank,Canara Bank,Mobikwik,Fund Transfer,2408.51,Success,NA,Jaipur,Android,168,False
UPI100003987,2025-04-18,09:06:31,HDFC,Axis Bank,Mobikwik,Merchant Payment,88.45,Pending,NA,Mumbai,iOS,1212,False
UPI100003988,2025-11-05,06:26:36,IndusInd Bank,IndusInd Bank,CRED,P2M,1234.98,Success,NA,Jalandhar,iOS,1516,False
UPI100003989,2025-12-22,06:40:19,IDBI Bank,Kotak Mahindra,Google Pay,P2M,9652.77,Pending,NA,Mumbai,Android,283,False
UPI100003990,2025-04-15,14:30:01,Axis Bank,HDFC,Google Pay,Fund Transfer,2188.7,Pending,NA,Chandigarh,Android,141,False
UPI100003991,2025-02-07,02:58:49,Kotak Mahindra,IDBI Bank,BHIM,P2P,1082.91,Success,NA,Kolkata,Android,610,False
UPI100003992,2025-01-02,07:42:17,Bank of Baroda,ICICI,CRED,Recharge,4159.7,Success,NA,Jaipur,Android,1103,False
UPI100003993,2025-04-18,20:42:19,Axis Bank,SBI,CRED,Fund Transfer,1204.46,Success,NA,Amritsar,iOS,289,False
UPI100003994,2025-12-20,07:45:17,SBI,IndusInd Bank,Google Pay,Fund Transfer,1428.25,Pending,NA,Chandigarh,iOS,700,True
UPI100003995,2025-01-06,15:43:13,Yes Bank,HDFC,WhatsApp Pay,P2P,85.86,Success,NA,Hyderabad,iOS,1559,False
UPI100003996,2025-10-26,13:22:01,Canara Bank,SBI,Google Pay,Fund Transfer,208.56,Reversed,Bank Server Down,Ludhiana,iOS,392,True
UPI100003997,2025-08-06,21:23:26,IDBI Bank,Kotak Mahindra,WhatsApp Pay,Bill Payment,2287.09,Failed,Daily Limit Exceeded,Lucknow,Android,142,False
UPI100003998,2025-02-24,21:00:50,Yes Bank,IndusInd Bank,CRED,Bill Payment,1198.08,Failed,NPCI Switch Error,Kolkata,iOS,743,False
UPI100003999,2025-07-16,21:17:23,Union Bank,IndusInd Bank,BHIM,Fund Transfer,208.55,Success,NA,Bengaluru,Android,1165,False
UPI100004000,2025-01-25,05:11:08,SBI,Axis Bank,BHIM,P2M,1292.56,Success,NA,Ludhiana,Android,121,True
